{"elements":[{"from":[4.742857,7.142857,8.302623],"to":[6.457143,8.857143,14.588337],"rotation":{"angle":-22.5,"axis":"y","origin":[7.142857,8.0,11.445479]},"faces":{"east":{"uv":[11.5,3.25,12.875,3.625],"rotation":0,"texture":"#0","tintindex":0},"south":{"uv":[10.875,13.625,11.25,14.0],"rotation":0,"texture":"#0","tintindex":0},"north":{"uv":[10.5,13.625,10.875,14.0],"rotation":0,"texture":"#0","tintindex":0},"west":{"uv":[11.75,0.875,13.125,1.25],"rotation":0,"texture":"#0","tintindex":0},"up":{"uv":[10.375,12.625,10.0,11.25],"rotation":0,"texture":"#0","tintindex":0},"down":{"uv":[4.375,11.75,4.0,13.125],"rotation":0,"texture":"#0","tintindex":0}}},{"from":[3.7228265,7.428571,13.430661],"to":[4.8656836,8.571428,17.43066],"rotation":{"angle":0.0,"axis":"y","origin":[6.1228266,8.0,16.573519]},"faces":{"east":{"uv":[12.875,3.375,13.75,3.625],"rotation":0,"texture":"#0","tintindex":0},"south":{"uv":[2.5,7.0,2.75,7.25],"rotation":0,"texture":"#0","tintindex":0},"north":{"uv":[6.0,4.125,6.25,4.375],"rotation":0,"texture":"#0","tintindex":0},"west":{"uv":[13.0,4.75,13.875,5.0],"rotation":0,"texture":"#0","tintindex":0},"up":{"uv":[13.5,3.375,13.25,2.5],"rotation":0,"texture":"#0","tintindex":0},"down":{"uv":[2.875,13.25,2.625,14.125],"rotation":0,"texture":"#0","tintindex":0}}},{"from":[9.542857,7.142857,8.302623],"to":[11.257143,8.857143,14.588337],"rotation":{"angle":22.5,"axis":"y","origin":[8.857143,8.0,11.445479]},"faces":{"east":{"uv":[4.375,11.75,5.75,12.125],"rotation":0,"texture":"#0","tintindex":0},"south":{"uv":[11.625,13.625,12.0,14.0],"rotation":0,"texture":"#0","tintindex":0},"north":{"uv":[11.25,13.625,11.625,14.0],"rotation":0,"texture":"#0","tintindex":0},"west":{"uv":[11.875,11.375,13.25,11.75],"rotation":0,"texture":"#0","tintindex":0},"up":{"uv":[6.125,13.125,5.75,11.75],"rotation":0,"texture":"#0","tintindex":0},"down":{"uv":[6.5,11.875,6.125,13.25],"rotation":0,"texture":"#0","tintindex":0}}},{"from":[11.134316,7.428571,13.430661],"to":[12.277174,8.571428,17.43066],"rotation":{"angle":0.0,"axis":"y","origin":[9.877173,8.0,16.573519]},"faces":{"east":{"uv":[13.125,0.875,14.0,1.125],"rotation":0,"texture":"#0","tintindex":0},"south":{"uv":[11.0,9.125,11.25,9.375],"rotation":0,"texture":"#0","tintindex":0},"north":{"uv":[10.75,7.625,11.0,7.875],"rotation":0,"texture":"#0","tintindex":0},"west":{"uv":[13.125,10.0,14.0,10.25],"rotation":0,"texture":"#0","tintindex":0},"up":{"uv":[3.125,14.125,2.875,13.25],"rotation":0,"texture":"#0","tintindex":0},"down":{"uv":[3.375,13.25,3.125,14.125],"rotation":0,"texture":"#0","tintindex":0}}}],"textures":{"0":"modelengine:entity/salamander"},"display":{"head":{"translation":[0.0,-6.4,0.0],"scale":[4.0,4.0,4.0]}}}