{"elements":[{"from":[4.0,6.604031,1.1745596],"to":[12.0,8.889746,8.031703],"rotation":{"angle":0.0,"axis":"y","origin":[8.0,4.3183165,21.74599]},"faces":{"east":{"uv":[1.5,11.0,3.0,11.5],"rotation":0,"texture":"#0","tintindex":0},"south":{"uv":[8.75,10.75,10.5,11.25],"rotation":0,"texture":"#0","tintindex":0},"north":{"uv":[10.75,7.125,12.5,7.625],"rotation":0,"texture":"#0","tintindex":0},"west":{"uv":[11.0,7.625,12.5,8.125],"rotation":0,"texture":"#0","tintindex":0},"up":{"uv":[9.0,8.125,7.25,6.625],"rotation":0,"texture":"#0","tintindex":0},"down":{"uv":[4.25,7.375,2.5,8.875],"rotation":0,"texture":"#0","tintindex":0}}},{"from":[5.714286,6.604031,-1.6825829],"to":[10.285714,8.889746,1.1745596],"rotation":{"angle":0.0,"axis":"y","origin":[8.0,4.3183165,21.74599]},"faces":{"east":{"uv":[12.75,10.625,13.375,11.125],"rotation":0,"texture":"#0","tintindex":0},"south":{"uv":[11.875,11.75,12.875,12.25],"rotation":0,"texture":"#0","tintindex":0},"north":{"uv":[1.5,9.75,2.5,10.25],"rotation":0,"texture":"#0","tintindex":0},"west":{"uv":[12.875,5.75,13.5,6.25],"rotation":0,"texture":"#0","tintindex":0},"up":{"uv":[7.25,5.75,6.25,5.125],"rotation":0,"texture":"#0","tintindex":0},"down":{"uv":[5.25,7.375,4.25,8.0],"rotation":0,"texture":"#0","tintindex":0}}},{"from":[3.9653368,6.604031,-0.48475838],"to":[7.3939085,8.889746,2.372385],"rotation":{"angle":45.0,"axis":"y","origin":[5.108194,7.746888,0.9438133]},"faces":{"east":{"uv":[8.75,12.875,9.375,13.375],"rotation":0,"texture":"#0","tintindex":0},"south":{"uv":[12.5,2.0,13.25,2.5],"rotation":0,"texture":"#0","tintindex":0},"north":{"uv":[2.75,5.5,3.5,6.0],"rotation":0,"texture":"#0","tintindex":0},"west":{"uv":[10.875,12.875,11.5,13.375],"rotation":0,"texture":"#0","tintindex":0},"up":{"uv":[8.0,12.625,7.25,12.0],"rotation":0,"texture":"#0","tintindex":0},"down":{"uv":[8.75,12.0,8.0,12.625],"rotation":0,"texture":"#0","tintindex":0}}},{"from":[8.6060915,6.604031,-0.48475838],"to":[12.034663,8.889746,2.372385],"rotation":{"angle":-45.0,"axis":"y","origin":[10.891806,7.746888,0.9438133]},"faces":{"east":{"uv":[11.5,12.875,12.125,13.375],"rotation":0,"texture":"#0","tintindex":0},"south":{"uv":[12.5,8.625,13.25,9.125],"rotation":0,"texture":"#0","tintindex":0},"north":{"uv":[12.5,5.0,13.25,5.5],"rotation":0,"texture":"#0","tintindex":0},"west":{"uv":[12.875,11.75,13.5,12.25],"rotation":0,"texture":"#0","tintindex":0},"up":{"uv":[9.5,12.625,8.75,12.0],"rotation":0,"texture":"#0","tintindex":0},"down":{"uv":[12.75,9.125,12.0,9.75],"rotation":0,"texture":"#0","tintindex":0}}},{"from":[5.142857,8.889746,-0.13972664],"to":[10.857143,11.17546,6.7174172],"rotation":{"angle":-22.5,"axis":"x","origin":[8.0,7.746888,4.6031313]},"faces":{"east":{"uv":[11.0,8.125,12.5,8.625],"rotation":0,"texture":"#0","tintindex":0},"south":{"uv":[3.0,11.125,4.25,11.625],"rotation":0,"texture":"#0","tintindex":0},"north":{"uv":[8.75,2.375,10.0,2.875],"rotation":0,"texture":"#0","tintindex":0},"west":{"uv":[11.0,8.625,12.5,9.125],"rotation":0,"texture":"#0","tintindex":0},"up":{"uv":[10.75,5.875,9.5,4.375],"rotation":0,"texture":"#0","tintindex":0},"down":{"uv":[11.0,8.0,9.75,9.5],"rotation":0,"texture":"#0","tintindex":0}}},{"from":[4.0,8.889746,5.1745596],"to":[12.0,11.746888,8.031703],"rotation":{"angle":0.0,"axis":"y","origin":[8.0,4.3183165,21.74599]},"faces":{"east":{"uv":[4.875,12.125,5.5,12.75],"rotation":0,"texture":"#0","tintindex":0},"south":{"uv":[10.75,4.25,12.5,4.875],"rotation":0,"texture":"#0","tintindex":0},"north":{"uv":[4.25,10.5,6.0,11.125],"rotation":0,"texture":"#0","tintindex":0},"west":{"uv":[12.25,5.75,12.875,6.375],"rotation":0,"texture":"#0","tintindex":0},"up":{"uv":[12.5,5.5,10.75,4.875],"rotation":0,"texture":"#0","tintindex":0},"down":{"uv":[12.5,6.5,10.75,7.125],"rotation":0,"texture":"#0","tintindex":0}}},{"from":[4.0,8.889746,1.7459884],"to":[6.285714,11.746888,4.6031313],"rotation":{"angle":-22.5,"axis":"y","origin":[5.142857,10.318317,2.6031313]},"faces":{"east":{"uv":[11.125,12.25,11.75,12.875],"rotation":0,"texture":"#0","tintindex":0},"south":{"uv":[12.875,12.875,13.375,13.5],"rotation":0,"texture":"#0","tintindex":0},"north":{"uv":[12.875,12.25,13.375,12.875],"rotation":0,"texture":"#0","tintindex":0},"west":{"uv":[11.75,12.25,12.375,12.875],"rotation":0,"texture":"#0","tintindex":0},"up":{"uv":[13.5,0.625,13.0,0.0],"rotation":0,"texture":"#0","tintindex":0},"down":{"uv":[13.5,1.25,13.0,1.875],"rotation":0,"texture":"#0","tintindex":0}}},{"from":[9.714286,8.889746,1.7459884],"to":[12.0,11.746888,4.6031313],"rotation":{"angle":22.5,"axis":"y","origin":[10.857143,10.318317,2.6031313]},"faces":{"east":{"uv":[12.375,0.0,13.0,0.625],"rotation":0,"texture":"#0","tintindex":0},"south":{"uv":[13.0,4.125,13.5,4.75],"rotation":0,"texture":"#0","tintindex":0},"north":{"uv":[1.5,13.0,2.0,13.625],"rotation":0,"texture":"#0","tintindex":0},"west":{"uv":[1.5,12.375,2.125,13.0],"rotation":0,"texture":"#0","tintindex":0},"up":{"uv":[13.5,6.875,13.0,6.25],"rotation":0,"texture":"#0","tintindex":0},"down":{"uv":[13.5,6.875,13.0,7.5],"rotation":0,"texture":"#0","tintindex":0}}},{"from":[4.0,5.461174,1.7459884],"to":[12.0,6.604031,8.031703],"rotation":{"angle":0.0,"axis":"y","origin":[8.0,4.3183165,21.74599]},"faces":{"east":{"uv":[12.75,3.875,14.125,4.125],"rotation":0,"texture":"#0","tintindex":0},"south":{"uv":[12.0,10.375,13.75,10.625],"rotation":0,"texture":"#0","tintindex":0},"north":{"uv":[7.0,1.5,8.75,1.75],"rotation":0,"texture":"#0","tintindex":0},"west":{"uv":[12.75,9.125,14.125,9.375],"rotation":0,"texture":"#0","tintindex":0},"up":{"uv":[10.75,8.0,9.0,6.625],"rotation":0,"texture":"#0","tintindex":0},"down":{"uv":[9.75,9.0,8.0,10.375],"rotation":0,"texture":"#0","tintindex":0}}},{"from":[5.714286,5.461174,-1.1111546],"to":[10.285714,6.604031,1.7459884],"rotation":{"angle":0.0,"axis":"y","origin":[8.0,3.1754594,21.74599]},"faces":{"east":{"uv":[13.5,11.625,14.125,11.875],"rotation":0,"texture":"#0","tintindex":0},"south":{"uv":[8.75,10.375,9.75,10.625],"rotation":0,"texture":"#0","tintindex":0},"north":{"uv":[6.25,5.75,7.25,6.0],"rotation":0,"texture":"#0","tintindex":0},"west":{"uv":[13.5,11.875,14.125,12.125],"rotation":0,"texture":"#0","tintindex":0},"up":{"uv":[5.25,11.75,4.25,11.125],"rotation":0,"texture":"#0","tintindex":0},"down":{"uv":[6.25,11.125,5.25,11.75],"rotation":0,"texture":"#0","tintindex":0}}},{"from":[3.9653368,5.746888,-0.1500225],"to":[6.8224797,6.889745,2.1356916],"rotation":{"angle":45.0,"axis":"y","origin":[5.108194,6.889745,0.7071204]},"faces":{"east":{"uv":[13.625,12.125,14.125,12.375],"rotation":0,"texture":"#0","tintindex":0},"south":{"uv":[12.625,13.5,13.25,13.75],"rotation":0,"texture":"#0","tintindex":0},"north":{"uv":[12.0,13.5,12.625,13.75],"rotation":0,"texture":"#0","tintindex":0},"west":{"uv":[13.625,12.375,14.125,12.625],"rotation":0,"texture":"#0","tintindex":0},"up":{"uv":[13.625,8.0,13.0,7.5],"rotation":0,"texture":"#0","tintindex":0},"down":{"uv":[13.625,8.0,13.0,8.5],"rotation":0,"texture":"#0","tintindex":0}}},{"from":[9.17752,5.746888,-0.1500225],"to":[12.034663,6.889745,2.1356916],"rotation":{"angle":-45.0,"axis":"y","origin":[10.891806,6.889745,0.7071204]},"faces":{"east":{"uv":[13.625,12.625,14.125,12.875],"rotation":0,"texture":"#0","tintindex":0},"south":{"uv":[13.625,1.875,14.25,2.125],"rotation":0,"texture":"#0","tintindex":0},"north":{"uv":[1.5,13.625,2.125,13.875],"rotation":0,"texture":"#0","tintindex":0},"west":{"uv":[13.625,13.375,14.125,13.625],"rotation":0,"texture":"#0","tintindex":0},"up":{"uv":[12.75,13.5,12.125,13.0],"rotation":0,"texture":"#0","tintindex":0},"down":{"uv":[2.625,13.125,2.0,13.625],"rotation":0,"texture":"#0","tintindex":0}}}],"textures":{"0":"modelengine:entity/salamander"},"display":{"head":{"translation":[0.0,-6.4,0.0],"scale":[4.0,4.0,4.0]}}}