{"elements":[{"from":[6.488312,6.640461,5.697054],"to":[9.345454,8.354747,8.554196],"rotation":{"angle":0.0,"axis":"y","origin":[7.916883,8.926175,8.268482]},"faces":{"east":{"uv":[3.5,9.875,4.125,10.25],"rotation":0,"texture":"#0","tintindex":0},"south":{"uv":[9.875,3.5,10.5,3.875],"rotation":0,"texture":"#0","tintindex":0},"north":{"uv":[1.875,9.875,2.5,10.25],"rotation":0,"texture":"#0","tintindex":0},"west":{"uv":[9.875,3.875,10.5,4.25],"rotation":0,"texture":"#0","tintindex":0},"up":{"uv":[6.0,9.25,5.375,8.625],"rotation":0,"texture":"#0","tintindex":0},"down":{"uv":[6.625,8.625,6.0,9.25],"rotation":0,"texture":"#0","tintindex":0}}},{"from":[5.916883,6.926175,5.697054],"to":[9.916883,8.069033,6.839911],"rotation":{"angle":-45.0,"axis":"x","origin":[7.916883,7.497604,6.268482]},"faces":{"east":{"uv":[8.875,7.375,9.125,7.625],"rotation":0,"texture":"#0","tintindex":0},"south":{"uv":[10.0,2.125,10.875,2.375],"rotation":0,"texture":"#0","tintindex":0},"north":{"uv":[10.0,1.0,10.875,1.25],"rotation":0,"texture":"#0","tintindex":0},"west":{"uv":[9.0,1.375,9.25,1.625],"rotation":0,"texture":"#0","tintindex":0},"up":{"uv":[8.375,10.25,7.5,10.0],"rotation":0,"texture":"#0","tintindex":0},"down":{"uv":[3.375,10.125,2.5,10.375],"rotation":0,"texture":"#0","tintindex":0}}},{"from":[6.202597,8.354747,4.9541965],"to":[9.631168,9.497604,6.6684823],"rotation":{"angle":-22.5,"axis":"x","origin":[7.916883,8.926175,8.268482]},"faces":{"east":{"uv":[9.125,8.0,9.5,8.25],"rotation":0,"texture":"#0","tintindex":0},"south":{"uv":[8.25,10.25,9.0,10.5],"rotation":0,"texture":"#0","tintindex":0},"north":{"uv":[10.25,8.0,11.0,8.25],"rotation":0,"texture":"#0","tintindex":0},"west":{"uv":[10.375,6.625,10.75,6.875],"rotation":0,"texture":"#0","tintindex":0},"up":{"uv":[9.875,9.875,9.125,9.5],"rotation":0,"texture":"#0","tintindex":0},"down":{"uv":[10.375,4.25,9.625,4.625],"rotation":0,"texture":"#0","tintindex":0}}},{"from":[5.4025974,6.61308,3.8029332],"to":[6.5454545,7.755937,5.517219],"rotation":{"angle":22.5,"axis":"y","origin":[6.5454545,7.1845083,3.974362]},"faces":{"east":{"uv":[0.5,10.5,0.875,10.75],"rotation":0,"texture":"#0","tintindex":0},"south":{"uv":[4.625,10.75,4.875,11.0],"rotation":0,"texture":"#0","tintindex":0},"north":{"uv":[8.375,10.0,8.625,10.25],"rotation":0,"texture":"#0","tintindex":0},"west":{"uv":[0.875,10.5,1.25,10.75],"rotation":0,"texture":"#0","tintindex":0},"up":{"uv":[1.5,10.875,1.25,10.5],"rotation":0,"texture":"#0","tintindex":0},"down":{"uv":[1.75,10.5,1.5,10.875],"rotation":0,"texture":"#0","tintindex":0}}},{"from":[6.8311687,6.61308,3.6886477],"to":[7.974026,7.755937,5.4029336],"rotation":{"angle":0.0,"axis":"y","origin":[6.774026,7.0130796,4.5457907]},"faces":{"east":{"uv":[10.5,2.625,10.875,2.875],"rotation":0,"texture":"#0","tintindex":0},"south":{"uv":[6.5,10.75,6.75,11.0],"rotation":0,"texture":"#0","tintindex":0},"north":{"uv":[5.75,10.75,6.0,11.0],"rotation":0,"texture":"#0","tintindex":0},"west":{"uv":[3.25,10.5,3.625,10.75],"rotation":0,"texture":"#0","tintindex":0},"up":{"uv":[10.75,3.625,10.5,3.25],"rotation":0,"texture":"#0","tintindex":0},"down":{"uv":[3.875,10.5,3.625,10.875],"rotation":0,"texture":"#0","tintindex":0}}},{"from":[8.088312,6.61308,3.6886477],"to":[9.231169,7.755937,5.4029336],"rotation":{"angle":0.0,"axis":"y","origin":[9.288312,7.0130796,4.5457907]},"faces":{"east":{"uv":[7.25,10.5,7.625,10.75],"rotation":0,"texture":"#0","tintindex":0},"south":{"uv":[7.25,10.75,7.5,11.0],"rotation":0,"texture":"#0","tintindex":0},"north":{"uv":[7.0,10.75,7.25,11.0],"rotation":0,"texture":"#0","tintindex":0},"west":{"uv":[7.625,10.5,8.0,10.75],"rotation":0,"texture":"#0","tintindex":0},"up":{"uv":[8.25,10.875,8.0,10.5],"rotation":0,"texture":"#0","tintindex":0},"down":{"uv":[8.5,10.5,8.25,10.875],"rotation":0,"texture":"#0","tintindex":0}}},{"from":[9.516883,6.61308,3.8029332],"to":[10.65974,7.755937,5.517219],"rotation":{"angle":-22.5,"axis":"y","origin":[9.516883,7.1845083,3.974362]},"faces":{"east":{"uv":[10.5,6.125,10.875,6.375],"rotation":0,"texture":"#0","tintindex":0},"south":{"uv":[6.75,10.75,7.0,11.0],"rotation":0,"texture":"#0","tintindex":0},"north":{"uv":[10.75,6.625,11.0,6.875],"rotation":0,"texture":"#0","tintindex":0},"west":{"uv":[6.5,10.5,6.875,10.75],"rotation":0,"texture":"#0","tintindex":0},"up":{"uv":[4.125,10.875,3.875,10.5],"rotation":0,"texture":"#0","tintindex":0},"down":{"uv":[5.25,10.5,5.0,10.875],"rotation":0,"texture":"#0","tintindex":0}}},{"from":[10.088312,6.61308,2.0886478],"to":[10.088312,7.755937,3.8029332],"rotation":{"angle":-22.5,"axis":"y","origin":[9.516883,7.1845083,3.974362]},"faces":{"east":{"uv":[4.625,10.5,5.0,10.75],"rotation":0,"texture":"#0","tintindex":0},"south":{"uv":[0.0,0.0,0.0,0.25],"rotation":0,"texture":"#0","tintindex":0},"north":{"uv":[0.0,0.0,0.0,0.25],"rotation":0,"texture":"#0","tintindex":0},"west":{"uv":[10.5,5.875,10.875,6.125],"rotation":0,"texture":"#0","tintindex":0},"up":{"uv":[0.0,0.375,0.0,0.0],"rotation":0,"texture":"#0","tintindex":0},"down":{"uv":[0.0,0.0,0.0,0.375],"rotation":0,"texture":"#0","tintindex":0}}},{"from":[8.65974,6.61308,1.9743619],"to":[8.65974,7.755937,3.6886477],"rotation":{"angle":0.0,"axis":"y","origin":[9.288312,7.0130796,4.5457907]},"faces":{"east":{"uv":[6.875,10.5,7.25,10.75],"rotation":0,"texture":"#0","tintindex":0},"south":{"uv":[0.0,0.0,0.0,0.25],"rotation":0,"texture":"#0","tintindex":0},"north":{"uv":[0.0,0.0,0.0,0.25],"rotation":0,"texture":"#0","tintindex":0},"west":{"uv":[10.5,6.875,10.875,7.125],"rotation":0,"texture":"#0","tintindex":0},"up":{"uv":[0.0,0.375,0.0,0.0],"rotation":0,"texture":"#0","tintindex":0},"down":{"uv":[0.0,0.0,0.0,0.375],"rotation":0,"texture":"#0","tintindex":0}}},{"from":[7.4025974,6.61308,1.9743619],"to":[7.4025974,7.755937,3.6886477],"rotation":{"angle":0.0,"axis":"y","origin":[6.774026,7.0130796,4.5457907]},"faces":{"east":{"uv":[10.5,3.625,10.875,3.875],"rotation":0,"texture":"#0","tintindex":0},"south":{"uv":[0.0,0.0,0.0,0.25],"rotation":0,"texture":"#0","tintindex":0},"north":{"uv":[0.0,0.0,0.0,0.25],"rotation":0,"texture":"#0","tintindex":0},"west":{"uv":[10.5,3.875,10.875,4.125],"rotation":0,"texture":"#0","tintindex":0},"up":{"uv":[0.0,0.375,0.0,0.0],"rotation":0,"texture":"#0","tintindex":0},"down":{"uv":[0.0,0.0,0.0,0.375],"rotation":0,"texture":"#0","tintindex":0}}},{"from":[5.9740257,6.61308,2.0886478],"to":[5.9740257,7.755937,3.8029332],"rotation":{"angle":22.5,"axis":"y","origin":[6.5454545,7.1845083,3.974362]},"faces":{"east":{"uv":[1.75,10.5,2.125,10.75],"rotation":0,"texture":"#0","tintindex":0},"south":{"uv":[0.0,0.0,0.0,0.25],"rotation":0,"texture":"#0","tintindex":0},"north":{"uv":[0.0,0.0,0.0,0.25],"rotation":0,"texture":"#0","tintindex":0},"west":{"uv":[10.5,2.375,10.875,2.625],"rotation":0,"texture":"#0","tintindex":0},"up":{"uv":[0.0,0.375,0.0,0.0],"rotation":0,"texture":"#0","tintindex":0},"down":{"uv":[0.0,0.0,0.0,0.375],"rotation":0,"texture":"#0","tintindex":0}}}],"textures":{"0":"modelengine:entity/red_tiger"},"display":{"head":{"translation":[0.0,-6.4,0.0],"scale":[4.0,4.0,4.0]}}}