{"elements":[{"from":[6.488312,6.7547464,5.697054],"to":[9.345454,8.469032,8.554196],"rotation":{"angle":0.0,"axis":"y","origin":[7.916883,9.040461,8.268482]},"faces":{"east":{"uv":[9.875,6.0,10.5,6.375],"rotation":0,"texture":"#0","tintindex":0},"south":{"uv":[9.875,6.875,10.5,7.25],"rotation":0,"texture":"#0","tintindex":0},"north":{"uv":[4.625,9.875,5.25,10.25],"rotation":0,"texture":"#0","tintindex":0},"west":{"uv":[9.125,9.875,9.75,10.25],"rotation":0,"texture":"#0","tintindex":0},"up":{"uv":[9.5,0.625,8.875,0.0],"rotation":0,"texture":"#0","tintindex":0},"down":{"uv":[9.5,2.875,8.875,3.5],"rotation":0,"texture":"#0","tintindex":0}}},{"from":[5.916883,7.040461,5.697054],"to":[9.916883,8.183318,6.839911],"rotation":{"angle":-45.0,"axis":"x","origin":[7.916883,7.6118894,6.268482]},"faces":{"east":{"uv":[10.25,10.75,10.5,11.0],"rotation":0,"texture":"#0","tintindex":0},"south":{"uv":[5.25,10.125,6.125,10.375],"rotation":0,"texture":"#0","tintindex":0},"north":{"uv":[10.125,4.875,11.0,5.125],"rotation":0,"texture":"#0","tintindex":0},"west":{"uv":[10.75,10.375,11.0,10.625],"rotation":0,"texture":"#0","tintindex":0},"up":{"uv":[10.625,10.375,9.75,10.125],"rotation":0,"texture":"#0","tintindex":0},"down":{"uv":[1.375,10.25,0.5,10.5],"rotation":0,"texture":"#0","tintindex":0}}},{"from":[6.202597,8.469032,4.9541965],"to":[9.631168,9.61189,6.6684823],"rotation":{"angle":-22.5,"axis":"x","origin":[7.916883,9.040461,8.268482]},"faces":{"east":{"uv":[3.25,10.75,3.625,11.0],"rotation":0,"texture":"#0","tintindex":0},"south":{"uv":[10.25,8.5,11.0,8.75],"rotation":0,"texture":"#0","tintindex":0},"north":{"uv":[10.25,8.25,11.0,8.5],"rotation":0,"texture":"#0","tintindex":0},"west":{"uv":[10.75,3.25,11.125,3.5],"rotation":0,"texture":"#0","tintindex":0},"up":{"uv":[10.375,5.625,9.625,5.25],"rotation":0,"texture":"#0","tintindex":0},"down":{"uv":[10.375,5.625,9.625,6.0],"rotation":0,"texture":"#0","tintindex":0}}},{"from":[5.4025974,6.7273655,3.8029332],"to":[6.5454545,7.8702226,5.517219],"rotation":{"angle":22.5,"axis":"y","origin":[6.5454545,7.2987943,3.974362]},"faces":{"east":{"uv":[0.875,10.75,1.25,11.0],"rotation":0,"texture":"#0","tintindex":0},"south":{"uv":[10.0,10.75,10.25,11.0],"rotation":0,"texture":"#0","tintindex":0},"north":{"uv":[10.75,9.75,11.0,10.0],"rotation":0,"texture":"#0","tintindex":0},"west":{"uv":[1.75,10.75,2.125,11.0],"rotation":0,"texture":"#0","tintindex":0},"up":{"uv":[9.75,11.0,9.5,10.625],"rotation":0,"texture":"#0","tintindex":0},"down":{"uv":[11.0,2.875,10.75,3.25],"rotation":0,"texture":"#0","tintindex":0}}},{"from":[6.8311687,6.7273655,3.6886477],"to":[7.974026,7.8702226,5.4029336],"rotation":{"angle":0.0,"axis":"y","origin":[6.774026,7.1273656,4.5457907]},"faces":{"east":{"uv":[8.875,10.625,9.25,10.875],"rotation":0,"texture":"#0","tintindex":0},"south":{"uv":[9.75,10.75,10.0,11.0],"rotation":0,"texture":"#0","tintindex":0},"north":{"uv":[10.75,9.5,11.0,9.75],"rotation":0,"texture":"#0","tintindex":0},"west":{"uv":[10.625,9.0,11.0,9.25],"rotation":0,"texture":"#0","tintindex":0},"up":{"uv":[5.75,11.0,5.5,10.625],"rotation":0,"texture":"#0","tintindex":0},"down":{"uv":[9.5,10.625,9.25,11.0],"rotation":0,"texture":"#0","tintindex":0}}},{"from":[8.088312,6.7273655,3.6886477],"to":[9.231169,7.8702226,5.4029336],"rotation":{"angle":0.0,"axis":"y","origin":[9.288312,7.1273656,4.5457907]},"faces":{"east":{"uv":[8.5,10.5,8.875,10.75],"rotation":0,"texture":"#0","tintindex":0},"south":{"uv":[7.75,10.75,8.0,11.0],"rotation":0,"texture":"#0","tintindex":0},"north":{"uv":[7.5,10.75,7.75,11.0],"rotation":0,"texture":"#0","tintindex":0},"west":{"uv":[10.5,8.75,10.875,9.0],"rotation":0,"texture":"#0","tintindex":0},"up":{"uv":[10.75,10.75,10.5,10.375],"rotation":0,"texture":"#0","tintindex":0},"down":{"uv":[0.25,10.625,0.0,11.0],"rotation":0,"texture":"#0","tintindex":0}}},{"from":[9.516883,6.7273655,3.8029332],"to":[10.65974,7.8702226,5.517219],"rotation":{"angle":-22.5,"axis":"y","origin":[9.516883,7.2987943,3.974362]},"faces":{"east":{"uv":[4.125,10.625,4.5,10.875],"rotation":0,"texture":"#0","tintindex":0},"south":{"uv":[10.75,9.25,11.0,9.5],"rotation":0,"texture":"#0","tintindex":0},"north":{"uv":[8.5,10.75,8.75,11.0],"rotation":0,"texture":"#0","tintindex":0},"west":{"uv":[10.625,4.5,11.0,4.75],"rotation":0,"texture":"#0","tintindex":0},"up":{"uv":[0.5,11.0,0.25,10.625],"rotation":0,"texture":"#0","tintindex":0},"down":{"uv":[5.5,10.625,5.25,11.0],"rotation":0,"texture":"#0","tintindex":0}}},{"from":[10.088312,6.7273655,2.0886478],"to":[10.088312,7.8702226,3.8029332],"rotation":{"angle":-22.5,"axis":"y","origin":[9.516883,7.2987943,3.974362]},"faces":{"east":{"uv":[6.0,10.625,6.375,10.875],"rotation":0,"texture":"#0","tintindex":0},"south":{"uv":[0.0,0.0,0.0,0.25],"rotation":0,"texture":"#0","tintindex":0},"north":{"uv":[0.0,0.0,0.0,0.25],"rotation":0,"texture":"#0","tintindex":0},"west":{"uv":[10.625,7.125,11.0,7.375],"rotation":0,"texture":"#0","tintindex":0},"up":{"uv":[0.0,0.375,0.0,0.0],"rotation":0,"texture":"#0","tintindex":0},"down":{"uv":[0.0,0.0,0.0,0.375],"rotation":0,"texture":"#0","tintindex":0}}},{"from":[8.65974,6.7273655,1.9743619],"to":[8.65974,7.8702226,3.6886477],"rotation":{"angle":0.0,"axis":"y","origin":[9.288312,7.1273656,4.5457907]},"faces":{"east":{"uv":[2.125,10.625,2.5,10.875],"rotation":0,"texture":"#0","tintindex":0},"south":{"uv":[0.0,0.0,0.0,0.25],"rotation":0,"texture":"#0","tintindex":0},"north":{"uv":[0.0,0.0,0.0,0.25],"rotation":0,"texture":"#0","tintindex":0},"west":{"uv":[2.5,10.625,2.875,10.875],"rotation":0,"texture":"#0","tintindex":0},"up":{"uv":[0.0,0.375,0.0,0.0],"rotation":0,"texture":"#0","tintindex":0},"down":{"uv":[0.0,0.0,0.0,0.375],"rotation":0,"texture":"#0","tintindex":0}}},{"from":[7.4025974,6.7273655,1.9743619],"to":[7.4025974,7.8702226,3.6886477],"rotation":{"angle":0.0,"axis":"y","origin":[6.774026,7.1273656,4.5457907]},"faces":{"east":{"uv":[10.625,7.375,11.0,7.625],"rotation":0,"texture":"#0","tintindex":0},"south":{"uv":[0.0,0.0,0.0,0.25],"rotation":0,"texture":"#0","tintindex":0},"north":{"uv":[0.0,0.0,0.0,0.25],"rotation":0,"texture":"#0","tintindex":0},"west":{"uv":[10.625,7.625,11.0,7.875],"rotation":0,"texture":"#0","tintindex":0},"up":{"uv":[0.0,0.375,0.0,0.0],"rotation":0,"texture":"#0","tintindex":0},"down":{"uv":[0.0,0.0,0.0,0.375],"rotation":0,"texture":"#0","tintindex":0}}},{"from":[5.9740257,6.7273655,2.0886478],"to":[5.9740257,7.8702226,3.8029332],"rotation":{"angle":22.5,"axis":"y","origin":[6.5454545,7.2987943,3.974362]},"faces":{"east":{"uv":[10.625,10.125,11.0,10.375],"rotation":0,"texture":"#0","tintindex":0},"south":{"uv":[0.0,0.0,0.0,0.25],"rotation":0,"texture":"#0","tintindex":0},"north":{"uv":[0.0,0.0,0.0,0.25],"rotation":0,"texture":"#0","tintindex":0},"west":{"uv":[0.5,10.75,0.875,11.0],"rotation":0,"texture":"#0","tintindex":0},"up":{"uv":[0.0,0.375,0.0,0.0],"rotation":0,"texture":"#0","tintindex":0},"down":{"uv":[0.0,0.0,0.0,0.375],"rotation":0,"texture":"#0","tintindex":0}}}],"textures":{"0":"modelengine:entity/red_tiger"},"display":{"head":{"translation":[0.0,-6.4,0.0],"scale":[4.0,4.0,4.0]}}}