{"elements":[{"from":[6.6545453,6.640461,5.697054],"to":[9.511688,8.354747,8.554196],"rotation":{"angle":0.0,"axis":"y","origin":[8.083117,8.926175,8.268482]},"faces":{"east":{"uv":[10.5,3.875,9.875,4.25],"rotation":0,"texture":"#0","tintindex":0},"south":{"uv":[10.5,3.5,9.875,3.875],"rotation":0,"texture":"#0","tintindex":0},"north":{"uv":[2.5,9.875,1.875,10.25],"rotation":0,"texture":"#0","tintindex":0},"west":{"uv":[4.125,9.875,3.5,10.25],"rotation":0,"texture":"#0","tintindex":0},"up":{"uv":[5.375,9.25,6.0,8.625],"rotation":0,"texture":"#0","tintindex":0},"down":{"uv":[6.0,8.625,6.625,9.25],"rotation":0,"texture":"#0","tintindex":0}}},{"from":[6.083117,6.926175,5.697054],"to":[10.083117,8.069033,6.839911],"rotation":{"angle":-45.0,"axis":"x","origin":[8.083117,7.497604,6.268482]},"faces":{"east":{"uv":[9.25,1.375,9.0,1.625],"rotation":0,"texture":"#0","tintindex":0},"south":{"uv":[10.875,2.125,10.0,2.375],"rotation":0,"texture":"#0","tintindex":0},"north":{"uv":[10.875,1.0,10.0,1.25],"rotation":0,"texture":"#0","tintindex":0},"west":{"uv":[9.125,7.375,8.875,7.625],"rotation":0,"texture":"#0","tintindex":0},"up":{"uv":[7.5,10.25,8.375,10.0],"rotation":0,"texture":"#0","tintindex":0},"down":{"uv":[2.5,10.125,3.375,10.375],"rotation":0,"texture":"#0","tintindex":0}}},{"from":[6.368831,8.354747,4.9541965],"to":[9.797402,9.497604,6.6684823],"rotation":{"angle":-22.5,"axis":"x","origin":[8.083117,8.926175,8.268482]},"faces":{"east":{"uv":[10.75,6.625,10.375,6.875],"rotation":0,"texture":"#0","tintindex":0},"south":{"uv":[9.0,10.25,8.25,10.5],"rotation":0,"texture":"#0","tintindex":0},"north":{"uv":[11.0,8.0,10.25,8.25],"rotation":0,"texture":"#0","tintindex":0},"west":{"uv":[9.5,8.0,9.125,8.25],"rotation":0,"texture":"#0","tintindex":0},"up":{"uv":[9.125,9.875,9.875,9.5],"rotation":0,"texture":"#0","tintindex":0},"down":{"uv":[9.625,4.25,10.375,4.625],"rotation":0,"texture":"#0","tintindex":0}}},{"from":[9.454546,6.61308,3.8029332],"to":[10.597403,7.755937,5.517219],"rotation":{"angle":-22.5,"axis":"y","origin":[9.454546,7.1845083,3.974362]},"faces":{"east":{"uv":[1.25,10.5,0.875,10.75],"rotation":0,"texture":"#0","tintindex":0},"south":{"uv":[4.875,10.75,4.625,11.0],"rotation":0,"texture":"#0","tintindex":0},"north":{"uv":[8.625,10.0,8.375,10.25],"rotation":0,"texture":"#0","tintindex":0},"west":{"uv":[0.875,10.5,0.5,10.75],"rotation":0,"texture":"#0","tintindex":0},"up":{"uv":[1.25,10.875,1.5,10.5],"rotation":0,"texture":"#0","tintindex":0},"down":{"uv":[1.5,10.5,1.75,10.875],"rotation":0,"texture":"#0","tintindex":0}}},{"from":[8.025974,6.61308,3.6886477],"to":[9.168831,7.755937,5.4029336],"rotation":{"angle":0.0,"axis":"y","origin":[9.225974,7.0130796,4.5457907]},"faces":{"east":{"uv":[3.625,10.5,3.25,10.75],"rotation":0,"texture":"#0","tintindex":0},"south":{"uv":[6.75,10.75,6.5,11.0],"rotation":0,"texture":"#0","tintindex":0},"north":{"uv":[6.0,10.75,5.75,11.0],"rotation":0,"texture":"#0","tintindex":0},"west":{"uv":[10.875,2.625,10.5,2.875],"rotation":0,"texture":"#0","tintindex":0},"up":{"uv":[10.5,3.625,10.75,3.25],"rotation":0,"texture":"#0","tintindex":0},"down":{"uv":[3.625,10.5,3.875,10.875],"rotation":0,"texture":"#0","tintindex":0}}},{"from":[6.7688313,6.61308,3.6886477],"to":[7.9116883,7.755937,5.4029336],"rotation":{"angle":0.0,"axis":"y","origin":[6.711688,7.0130796,4.5457907]},"faces":{"east":{"uv":[8.0,10.5,7.625,10.75],"rotation":0,"texture":"#0","tintindex":0},"south":{"uv":[7.5,10.75,7.25,11.0],"rotation":0,"texture":"#0","tintindex":0},"north":{"uv":[7.25,10.75,7.0,11.0],"rotation":0,"texture":"#0","tintindex":0},"west":{"uv":[7.625,10.5,7.25,10.75],"rotation":0,"texture":"#0","tintindex":0},"up":{"uv":[8.0,10.875,8.25,10.5],"rotation":0,"texture":"#0","tintindex":0},"down":{"uv":[8.25,10.5,8.5,10.875],"rotation":0,"texture":"#0","tintindex":0}}},{"from":[5.3402596,6.61308,3.8029332],"to":[6.4831166,7.755937,5.517219],"rotation":{"angle":22.5,"axis":"y","origin":[6.4831166,7.1845083,3.974362]},"faces":{"east":{"uv":[6.875,10.5,6.5,10.75],"rotation":0,"texture":"#0","tintindex":0},"south":{"uv":[7.0,10.75,6.75,11.0],"rotation":0,"texture":"#0","tintindex":0},"north":{"uv":[11.0,6.625,10.75,6.875],"rotation":0,"texture":"#0","tintindex":0},"west":{"uv":[10.875,6.125,10.5,6.375],"rotation":0,"texture":"#0","tintindex":0},"up":{"uv":[3.875,10.875,4.125,10.5],"rotation":0,"texture":"#0","tintindex":0},"down":{"uv":[5.0,10.5,5.25,10.875],"rotation":0,"texture":"#0","tintindex":0}}},{"from":[5.911688,6.61308,2.0886478],"to":[5.911688,7.755937,3.8029332],"rotation":{"angle":22.5,"axis":"y","origin":[6.4831166,7.1845083,3.974362]},"faces":{"east":{"uv":[10.875,5.875,10.5,6.125],"rotation":0,"texture":"#0","tintindex":0},"south":{"uv":[0.0,0.0,0.0,0.25],"rotation":0,"texture":"#0","tintindex":0},"north":{"uv":[0.0,0.0,0.0,0.25],"rotation":0,"texture":"#0","tintindex":0},"west":{"uv":[5.0,10.5,4.625,10.75],"rotation":0,"texture":"#0","tintindex":0},"up":{"uv":[0.0,0.375,0.0,0.0],"rotation":0,"texture":"#0","tintindex":0},"down":{"uv":[0.0,0.0,0.0,0.375],"rotation":0,"texture":"#0","tintindex":0}}},{"from":[7.3402596,6.61308,1.9743619],"to":[7.3402596,7.755937,3.6886477],"rotation":{"angle":0.0,"axis":"y","origin":[6.711688,7.0130796,4.5457907]},"faces":{"east":{"uv":[10.875,6.875,10.5,7.125],"rotation":0,"texture":"#0","tintindex":0},"south":{"uv":[0.0,0.0,0.0,0.25],"rotation":0,"texture":"#0","tintindex":0},"north":{"uv":[0.0,0.0,0.0,0.25],"rotation":0,"texture":"#0","tintindex":0},"west":{"uv":[7.25,10.5,6.875,10.75],"rotation":0,"texture":"#0","tintindex":0},"up":{"uv":[0.0,0.375,0.0,0.0],"rotation":0,"texture":"#0","tintindex":0},"down":{"uv":[0.0,0.0,0.0,0.375],"rotation":0,"texture":"#0","tintindex":0}}},{"from":[8.597403,6.61308,1.9743619],"to":[8.597403,7.755937,3.6886477],"rotation":{"angle":0.0,"axis":"y","origin":[9.225974,7.0130796,4.5457907]},"faces":{"east":{"uv":[10.875,3.875,10.5,4.125],"rotation":0,"texture":"#0","tintindex":0},"south":{"uv":[0.0,0.0,0.0,0.25],"rotation":0,"texture":"#0","tintindex":0},"north":{"uv":[0.0,0.0,0.0,0.25],"rotation":0,"texture":"#0","tintindex":0},"west":{"uv":[10.875,3.625,10.5,3.875],"rotation":0,"texture":"#0","tintindex":0},"up":{"uv":[0.0,0.375,0.0,0.0],"rotation":0,"texture":"#0","tintindex":0},"down":{"uv":[0.0,0.0,0.0,0.375],"rotation":0,"texture":"#0","tintindex":0}}},{"from":[10.025974,6.61308,2.0886478],"to":[10.025974,7.755937,3.8029332],"rotation":{"angle":-22.5,"axis":"y","origin":[9.454546,7.1845083,3.974362]},"faces":{"east":{"uv":[10.875,2.375,10.5,2.625],"rotation":0,"texture":"#0","tintindex":0},"south":{"uv":[0.0,0.0,0.0,0.25],"rotation":0,"texture":"#0","tintindex":0},"north":{"uv":[0.0,0.0,0.0,0.25],"rotation":0,"texture":"#0","tintindex":0},"west":{"uv":[2.125,10.5,1.75,10.75],"rotation":0,"texture":"#0","tintindex":0},"up":{"uv":[0.0,0.375,0.0,0.0],"rotation":0,"texture":"#0","tintindex":0},"down":{"uv":[0.0,0.0,0.0,0.375],"rotation":0,"texture":"#0","tintindex":0}}}],"textures":{"0":"modelengine:entity/red_tiger"},"display":{"head":{"translation":[0.0,-6.4,0.0],"scale":[4.0,4.0,4.0]}}}