{"elements":[{"from":[5.3383927,6.851611,6.716586],"to":[7.6241074,10.851611,11.288015],"rotation":{"angle":22.5,"axis":"x","origin":[5.9098215,10.337325,6.4880147]},"faces":{"east":{"uv":[6.125,4.25,7.125,5.125],"rotation":0,"texture":"#0","tintindex":0},"south":{"uv":[4.875,8.625,5.375,9.5],"rotation":0,"texture":"#0","tintindex":0},"north":{"uv":[3.125,8.625,3.625,9.5],"rotation":0,"texture":"#0","tintindex":0},"west":{"uv":[6.25,0.75,7.25,1.625],"rotation":0,"texture":"#0","tintindex":0},"up":{"uv":[3.375,5.5,2.875,4.5],"rotation":0,"texture":"#0","tintindex":0},"down":{"uv":[1.375,8.0,0.875,9.0],"rotation":0,"texture":"#0","tintindex":0}}},{"from":[5.566964,5.0378275,5.884697],"to":[8.995536,7.8949704,11.027554],"rotation":{"angle":0.0,"axis":"y","origin":[7.4526787,5.609256,9.598983]},"faces":{"east":{"uv":[7.125,4.25,8.25,4.875],"rotation":0,"texture":"#0","tintindex":0},"south":{"uv":[7.5,8.375,8.25,9.0],"rotation":0,"texture":"#0","tintindex":0},"north":{"uv":[8.375,4.375,9.125,5.0],"rotation":0,"texture":"#0","tintindex":0},"west":{"uv":[7.25,2.25,8.375,2.875],"rotation":0,"texture":"#0","tintindex":0},"up":{"uv":[2.25,7.375,1.5,6.25],"rotation":0,"texture":"#0","tintindex":0},"down":{"uv":[7.0,1.625,6.25,2.75],"rotation":0,"texture":"#0","tintindex":0}}},{"from":[5.58125,6.430077,5.9920683],"to":[9.009821,9.28722,10.563498],"rotation":{"angle":22.5,"axis":"x","origin":[7.4526787,7.001506,9.534925]},"faces":{"east":{"uv":[7.25,3.5,8.25,4.125],"rotation":0,"texture":"#0","tintindex":0},"south":{"uv":[8.25,8.375,9.0,9.0],"rotation":0,"texture":"#0","tintindex":0},"north":{"uv":[8.375,7.625,9.125,8.25],"rotation":0,"texture":"#0","tintindex":0},"west":{"uv":[7.375,4.875,8.375,5.5],"rotation":0,"texture":"#0","tintindex":0},"up":{"uv":[6.125,8.125,5.375,7.125],"rotation":0,"texture":"#0","tintindex":0},"down":{"uv":[6.875,7.125,6.125,8.125],"rotation":0,"texture":"#0","tintindex":0}}}],"textures":{"0":"modelengine:entity/red_tiger"},"display":{"head":{"translation":[0.0,-6.4,0.0],"scale":[4.0,4.0,4.0]}}}