{"elements":[{"from":[5.885714,10.313916,9.231414],"to":[5.885714,17.17106,12.659986],"rotation":{"angle":22.5,"axis":"x","origin":[5.885714,13.856773,10.431414]},"faces":{"east":{"uv":[5.125,2.75,5.875,4.25],"rotation":0,"texture":"#0","tintindex":0},"south":{"uv":[0.0,0.0,0.0,1.5],"rotation":0,"texture":"#0","tintindex":0},"north":{"uv":[0.0,0.0,0.0,1.5],"rotation":0,"texture":"#0","tintindex":0},"west":{"uv":[4.625,5.75,5.375,7.25],"rotation":0,"texture":"#0","tintindex":0},"up":{"uv":[0.0,0.75,0.0,0.0],"rotation":0,"texture":"#0","tintindex":0},"down":{"uv":[0.0,0.0,0.0,0.75],"rotation":0,"texture":"#0","tintindex":0}}},{"from":[5.6571426,8.142488,7.859985],"to":[7.3714285,10.999631,11.859985],"rotation":{"angle":0.0,"axis":"y","origin":[6.0571427,12.1424885,8.717128]},"faces":{"east":{"uv":[0.0,8.0,0.875,8.625],"rotation":0,"texture":"#0","tintindex":0},"south":{"uv":[9.875,9.5,10.25,10.125],"rotation":0,"texture":"#0","tintindex":0},"north":{"uv":[6.625,9.875,7.0,10.5],"rotation":0,"texture":"#0","tintindex":0},"west":{"uv":[8.0,0.0,8.875,0.625],"rotation":0,"texture":"#0","tintindex":0},"up":{"uv":[1.5,10.0,1.125,9.125],"rotation":0,"texture":"#0","tintindex":0},"down":{"uv":[1.875,9.125,1.5,10.0],"rotation":0,"texture":"#0","tintindex":0}}},{"from":[5.3714285,4.470502,7.794739],"to":[7.6571426,8.470502,12.366168],"rotation":{"angle":-22.5,"axis":"x","origin":[6.0571427,8.470502,8.651882]},"faces":{"east":{"uv":[6.125,4.25,7.125,5.125],"rotation":0,"texture":"#0","tintindex":0},"south":{"uv":[4.875,8.625,5.375,9.5],"rotation":0,"texture":"#0","tintindex":0},"north":{"uv":[3.125,8.625,3.625,9.5],"rotation":0,"texture":"#0","tintindex":0},"west":{"uv":[6.25,0.75,7.25,1.625],"rotation":0,"texture":"#0","tintindex":0},"up":{"uv":[3.375,5.5,2.875,4.5],"rotation":0,"texture":"#0","tintindex":0},"down":{"uv":[1.375,8.0,0.875,9.0],"rotation":0,"texture":"#0","tintindex":0}}},{"from":[5.485714,4.0918226,9.065091],"to":[8.342857,8.663251,13.065091],"rotation":{"angle":-22.5,"axis":"x","origin":[6.9142857,6.377537,11.065091]},"faces":{"east":{"uv":[2.875,6.125,3.75,7.125],"rotation":0,"texture":"#0","tintindex":0},"south":{"uv":[1.5,7.375,2.125,8.375],"rotation":0,"texture":"#0","tintindex":0},"north":{"uv":[4.25,7.25,4.875,8.25],"rotation":0,"texture":"#0","tintindex":0},"west":{"uv":[3.75,6.125,4.625,7.125],"rotation":0,"texture":"#0","tintindex":0},"up":{"uv":[2.875,7.125,2.25,6.25],"rotation":0,"texture":"#0","tintindex":0},"down":{"uv":[4.25,7.875,3.625,8.75],"rotation":0,"texture":"#0","tintindex":0}}}],"textures":{"0":"modelengine:entity/red_tiger"},"display":{"head":{"translation":[0.0,-6.4,0.0],"scale":[4.0,4.0,4.0]}}}