{"elements":[{"from":[8.375893,6.851611,6.716586],"to":[10.661608,10.851611,11.288015],"rotation":{"angle":22.5,"axis":"x","origin":[10.0901785,10.337325,6.4880147]},"faces":{"east":{"uv":[7.25,0.75,6.25,1.625],"rotation":0,"texture":"#0","tintindex":0},"south":{"uv":[5.375,8.625,4.875,9.5],"rotation":0,"texture":"#0","tintindex":0},"north":{"uv":[3.625,8.625,3.125,9.5],"rotation":0,"texture":"#0","tintindex":0},"west":{"uv":[7.125,4.25,6.125,5.125],"rotation":0,"texture":"#0","tintindex":0},"up":{"uv":[2.875,5.5,3.375,4.5],"rotation":0,"texture":"#0","tintindex":0},"down":{"uv":[0.875,8.0,1.375,9.0],"rotation":0,"texture":"#0","tintindex":0}}},{"from":[7.004464,5.0378275,5.884697],"to":[10.433036,7.8949704,11.027554],"rotation":{"angle":0.0,"axis":"y","origin":[8.547321,5.609256,9.598983]},"faces":{"east":{"uv":[8.375,2.25,7.25,2.875],"rotation":0,"texture":"#0","tintindex":0},"south":{"uv":[8.25,8.375,7.5,9.0],"rotation":0,"texture":"#0","tintindex":0},"north":{"uv":[9.125,4.375,8.375,5.0],"rotation":0,"texture":"#0","tintindex":0},"west":{"uv":[8.25,4.25,7.125,4.875],"rotation":0,"texture":"#0","tintindex":0},"up":{"uv":[1.5,7.375,2.25,6.25],"rotation":0,"texture":"#0","tintindex":0},"down":{"uv":[6.25,1.625,7.0,2.75],"rotation":0,"texture":"#0","tintindex":0}}},{"from":[6.9901786,6.430077,5.9920683],"to":[10.41875,9.28722,10.563498],"rotation":{"angle":22.5,"axis":"x","origin":[8.547321,7.001506,9.534925]},"faces":{"east":{"uv":[8.375,4.875,7.375,5.5],"rotation":0,"texture":"#0","tintindex":0},"south":{"uv":[9.0,8.375,8.25,9.0],"rotation":0,"texture":"#0","tintindex":0},"north":{"uv":[9.125,7.625,8.375,8.25],"rotation":0,"texture":"#0","tintindex":0},"west":{"uv":[8.25,3.5,7.25,4.125],"rotation":0,"texture":"#0","tintindex":0},"up":{"uv":[5.375,8.125,6.125,7.125],"rotation":0,"texture":"#0","tintindex":0},"down":{"uv":[6.125,7.125,6.875,8.125],"rotation":0,"texture":"#0","tintindex":0}}}],"textures":{"0":"modelengine:entity/red_tiger"},"display":{"head":{"translation":[0.0,-6.4,0.0],"scale":[4.0,4.0,4.0]}}}