{"elements":[{"from":[10.114286,10.313916,9.231414],"to":[10.114286,17.17106,12.659986],"rotation":{"angle":22.5,"axis":"x","origin":[10.114286,13.856773,10.431414]},"faces":{"east":{"uv":[5.375,5.75,4.625,7.25],"rotation":0,"texture":"#0","tintindex":0},"south":{"uv":[0.0,0.0,0.0,1.5],"rotation":0,"texture":"#0","tintindex":0},"north":{"uv":[0.0,0.0,0.0,1.5],"rotation":0,"texture":"#0","tintindex":0},"west":{"uv":[5.875,2.75,5.125,4.25],"rotation":0,"texture":"#0","tintindex":0},"up":{"uv":[0.0,0.75,0.0,0.0],"rotation":0,"texture":"#0","tintindex":0},"down":{"uv":[0.0,0.0,0.0,0.75],"rotation":0,"texture":"#0","tintindex":0}}},{"from":[8.6285715,8.142488,7.859985],"to":[10.342857,10.999631,11.859985],"rotation":{"angle":0.0,"axis":"y","origin":[9.942858,12.1424885,8.717128]},"faces":{"east":{"uv":[8.875,0.0,8.0,0.625],"rotation":0,"texture":"#0","tintindex":0},"south":{"uv":[10.25,9.5,9.875,10.125],"rotation":0,"texture":"#0","tintindex":0},"north":{"uv":[7.0,9.875,6.625,10.5],"rotation":0,"texture":"#0","tintindex":0},"west":{"uv":[0.875,8.0,0.0,8.625],"rotation":0,"texture":"#0","tintindex":0},"up":{"uv":[1.125,10.0,1.5,9.125],"rotation":0,"texture":"#0","tintindex":0},"down":{"uv":[1.5,9.125,1.875,10.0],"rotation":0,"texture":"#0","tintindex":0}}},{"from":[8.342857,4.470502,7.794739],"to":[10.6285715,8.470502,12.366168],"rotation":{"angle":-22.5,"axis":"x","origin":[9.942858,8.470502,8.651882]},"faces":{"east":{"uv":[7.25,0.75,6.25,1.625],"rotation":0,"texture":"#0","tintindex":0},"south":{"uv":[5.375,8.625,4.875,9.5],"rotation":0,"texture":"#0","tintindex":0},"north":{"uv":[3.625,8.625,3.125,9.5],"rotation":0,"texture":"#0","tintindex":0},"west":{"uv":[7.125,4.25,6.125,5.125],"rotation":0,"texture":"#0","tintindex":0},"up":{"uv":[2.875,5.5,3.375,4.5],"rotation":0,"texture":"#0","tintindex":0},"down":{"uv":[0.875,8.0,1.375,9.0],"rotation":0,"texture":"#0","tintindex":0}}},{"from":[7.6571426,4.0918226,9.065091],"to":[10.514286,8.663251,13.065091],"rotation":{"angle":-22.5,"axis":"x","origin":[9.085714,6.377537,11.065091]},"faces":{"east":{"uv":[4.625,6.125,3.75,7.125],"rotation":0,"texture":"#0","tintindex":0},"south":{"uv":[2.125,7.375,1.5,8.375],"rotation":0,"texture":"#0","tintindex":0},"north":{"uv":[4.875,7.25,4.25,8.25],"rotation":0,"texture":"#0","tintindex":0},"west":{"uv":[3.75,6.125,2.875,7.125],"rotation":0,"texture":"#0","tintindex":0},"up":{"uv":[2.25,7.125,2.875,6.25],"rotation":0,"texture":"#0","tintindex":0},"down":{"uv":[3.625,7.875,4.25,8.75],"rotation":0,"texture":"#0","tintindex":0}}}],"textures":{"0":"modelengine:entity/red_tiger"},"display":{"head":{"translation":[0.0,-6.4,0.0],"scale":[4.0,4.0,4.0]}}}