{"elements":[{"from":[5.142857,5.0162535,7.5686917],"to":[10.857143,11.301969,13.854406],"rotation":{"angle":0.0,"axis":"y","origin":[8.0,1.0162535,5.854406]},"faces":{"east":{"uv":[2.75,5.125,4.125,6.5],"rotation":0,"texture":"#0","tintindex":0},"south":{"uv":[1.375,6.75,2.625,8.125],"rotation":0,"texture":"#0","tintindex":0},"north":{"uv":[6.75,0.0,8.0,1.375],"rotation":0,"texture":"#0","tintindex":0},"west":{"uv":[5.375,0.0,6.75,1.375],"rotation":0,"texture":"#0","tintindex":0},"up":{"uv":[8.0,2.75,6.75,1.375],"rotation":0,"texture":"#0","tintindex":0},"down":{"uv":[5.25,6.75,4.0,8.125],"rotation":0,"texture":"#0","tintindex":0}}},{"from":[5.142857,4.444825,0.14012003],"to":[10.857143,11.301969,7.5686917],"rotation":{"angle":0.0,"axis":"y","origin":[8.0,1.0162535,7.5686917]},"faces":{"east":{"uv":[0.0,0.0,1.625,1.5],"rotation":0,"texture":"#0","tintindex":0},"south":{"uv":[2.75,6.5,4.0,8.0],"rotation":0,"texture":"#0","tintindex":0},"north":{"uv":[5.75,2.75,7.0,4.25],"rotation":0,"texture":"#0","tintindex":0},"west":{"uv":[0.0,1.5,1.625,3.0],"rotation":0,"texture":"#0","tintindex":0},"up":{"uv":[5.75,5.375,4.5,3.75],"rotation":0,"texture":"#0","tintindex":0},"down":{"uv":[2.75,5.125,1.5,6.75],"rotation":0,"texture":"#0","tintindex":0}}},{"from":[4.8571424,5.759111,5.282977],"to":[11.142858,11.473396,9.854406],"rotation":{"angle":0.0,"axis":"y","origin":[8.0,9.587683,6.4258347]},"faces":{"east":{"uv":[8.0,7.75,9.0,9.0],"rotation":0,"texture":"#0","tintindex":0},"south":{"uv":[0.0,7.125,1.375,8.375],"rotation":0,"texture":"#0","tintindex":0},"north":{"uv":[7.0,2.75,8.375,4.0],"rotation":0,"texture":"#0","tintindex":0},"west":{"uv":[1.375,8.125,2.375,9.375],"rotation":0,"texture":"#0","tintindex":0},"up":{"uv":[4.0,9.0,2.625,8.0],"rotation":0,"texture":"#0","tintindex":0},"down":{"uv":[6.625,8.0,5.25,9.0],"rotation":0,"texture":"#0","tintindex":0}}},{"from":[4.8571424,9.246624,10.70653],"to":[11.142858,10.96091,12.420816],"rotation":{"angle":-22.5,"axis":"x","origin":[8.0,9.075195,8.992245]},"faces":{"east":{"uv":[3.5,11.625,3.875,12.0],"rotation":0,"texture":"#0","tintindex":0},"south":{"uv":[9.75,8.375,11.125,8.75],"rotation":0,"texture":"#0","tintindex":0},"north":{"uv":[9.375,6.375,10.75,6.75],"rotation":0,"texture":"#0","tintindex":0},"west":{"uv":[11.625,6.0,12.0,6.375],"rotation":0,"texture":"#0","tintindex":0},"up":{"uv":[7.75,10.25,6.375,9.875],"rotation":0,"texture":"#0","tintindex":0},"down":{"uv":[4.875,10.0,3.5,10.375],"rotation":0,"texture":"#0","tintindex":0}}}],"textures":{"0":"modelengine:entity/red_lion"},"display":{"head":{"translation":[0.0,-6.4,0.0],"scale":[4.0,4.0,4.0]}}}