{"elements":[{"from":[5.771428,4.7641773,5.8417807],"to":[8.057143,8.192749,8.698923],"rotation":{"angle":22.5,"axis":"x","origin":[6.9142857,5.907035,7.270352]},"faces":{"east":{"uv":[10.75,3.75,10.125,4.5],"rotation":0,"texture":"#0","tintindex":0},"south":{"uv":[8.25,10.625,7.75,11.375],"rotation":0,"texture":"#0","tintindex":0},"north":{"uv":[2.25,10.625,1.75,11.375],"rotation":0,"texture":"#0","tintindex":0},"west":{"uv":[8.375,9.875,7.75,10.625],"rotation":0,"texture":"#0","tintindex":0},"up":{"uv":[10.375,11.5,10.875,10.875],"rotation":0,"texture":"#0","tintindex":0},"down":{"uv":[10.875,10.875,11.375,11.5],"rotation":0,"texture":"#0","tintindex":0}}},{"from":[5.485714,5.542857,6.0],"to":[8.342857,7.257143,8.285714],"rotation":{"angle":22.5,"axis":"x","origin":[8.0,6.857143,6.857143]},"faces":{"east":{"uv":[12.0,2.5,11.5,2.875],"rotation":0,"texture":"#0","tintindex":0},"south":{"uv":[12.0,2.125,11.375,2.5],"rotation":0,"texture":"#0","tintindex":0},"north":{"uv":[12.0,1.75,11.375,2.125],"rotation":0,"texture":"#0","tintindex":0},"west":{"uv":[2.75,11.5,2.25,11.875],"rotation":0,"texture":"#0","tintindex":0},"up":{"uv":[6.75,11.5,7.375,11.0],"rotation":0,"texture":"#0","tintindex":0},"down":{"uv":[9.5,11.0,10.125,11.5],"rotation":0,"texture":"#0","tintindex":0}}}],"textures":{"0":"modelengine:entity/red_lion"},"display":{"head":{"translation":[0.0,-6.4,0.0],"scale":[4.0,4.0,4.0]}}}