{"elements":[{"from":[7.9428573,4.7641773,5.8417807],"to":[10.228572,8.192749,8.698923],"rotation":{"angle":22.5,"axis":"x","origin":[9.085714,5.907035,7.270352]},"faces":{"east":{"uv":[7.75,9.875,8.375,10.625],"rotation":0,"texture":"#0","tintindex":0},"south":{"uv":[7.75,10.625,8.25,11.375],"rotation":0,"texture":"#0","tintindex":0},"north":{"uv":[1.75,10.625,2.25,11.375],"rotation":0,"texture":"#0","tintindex":0},"west":{"uv":[10.125,3.75,10.75,4.5],"rotation":0,"texture":"#0","tintindex":0},"up":{"uv":[10.875,11.5,10.375,10.875],"rotation":0,"texture":"#0","tintindex":0},"down":{"uv":[11.375,10.875,10.875,11.5],"rotation":0,"texture":"#0","tintindex":0}}},{"from":[7.6571426,5.542857,6.0],"to":[10.514286,7.257143,8.285714],"rotation":{"angle":22.5,"axis":"x","origin":[8.0,6.857143,6.857143]},"faces":{"east":{"uv":[2.25,11.5,2.75,11.875],"rotation":0,"texture":"#0","tintindex":0},"south":{"uv":[11.375,2.125,12.0,2.5],"rotation":0,"texture":"#0","tintindex":0},"north":{"uv":[11.375,1.75,12.0,2.125],"rotation":0,"texture":"#0","tintindex":0},"west":{"uv":[11.5,2.5,12.0,2.875],"rotation":0,"texture":"#0","tintindex":0},"up":{"uv":[7.375,11.5,6.75,11.0],"rotation":0,"texture":"#0","tintindex":0},"down":{"uv":[10.125,11.0,9.5,11.5],"rotation":0,"texture":"#0","tintindex":0}}}],"textures":{"0":"modelengine:entity/red_lion"},"display":{"head":{"translation":[0.0,-6.4,0.0],"scale":[4.0,4.0,4.0]}}}