{"elements":[{"from":[6.4782953,6.457143,6.6221886],"to":[9.335438,8.171429,8.907903],"rotation":{"angle":0.0,"axis":"y","origin":[7.9068666,8.742857,8.622189]},"faces":{"east":{"uv":[7.875,11.375,7.375,11.75],"rotation":0,"texture":"#0","tintindex":0},"south":{"uv":[11.875,6.5,11.25,6.875],"rotation":0,"texture":"#0","tintindex":0},"north":{"uv":[11.875,4.75,11.25,5.125],"rotation":0,"texture":"#0","tintindex":0},"west":{"uv":[2.25,11.375,1.75,11.75],"rotation":0,"texture":"#0","tintindex":0},"up":{"uv":[0.0,11.5,0.625,11.0],"rotation":0,"texture":"#0","tintindex":0},"down":{"uv":[0.625,11.0,1.25,11.5],"rotation":0,"texture":"#0","tintindex":0}}},{"from":[5.5640097,6.4,5.7650456],"to":[6.7068667,8.114285,7.4793315],"rotation":{"angle":22.5,"axis":"y","origin":[5.9068666,6.9714284,6.6221886]},"faces":{"east":{"uv":[6.5,11.5,6.125,11.875],"rotation":0,"texture":"#0","tintindex":0},"south":{"uv":[12.125,0.0,11.875,0.375],"rotation":0,"texture":"#0","tintindex":0},"north":{"uv":[0.25,11.875,0.0,12.25],"rotation":0,"texture":"#0","tintindex":0},"west":{"uv":[5.625,11.5,5.25,11.875],"rotation":0,"texture":"#0","tintindex":0},"up":{"uv":[0.25,12.25,0.5,11.875],"rotation":0,"texture":"#0","tintindex":0},"down":{"uv":[0.5,11.875,0.75,12.25],"rotation":0,"texture":"#0","tintindex":0}}},{"from":[9.106867,6.4,5.7650456],"to":[10.249724,8.114285,7.4793315],"rotation":{"angle":-22.5,"axis":"y","origin":[9.906867,6.9714284,6.6221886]},"faces":{"east":{"uv":[7.25,11.5,6.875,11.875],"rotation":0,"texture":"#0","tintindex":0},"south":{"uv":[2.5,11.875,2.25,12.25],"rotation":0,"texture":"#0","tintindex":0},"north":{"uv":[1.0,11.875,0.75,12.25],"rotation":0,"texture":"#0","tintindex":0},"west":{"uv":[6.875,11.5,6.5,11.875],"rotation":0,"texture":"#0","tintindex":0},"up":{"uv":[2.5,12.25,2.75,11.875],"rotation":0,"texture":"#0","tintindex":0},"down":{"uv":[11.875,2.875,12.125,3.25],"rotation":0,"texture":"#0","tintindex":0}}},{"from":[9.678295,6.457143,4.6221886],"to":[9.678295,7.6,5.7650456],"rotation":{"angle":-22.5,"axis":"y","origin":[9.906867,7.028571,6.6221886]},"faces":{"east":{"uv":[12.125,11.5,11.875,11.75],"rotation":0,"texture":"#0","tintindex":0},"south":{"uv":[0.0,0.0,0.0,0.25],"rotation":0,"texture":"#0","tintindex":0},"north":{"uv":[0.0,0.0,0.0,0.25],"rotation":0,"texture":"#0","tintindex":0},"west":{"uv":[11.625,11.875,11.375,12.125],"rotation":0,"texture":"#0","tintindex":0},"up":{"uv":[0.0,0.25,0.0,0.0],"rotation":0,"texture":"#0","tintindex":0},"down":{"uv":[0.0,0.0,0.0,0.25],"rotation":0,"texture":"#0","tintindex":0}}},{"from":[8.0211525,6.457143,4.9079027],"to":[9.16401,8.171429,6.6221886],"rotation":{"angle":0.0,"axis":"y","origin":[8.821153,7.028571,5.7650456]},"faces":{"east":{"uv":[9.75,11.5,9.375,11.875],"rotation":0,"texture":"#0","tintindex":0},"south":{"uv":[4.125,11.875,3.875,12.25],"rotation":0,"texture":"#0","tintindex":0},"north":{"uv":[12.125,3.25,11.875,3.625],"rotation":0,"texture":"#0","tintindex":0},"west":{"uv":[11.875,8.0,11.5,8.375],"rotation":0,"texture":"#0","tintindex":0},"up":{"uv":[4.125,12.25,4.375,11.875],"rotation":0,"texture":"#0","tintindex":0},"down":{"uv":[11.875,4.375,12.125,4.75],"rotation":0,"texture":"#0","tintindex":0}}},{"from":[8.592581,6.457143,3.7650456],"to":[8.592581,7.6,4.9079027],"rotation":{"angle":0.0,"axis":"y","origin":[8.821153,7.028571,5.7650456]},"faces":{"east":{"uv":[12.125,11.75,11.875,12.0],"rotation":0,"texture":"#0","tintindex":0},"south":{"uv":[0.0,0.0,0.0,0.25],"rotation":0,"texture":"#0","tintindex":0},"north":{"uv":[0.0,0.0,0.0,0.25],"rotation":0,"texture":"#0","tintindex":0},"west":{"uv":[11.875,11.875,11.625,12.125],"rotation":0,"texture":"#0","tintindex":0},"up":{"uv":[0.0,0.25,0.0,0.0],"rotation":0,"texture":"#0","tintindex":0},"down":{"uv":[0.0,0.0,0.0,0.25],"rotation":0,"texture":"#0","tintindex":0}}},{"from":[7.2211523,6.457143,3.7650456],"to":[7.2211523,7.6,4.9079027],"rotation":{"angle":0.0,"axis":"y","origin":[7.4497237,7.028571,5.7650456]},"faces":{"east":{"uv":[12.25,0.875,12.0,1.125],"rotation":0,"texture":"#0","tintindex":0},"south":{"uv":[0.0,0.0,0.0,0.25],"rotation":0,"texture":"#0","tintindex":0},"north":{"uv":[0.0,0.0,0.0,0.25],"rotation":0,"texture":"#0","tintindex":0},"west":{"uv":[12.25,0.625,12.0,0.875],"rotation":0,"texture":"#0","tintindex":0},"up":{"uv":[0.0,0.25,0.0,0.0],"rotation":0,"texture":"#0","tintindex":0},"down":{"uv":[0.0,0.0,0.0,0.25],"rotation":0,"texture":"#0","tintindex":0}}},{"from":[6.649724,6.457143,4.9079027],"to":[7.792581,8.171429,6.6221886],"rotation":{"angle":0.0,"axis":"y","origin":[7.4497237,7.028571,5.7650456]},"faces":{"east":{"uv":[10.75,11.5,10.375,11.875],"rotation":0,"texture":"#0","tintindex":0},"south":{"uv":[5.125,11.875,4.875,12.25],"rotation":0,"texture":"#0","tintindex":0},"north":{"uv":[12.125,4.75,11.875,5.125],"rotation":0,"texture":"#0","tintindex":0},"west":{"uv":[10.125,11.5,9.75,11.875],"rotation":0,"texture":"#0","tintindex":0},"up":{"uv":[5.125,12.25,5.375,11.875],"rotation":0,"texture":"#0","tintindex":0},"down":{"uv":[5.375,11.875,5.625,12.25],"rotation":0,"texture":"#0","tintindex":0}}},{"from":[6.0571427,6.457143,4.2285714],"to":[6.0571427,7.6,5.3714285],"rotation":{"angle":22.5,"axis":"y","origin":[6.857143,7.542857,6.2285714]},"faces":{"east":{"uv":[12.25,1.125,12.0,1.375],"rotation":0,"texture":"#0","tintindex":0},"south":{"uv":[0.0,0.0,0.0,0.25],"rotation":0,"texture":"#0","tintindex":0},"north":{"uv":[0.0,0.0,0.0,0.25],"rotation":0,"texture":"#0","tintindex":0},"west":{"uv":[1.25,12.0,1.0,12.25],"rotation":0,"texture":"#0","tintindex":0},"up":{"uv":[0.0,0.25,0.0,0.0],"rotation":0,"texture":"#0","tintindex":0},"down":{"uv":[0.0,0.0,0.0,0.25],"rotation":0,"texture":"#0","tintindex":0}}}],"textures":{"0":"modelengine:entity/red_lion"},"display":{"head":{"translation":[0.0,-6.4,0.0],"scale":[4.0,4.0,4.0]}}}