{"elements":[{"from":[6.6645617,6.457143,6.6221886],"to":[9.521705,8.171429,8.907903],"rotation":{"angle":0.0,"axis":"y","origin":[8.093133,8.742857,8.622189]},"faces":{"east":{"uv":[1.75,11.375,2.25,11.75],"rotation":0,"texture":"#0","tintindex":0},"south":{"uv":[11.25,6.5,11.875,6.875],"rotation":0,"texture":"#0","tintindex":0},"north":{"uv":[11.25,4.75,11.875,5.125],"rotation":0,"texture":"#0","tintindex":0},"west":{"uv":[7.375,11.375,7.875,11.75],"rotation":0,"texture":"#0","tintindex":0},"up":{"uv":[0.625,11.5,0.0,11.0],"rotation":0,"texture":"#0","tintindex":0},"down":{"uv":[1.25,11.0,0.625,11.5],"rotation":0,"texture":"#0","tintindex":0}}},{"from":[9.293133,6.4,5.7650456],"to":[10.43599,8.114285,7.4793315],"rotation":{"angle":-22.5,"axis":"y","origin":[10.093134,6.9714284,6.6221886]},"faces":{"east":{"uv":[5.25,11.5,5.625,11.875],"rotation":0,"texture":"#0","tintindex":0},"south":{"uv":[11.875,0.0,12.125,0.375],"rotation":0,"texture":"#0","tintindex":0},"north":{"uv":[0.0,11.875,0.25,12.25],"rotation":0,"texture":"#0","tintindex":0},"west":{"uv":[6.125,11.5,6.5,11.875],"rotation":0,"texture":"#0","tintindex":0},"up":{"uv":[0.5,12.25,0.25,11.875],"rotation":0,"texture":"#0","tintindex":0},"down":{"uv":[0.75,11.875,0.5,12.25],"rotation":0,"texture":"#0","tintindex":0}}},{"from":[5.7502756,6.4,5.7650456],"to":[6.893133,8.114285,7.4793315],"rotation":{"angle":22.5,"axis":"y","origin":[6.093133,6.9714284,6.6221886]},"faces":{"east":{"uv":[6.5,11.5,6.875,11.875],"rotation":0,"texture":"#0","tintindex":0},"south":{"uv":[2.25,11.875,2.5,12.25],"rotation":0,"texture":"#0","tintindex":0},"north":{"uv":[0.75,11.875,1.0,12.25],"rotation":0,"texture":"#0","tintindex":0},"west":{"uv":[6.875,11.5,7.25,11.875],"rotation":0,"texture":"#0","tintindex":0},"up":{"uv":[2.75,12.25,2.5,11.875],"rotation":0,"texture":"#0","tintindex":0},"down":{"uv":[12.125,2.875,11.875,3.25],"rotation":0,"texture":"#0","tintindex":0}}},{"from":[6.3217044,6.457143,4.6221886],"to":[6.3217044,7.6,5.7650456],"rotation":{"angle":22.5,"axis":"y","origin":[6.093133,7.028571,6.6221886]},"faces":{"east":{"uv":[11.375,11.875,11.625,12.125],"rotation":0,"texture":"#0","tintindex":0},"south":{"uv":[0.0,0.0,0.0,0.25],"rotation":0,"texture":"#0","tintindex":0},"north":{"uv":[0.0,0.0,0.0,0.25],"rotation":0,"texture":"#0","tintindex":0},"west":{"uv":[11.875,11.5,12.125,11.75],"rotation":0,"texture":"#0","tintindex":0},"up":{"uv":[0.0,0.25,0.0,0.0],"rotation":0,"texture":"#0","tintindex":0},"down":{"uv":[0.0,0.0,0.0,0.25],"rotation":0,"texture":"#0","tintindex":0}}},{"from":[6.8359904,6.457143,4.9079027],"to":[7.9788475,8.171429,6.6221886],"rotation":{"angle":0.0,"axis":"y","origin":[7.1788473,7.028571,5.7650456]},"faces":{"east":{"uv":[11.5,8.0,11.875,8.375],"rotation":0,"texture":"#0","tintindex":0},"south":{"uv":[3.875,11.875,4.125,12.25],"rotation":0,"texture":"#0","tintindex":0},"north":{"uv":[11.875,3.25,12.125,3.625],"rotation":0,"texture":"#0","tintindex":0},"west":{"uv":[9.375,11.5,9.75,11.875],"rotation":0,"texture":"#0","tintindex":0},"up":{"uv":[4.375,12.25,4.125,11.875],"rotation":0,"texture":"#0","tintindex":0},"down":{"uv":[12.125,4.375,11.875,4.75],"rotation":0,"texture":"#0","tintindex":0}}},{"from":[7.4074187,6.457143,3.7650456],"to":[7.4074187,7.6,4.9079027],"rotation":{"angle":0.0,"axis":"y","origin":[7.1788473,7.028571,5.7650456]},"faces":{"east":{"uv":[11.625,11.875,11.875,12.125],"rotation":0,"texture":"#0","tintindex":0},"south":{"uv":[0.0,0.0,0.0,0.25],"rotation":0,"texture":"#0","tintindex":0},"north":{"uv":[0.0,0.0,0.0,0.25],"rotation":0,"texture":"#0","tintindex":0},"west":{"uv":[11.875,11.75,12.125,12.0],"rotation":0,"texture":"#0","tintindex":0},"up":{"uv":[0.0,0.25,0.0,0.0],"rotation":0,"texture":"#0","tintindex":0},"down":{"uv":[0.0,0.0,0.0,0.25],"rotation":0,"texture":"#0","tintindex":0}}},{"from":[8.778848,6.457143,3.7650456],"to":[8.778848,7.6,4.9079027],"rotation":{"angle":0.0,"axis":"y","origin":[8.550276,7.028571,5.7650456]},"faces":{"east":{"uv":[12.0,0.625,12.25,0.875],"rotation":0,"texture":"#0","tintindex":0},"south":{"uv":[0.0,0.0,0.0,0.25],"rotation":0,"texture":"#0","tintindex":0},"north":{"uv":[0.0,0.0,0.0,0.25],"rotation":0,"texture":"#0","tintindex":0},"west":{"uv":[12.0,0.875,12.25,1.125],"rotation":0,"texture":"#0","tintindex":0},"up":{"uv":[0.0,0.25,0.0,0.0],"rotation":0,"texture":"#0","tintindex":0},"down":{"uv":[0.0,0.0,0.0,0.25],"rotation":0,"texture":"#0","tintindex":0}}},{"from":[8.207419,6.457143,4.9079027],"to":[9.350276,8.171429,6.6221886],"rotation":{"angle":0.0,"axis":"y","origin":[8.550276,7.028571,5.7650456]},"faces":{"east":{"uv":[9.75,11.5,10.125,11.875],"rotation":0,"texture":"#0","tintindex":0},"south":{"uv":[4.875,11.875,5.125,12.25],"rotation":0,"texture":"#0","tintindex":0},"north":{"uv":[11.875,4.75,12.125,5.125],"rotation":0,"texture":"#0","tintindex":0},"west":{"uv":[10.375,11.5,10.75,11.875],"rotation":0,"texture":"#0","tintindex":0},"up":{"uv":[5.375,12.25,5.125,11.875],"rotation":0,"texture":"#0","tintindex":0},"down":{"uv":[5.625,11.875,5.375,12.25],"rotation":0,"texture":"#0","tintindex":0}}},{"from":[9.942858,6.457143,4.2285714],"to":[9.942858,7.6,5.3714285],"rotation":{"angle":-22.5,"axis":"y","origin":[9.142858,7.542857,6.2285714]},"faces":{"east":{"uv":[1.0,12.0,1.25,12.25],"rotation":0,"texture":"#0","tintindex":0},"south":{"uv":[0.0,0.0,0.0,0.25],"rotation":0,"texture":"#0","tintindex":0},"north":{"uv":[0.0,0.0,0.0,0.25],"rotation":0,"texture":"#0","tintindex":0},"west":{"uv":[12.0,1.125,12.25,1.375],"rotation":0,"texture":"#0","tintindex":0},"up":{"uv":[0.0,0.25,0.0,0.0],"rotation":0,"texture":"#0","tintindex":0},"down":{"uv":[0.0,0.0,0.0,0.25],"rotation":0,"texture":"#0","tintindex":0}}}],"textures":{"0":"modelengine:entity/red_lion"},"display":{"head":{"translation":[0.0,-6.4,0.0],"scale":[4.0,4.0,4.0]}}}