{"elements":[{"from":[4.5714283,5.7610264,3.4222474],"to":[11.428572,12.0467415,9.707962],"rotation":{"angle":45.0,"axis":"x","origin":[8.0,8.903884,5.993676]},"faces":{"east":{"uv":[5.375,1.375,6.75,2.75],"rotation":0,"texture":"#0","tintindex":0},"south":{"uv":[1.5,3.75,3.0,5.125],"rotation":0,"texture":"#0","tintindex":0},"north":{"uv":[0.0,3.0,1.5,4.375],"rotation":0,"texture":"#0","tintindex":0},"west":{"uv":[4.125,5.375,5.5,6.75],"rotation":0,"texture":"#0","tintindex":0},"up":{"uv":[4.5,5.125,3.0,3.75],"rotation":0,"texture":"#0","tintindex":0},"down":{"uv":[1.5,4.375,0.0,5.75],"rotation":0,"texture":"#0","tintindex":0}}},{"from":[5.714286,8.61817,1.1365333],"to":[10.285714,10.332456,4.5651045],"rotation":{"angle":0.0,"axis":"y","origin":[8.0,8.903884,5.993676]},"faces":{"east":{"uv":[10.75,8.0,11.5,8.375],"rotation":0,"texture":"#0","tintindex":0},"south":{"uv":[10.625,0.625,11.625,1.0],"rotation":0,"texture":"#0","tintindex":0},"north":{"uv":[10.5,3.25,11.5,3.625],"rotation":0,"texture":"#0","tintindex":0},"west":{"uv":[11.0,10.25,11.75,10.625],"rotation":0,"texture":"#0","tintindex":0},"up":{"uv":[10.125,9.625,9.125,8.875],"rotation":0,"texture":"#0","tintindex":0},"down":{"uv":[10.25,4.875,9.25,5.625],"rotation":0,"texture":"#0","tintindex":0}}},{"from":[5.714286,10.332456,2.2793903],"to":[10.285714,12.0467415,5.1365333],"rotation":{"angle":0.0,"axis":"y","origin":[8.0,8.903884,5.993676]},"faces":{"east":{"uv":[11.125,7.625,11.75,8.0],"rotation":0,"texture":"#0","tintindex":0},"south":{"uv":[10.625,1.0,11.625,1.375],"rotation":0,"texture":"#0","tintindex":0},"north":{"uv":[0.75,10.625,1.75,11.0],"rotation":0,"texture":"#0","tintindex":0},"west":{"uv":[11.25,4.375,11.875,4.75],"rotation":0,"texture":"#0","tintindex":0},"up":{"uv":[10.5,3.125,9.5,2.5],"rotation":0,"texture":"#0","tintindex":0},"down":{"uv":[10.5,3.125,9.5,3.75],"rotation":0,"texture":"#0","tintindex":0}}},{"from":[6.857143,9.000773,1.6271119],"to":[9.142858,11.857917,2.769969],"rotation":{"angle":45.0,"axis":"x","origin":[8.0,10.7722025,2.3699694]},"faces":{"east":{"uv":[8.0,2.0,8.25,2.625],"rotation":0,"texture":"#0","tintindex":0},"south":{"uv":[10.875,1.75,11.375,2.375],"rotation":0,"texture":"#0","tintindex":0},"north":{"uv":[10.75,9.625,11.25,10.25],"rotation":0,"texture":"#0","tintindex":0},"west":{"uv":[2.375,8.125,2.625,8.75],"rotation":0,"texture":"#0","tintindex":0},"up":{"uv":[8.25,4.25,7.75,4.0],"rotation":0,"texture":"#0","tintindex":0},"down":{"uv":[12.125,7.125,11.625,7.375],"rotation":0,"texture":"#0","tintindex":0}}},{"from":[6.285714,7.475312,1.1365333],"to":[9.714286,8.61817,4.5651045],"rotation":{"angle":0.0,"axis":"y","origin":[8.0,8.903884,5.993676]},"faces":{"east":{"uv":[11.0,10.625,11.75,10.875],"rotation":0,"texture":"#0","tintindex":0},"south":{"uv":[11.125,0.375,11.875,0.625],"rotation":0,"texture":"#0","tintindex":0},"north":{"uv":[7.0,4.0,7.75,4.25],"rotation":0,"texture":"#0","tintindex":0},"west":{"uv":[11.25,6.875,12.0,7.125],"rotation":0,"texture":"#0","tintindex":0},"up":{"uv":[1.5,10.625,0.75,9.875],"rotation":0,"texture":"#0","tintindex":0},"down":{"uv":[2.25,9.875,1.5,10.625],"rotation":0,"texture":"#0","tintindex":0}}},{"from":[7.428571,9.425269,0.07245016],"to":[8.571428,9.996697,0.64387846],"rotation":{"angle":-45.0,"axis":"x","origin":[8.0,9.596698,0.1295929]},"faces":{"east":{"uv":[4.0,6.5,4.125,6.625],"rotation":0,"texture":"#0","tintindex":0},"south":{"uv":[8.0,2.625,8.25,2.75],"rotation":0,"texture":"#0","tintindex":0},"north":{"uv":[6.5,5.25,6.75,5.375],"rotation":0,"texture":"#0","tintindex":0},"west":{"uv":[4.0,6.625,4.125,6.75],"rotation":0,"texture":"#0","tintindex":0},"up":{"uv":[8.625,4.0,8.375,3.875],"rotation":0,"texture":"#0","tintindex":0},"down":{"uv":[8.875,3.875,8.625,4.0],"rotation":0,"texture":"#0","tintindex":0}}},{"from":[8.057143,10.585661,0.17063856],"to":[10.342857,12.299948,1.3134961],"rotation":{"angle":-22.5,"axis":"x","origin":[8.0,10.871376,6.170639]},"faces":{"east":{"uv":[9.5,10.625,9.75,11.0],"rotation":0,"texture":"#0","tintindex":0},"south":{"uv":[11.375,8.75,11.875,9.125],"rotation":0,"texture":"#0","tintindex":0},"north":{"uv":[11.375,8.375,11.875,8.75],"rotation":0,"texture":"#0","tintindex":0},"west":{"uv":[11.75,5.125,12.0,5.5],"rotation":0,"texture":"#0","tintindex":0},"up":{"uv":[12.125,7.625,11.625,7.375],"rotation":0,"texture":"#0","tintindex":0},"down":{"uv":[2.25,11.75,1.75,12.0],"rotation":0,"texture":"#0","tintindex":0}}},{"from":[5.6571426,10.585661,0.17063856],"to":[7.9428573,12.299948,1.3134961],"rotation":{"angle":-22.5,"axis":"x","origin":[8.0,10.871376,6.170639]},"faces":{"east":{"uv":[5.625,11.75,5.875,12.125],"rotation":0,"texture":"#0","tintindex":0},"south":{"uv":[11.375,10.875,11.875,11.25],"rotation":0,"texture":"#0","tintindex":0},"north":{"uv":[8.875,11.375,9.375,11.75],"rotation":0,"texture":"#0","tintindex":0},"west":{"uv":[5.875,11.75,6.125,12.125],"rotation":0,"texture":"#0","tintindex":0},"up":{"uv":[3.25,12.0,2.75,11.75],"rotation":0,"texture":"#0","tintindex":0},"down":{"uv":[12.25,3.625,11.75,3.875],"rotation":0,"texture":"#0","tintindex":0}}},{"from":[7.428571,9.724083,0.35912895],"to":[8.571428,10.295511,2.0734148],"rotation":{"angle":-22.5,"axis":"x","origin":[8.0,9.895512,0.41627216]},"faces":{"east":{"uv":[5.75,5.25,6.125,5.375],"rotation":0,"texture":"#0","tintindex":0},"south":{"uv":[9.125,3.875,9.375,4.0],"rotation":0,"texture":"#0","tintindex":0},"north":{"uv":[8.875,3.875,9.125,4.0],"rotation":0,"texture":"#0","tintindex":0},"west":{"uv":[6.125,5.25,6.5,5.375],"rotation":0,"texture":"#0","tintindex":0},"up":{"uv":[7.5,12.125,7.25,11.75],"rotation":0,"texture":"#0","tintindex":0},"down":{"uv":[7.75,11.75,7.5,12.125],"rotation":0,"texture":"#0","tintindex":0}}},{"from":[6.285714,6.332455,1.1365333],"to":[9.714286,7.475312,1.1365333],"rotation":{"angle":0.0,"axis":"y","origin":[8.0,8.903884,5.993676]},"faces":{"east":{"uv":[0.0,0.0,0.0,0.25],"rotation":0,"texture":"#0","tintindex":0},"south":{"uv":[11.375,11.25,12.125,11.5],"rotation":0,"texture":"#0","tintindex":0},"north":{"uv":[11.375,9.125,12.125,9.375],"rotation":0,"texture":"#0","tintindex":0},"west":{"uv":[0.0,0.0,0.0,0.25],"rotation":0,"texture":"#0","tintindex":0},"up":{"uv":[0.75,0.0,0.0,0.0],"rotation":0,"texture":"#0","tintindex":0},"down":{"uv":[0.75,0.0,0.0,0.0],"rotation":0,"texture":"#0","tintindex":0}}},{"from":[9.142858,10.732455,2.050819],"to":[10.857143,11.875313,3.1936765],"rotation":{"angle":-45.0,"axis":"y","origin":[10.0,11.018169,2.3365335]},"faces":{"east":{"uv":[2.375,8.75,2.625,9.0],"rotation":0,"texture":"#0","tintindex":0},"south":{"uv":[11.75,7.625,12.125,7.875],"rotation":0,"texture":"#0","tintindex":0},"north":{"uv":[4.125,5.125,4.5,5.375],"rotation":0,"texture":"#0","tintindex":0},"west":{"uv":[6.125,10.0,6.375,10.25],"rotation":0,"texture":"#0","tintindex":0},"up":{"uv":[8.125,12.0,7.75,11.75],"rotation":0,"texture":"#0","tintindex":0},"down":{"uv":[8.5,11.75,8.125,12.0],"rotation":0,"texture":"#0","tintindex":0}}},{"from":[5.142857,10.732455,2.050819],"to":[6.857143,11.875313,3.1936765],"rotation":{"angle":45.0,"axis":"y","origin":[6.0,11.018169,2.3365335]},"faces":{"east":{"uv":[10.625,1.75,10.875,2.0],"rotation":0,"texture":"#0","tintindex":0},"south":{"uv":[11.75,10.125,12.125,10.375],"rotation":0,"texture":"#0","tintindex":0},"north":{"uv":[8.875,11.75,9.25,12.0],"rotation":0,"texture":"#0","tintindex":0},"west":{"uv":[11.875,0.375,12.125,0.625],"rotation":0,"texture":"#0","tintindex":0},"up":{"uv":[12.125,10.625,11.75,10.375],"rotation":0,"texture":"#0","tintindex":0},"down":{"uv":[12.125,10.625,11.75,10.875],"rotation":0,"texture":"#0","tintindex":0}}},{"from":[4.8571424,7.7038836,3.7651048],"to":[11.142858,13.418169,10.050819],"rotation":{"angle":-22.5,"axis":"x","origin":[8.0,10.0467415,5.993676]},"faces":{"east":{"uv":[6.625,6.75,8.0,8.0],"rotation":0,"texture":"#0","tintindex":0},"south":{"uv":[6.875,4.25,8.25,5.5],"rotation":0,"texture":"#0","tintindex":0},