{"elements":[{"from":[6.767347,3.25735,6.765027],"to":[9.62449,7.8287787,10.765027],"rotation":{"angle":-22.5,"axis":"x","origin":[8.195918,5.5430646,8.765027]},"faces":{"east":{"uv":[4.625,9.0,5.5,10.0],"rotation":0,"texture":"#0","tintindex":0},"south":{"uv":[9.125,9.625,9.75,10.625],"rotation":0,"texture":"#0","tintindex":0},"north":{"uv":[9.5,3.75,10.125,4.75],"rotation":0,"texture":"#0","tintindex":0},"west":{"uv":[5.5,9.0,6.375,10.0],"rotation":0,"texture":"#0","tintindex":0},"up":{"uv":[2.875,10.75,2.25,9.875],"rotation":0,"texture":"#0","tintindex":0},"down":{"uv":[3.5,9.875,2.875,10.75],"rotation":0,"texture":"#0","tintindex":0}}},{"from":[6.5387754,3.6360292,5.494675],"to":[7.6816325,8.2074585,10.066104],"rotation":{"angle":-22.5,"axis":"x","origin":[7.3387756,7.6360297,6.351818]},"faces":{"east":{"uv":[0.0,8.375,1.0,9.375],"rotation":0,"texture":"#0","tintindex":0},"south":{"uv":[4.625,11.0,4.875,12.0],"rotation":0,"texture":"#0","tintindex":0},"north":{"uv":[8.625,10.875,8.875,11.875],"rotation":0,"texture":"#0","tintindex":0},"west":{"uv":[8.375,2.0,9.375,3.0],"rotation":0,"texture":"#0","tintindex":0},"up":{"uv":[10.375,12.0,10.125,11.0],"rotation":0,"texture":"#0","tintindex":0},"down":{"uv":[11.375,8.375,11.125,9.375],"rotation":0,"texture":"#0","tintindex":0}}},{"from":[6.5387754,8.2074585,4.351818],"to":[6.5387754,10.493173,11.2089615],"rotation":{"angle":-22.5,"axis":"x","origin":[7.3387756,7.6360297,6.351818]},"faces":{"east":{"uv":[0.75,9.375,2.25,9.875],"rotation":0,"texture":"#0","tintindex":0},"south":{"uv":[0.0,0.0,0.0,0.5],"rotation":0,"texture":"#0","tintindex":0},"north":{"uv":[0.0,0.0,0.0,0.5],"rotation":0,"texture":"#0","tintindex":0},"west":{"uv":[9.375,2.0,10.875,2.5],"rotation":0,"texture":"#0","tintindex":0},"up":{"uv":[0.0,1.5,0.0,0.0],"rotation":0,"texture":"#0","tintindex":0},"down":{"uv":[0.0,0.0,0.0,1.5],"rotation":0,"texture":"#0","tintindex":0}}}],"textures":{"0":"modelengine:entity/red_lion"},"display":{"head":{"translation":[0.0,-6.4,0.0],"scale":[4.0,4.0,4.0]}}}