{"elements":[{"from":[9.832773,2.485001,6.7597814],"to":[9.832773,4.1992865,10.188353],"rotation":{"angle":0.0,"axis":"y","origin":[8.461345,7.0564294,-3.2402182]},"faces":{"east":{"uv":[11.875,5.625,11.125,6.0],"rotation":0,"texture":"#0","tintindex":0},"south":{"uv":[0.0,0.0,0.0,0.375],"rotation":0,"texture":"#0","tintindex":0},"north":{"uv":[0.0,0.0,0.0,0.375],"rotation":0,"texture":"#0","tintindex":0},"west":{"uv":[11.875,0.0,11.125,0.375],"rotation":0,"texture":"#0","tintindex":0},"up":{"uv":[0.0,0.75,0.0,0.0],"rotation":0,"texture":"#0","tintindex":0},"down":{"uv":[0.0,0.0,0.0,0.75],"rotation":0,"texture":"#0","tintindex":0}}},{"from":[9.261345,4.1992865,6.188353],"to":[9.832773,7.627858,10.759782],"rotation":{"angle":0.0,"axis":"y","origin":[8.461345,7.0564294,-3.2402182]},"faces":{"east":{"uv":[10.5,0.0,9.5,0.75],"rotation":0,"texture":"#0","tintindex":0},"south":{"uv":[6.875,4.25,6.75,5.0],"rotation":0,"texture":"#0","tintindex":0},"north":{"uv":[1.625,3.0,1.5,3.75],"rotation":0,"texture":"#0","tintindex":0},"west":{"uv":[10.375,5.625,9.375,6.375],"rotation":0,"texture":"#0","tintindex":0},"up":{"uv":[1.375,6.75,1.5,5.75],"rotation":0,"texture":"#0","tintindex":0},"down":{"uv":[2.625,6.75,2.75,7.75],"rotation":0,"texture":"#0","tintindex":0}}},{"from":[9.832773,7.627858,5.6169243],"to":[9.832773,9.342144,11.33121],"rotation":{"angle":0.0,"axis":"y","origin":[8.461345,7.0564294,-3.2402182]},"faces":{"east":{"uv":[11.25,6.75,10.0,7.125],"rotation":0,"texture":"#0","tintindex":0},"south":{"uv":[0.0,0.0,0.0,0.375],"rotation":0,"texture":"#0","tintindex":0},"north":{"uv":[0.0,0.0,0.0,0.375],"rotation":0,"texture":"#0","tintindex":0},"west":{"uv":[6.125,10.0,4.875,10.375],"rotation":0,"texture":"#0","tintindex":0},"up":{"uv":[0.0,1.25,0.0,0.0],"rotation":0,"texture":"#0","tintindex":0},"down":{"uv":[0.0,0.0,0.0,1.25],"rotation":0,"texture":"#0","tintindex":0}}},{"from":[6.0613446,4.3920355,6.0301337],"to":[9.489916,7.249179,11.172991],"rotation":{"angle":0.0,"axis":"y","origin":[7.604202,4.9634643,9.744419]},"faces":{"east":{"uv":[10.625,1.375,9.5,2.0],"rotation":0,"texture":"#0","tintindex":0},"south":{"uv":[0.75,10.375,0.0,11.0],"rotation":0,"texture":"#0","tintindex":0},"north":{"uv":[10.75,7.125,10.0,7.75],"rotation":0,"texture":"#0","tintindex":0},"west":{"uv":[10.625,0.75,9.5,1.375],"rotation":0,"texture":"#0","tintindex":0},"up":{"uv":[9.0,8.875,9.75,7.75],"rotation":0,"texture":"#0","tintindex":0},"down":{"uv":[8.375,9.0,9.125,10.125],"rotation":0,"texture":"#0","tintindex":0}}},{"from":[6.0470586,5.7842855,6.137505],"to":[9.47563,8.641428,10.708934],"rotation":{"angle":22.5,"axis":"x","origin":[7.604202,6.3557143,9.680363]},"faces":{"east":{"uv":[10.75,9.625,9.75,10.25],"rotation":0,"texture":"#0","tintindex":0},"south":{"uv":[5.0,10.375,4.25,11.0],"rotation":0,"texture":"#0","tintindex":0},"north":{"uv":[4.25,10.375,3.5,11.0],"rotation":0,"texture":"#0","tintindex":0},"west":{"uv":[10.75,7.75,9.75,8.375],"rotation":0,"texture":"#0","tintindex":0},"up":{"uv":[9.25,7.75,10.0,6.75],"rotation":0,"texture":"#0","tintindex":0},"down":{"uv":[0.0,9.375,0.75,10.375],"rotation":0,"texture":"#0","tintindex":0}}}],"textures":{"0":"modelengine:entity/red_lion"},"display":{"head":{"translation":[0.0,-6.4,0.0],"scale":[4.0,4.0,4.0]}}}