{"elements":[{"from":[4.9912186,6.5719566,7.9127865],"to":[4.9912186,13.4291,13.627073],"rotation":{"angle":-22.5,"axis":"y","origin":[4.9912186,11.4291,9.055644]},"faces":{"east":{"uv":[1.875,8.1875,2.5,8.9375],"rotation":0,"texture":"#0","tintindex":0},"south":{"uv":[0.0,0.0,0.0,0.75],"rotation":0,"texture":"#0","tintindex":0},"north":{"uv":[0.0,0.0,0.0,0.75],"rotation":0,"texture":"#0","tintindex":0},"west":{"uv":[0.0,8.25,0.625,9.0],"rotation":0,"texture":"#0","tintindex":0},"up":{"uv":[0.0,0.625,0.0,0.0],"rotation":0,"texture":"#0","tintindex":0},"down":{"uv":[0.0,0.0,0.0,0.625],"rotation":0,"texture":"#0","tintindex":0}}},{"from":[5.428571,6.5714283,2.2857141],"to":[11.714286,13.428572,10.285714],"rotation":{"angle":0.0,"axis":"y","origin":[8.285714,12.285715,5.142857]},"faces":{"east":{"uv":[7.4375,3.6875,8.3125,4.4375],"rotation":0,"texture":"#0","tintindex":0},"south":{"uv":[8.0625,7.9375,8.75,8.6875],"rotation":0,"texture":"#0","tintindex":0},"north":{"uv":[7.875,0.0,8.5625,0.75],"rotation":0,"texture":"#0","tintindex":0},"west":{"uv":[3.0,7.5,3.875,8.25],"rotation":0,"texture":"#0","tintindex":0},"up":{"uv":[4.875,6.0625,4.1875,5.1875],"rotation":0,"texture":"#0","tintindex":0},"down":{"uv":[8.0625,7.5625,7.375,8.4375],"rotation":0,"texture":"#0","tintindex":0}}},{"from":[5.428571,11.811923,9.61584],"to":[11.714286,11.811923,14.187269],"rotation":{"angle":45.0,"axis":"x","origin":[8.571428,11.811923,11.901554]},"faces":{"east":{"uv":[0.0,0.0,0.5,0.0],"rotation":0,"texture":"#0","tintindex":0},"south":{"uv":[0.0,0.0,0.6875,0.0],"rotation":0,"texture":"#0","tintindex":0},"north":{"uv":[0.0,0.0,0.6875,0.0],"rotation":0,"texture":"#0","tintindex":0},"west":{"uv":[0.0,0.0,0.5,0.0],"rotation":0,"texture":"#0","tintindex":0},"up":{"uv":[9.25,0.5,8.5625,0.0],"rotation":0,"texture":"#0","tintindex":0},"down":{"uv":[9.375,8.6875,8.6875,9.1875],"rotation":0,"texture":"#0","tintindex":0}}},{"from":[5.428571,14.193938,7.8477592],"to":[10.571428,14.193938,11.847759],"rotation":{"angle":-22.5,"axis":"x","origin":[8.0,14.193938,9.847759]},"faces":{"east":{"uv":[0.0,0.0,0.4375,0.0],"rotation":0,"texture":"#0","tintindex":0},"south":{"uv":[0.0,0.0,0.5625,0.0],"rotation":0,"texture":"#0","tintindex":0},"north":{"uv":[0.0,0.0,0.5625,0.0],"rotation":0,"texture":"#0","tintindex":0},"west":{"uv":[0.0,0.0,0.4375,0.0],"rotation":0,"texture":"#0","tintindex":0},"up":{"uv":[0.5625,9.4375,0.0,9.0],"rotation":0,"texture":"#0","tintindex":0},"down":{"uv":[5.5625,9.0625,5.0,9.5],"rotation":0,"texture":"#0","tintindex":0}}},{"from":[6.0,8.857143,-2.8571434],"to":[11.142858,12.857143,2.2857141],"rotation":{"angle":0.0,"axis":"y","origin":[8.0,11.142858,-0.2857151]},"faces":{"east":{"uv":[9.125,4.125,9.6875,4.5625],"rotation":0,"texture":"#0","tintindex":0},"south":{"uv":[9.125,4.5625,9.6875,5.0],"rotation":0,"texture":"#0","tintindex":0},"north":{"uv":[9.125,3.6875,9.6875,4.125],"rotation":0,"texture":"#0","tintindex":0},"west":{"uv":[0.875,9.1875,1.4375,9.625],"rotation":0,"texture":"#0","tintindex":0},"up":{"uv":[7.0625,9.375,6.5,8.8125],"rotation":0,"texture":"#0","tintindex":0},"down":{"uv":[9.4375,0.9375,8.875,1.5],"rotation":0,"texture":"#0","tintindex":0}}},{"from":[4.8571424,12.285715,1.7142854],"to":[6.5714283,14.0,5.142857],"rotation":{"angle":-22.5,"axis":"y","origin":[5.428571,13.142858,3.4285712]},"faces":{"east":{"uv":[8.3125,9.6875,8.6875,9.875],"rotation":0,"texture":"#0","tintindex":0},"south":{"uv":[9.9375,4.0,10.125,4.1875],"rotation":0,"texture":"#0","tintindex":0},"north":{"uv":[9.9375,3.8125,10.125,4.0],"rotation":0,"texture":"#0","tintindex":0},"west":{"uv":[2.125,9.75,2.5,9.9375],"rotation":0,"texture":"#0","tintindex":0},"up":{"uv":[6.1875,8.25,6.0,7.875],"rotation":0,"texture":"#0","tintindex":0},"down":{"uv":[8.75,1.5,8.5625,1.875],"rotation":0,"texture":"#0","tintindex":0}}},{"from":[4.8571424,12.285715,2.8571424],"to":[4.8571424,14.571428,10.857143],"rotation":{"angle":-22.5,"axis":"y","origin":[5.428571,13.142858,3.4285712]},"faces":{"east":{"uv":[8.75,8.3125,9.625,8.5625],"rotation":0,"texture":"#0","tintindex":0},"south":{"uv":[0.0,0.0,0.0,0.25],"rotation":0,"texture":"#0","tintindex":0},"north":{"uv":[0.0,0.0,0.0,0.25],"rotation":0,"texture":"#0","tintindex":0},"west":{"uv":[8.875,5.0,9.75,5.25],"rotation":0,"texture":"#0","tintindex":0},"up":{"uv":[0.0,0.875,0.0,0.0],"rotation":0,"texture":"#0","tintindex":0},"down":{"uv":[0.0,0.0,0.0,0.875],"rotation":0,"texture":"#0","tintindex":0}}},{"from":[5.714286,9.714286,8.571428],"to":[5.714286,14.285715,18.857143],"rotation":{"angle":-22.5,"axis":"y","origin":[9.142858,6.857143,9.142858]},"faces":{"east":{"uv":[7.8125,2.3125,8.9375,2.8125],"rotation":0,"texture":"#0","tintindex":0},"south":{"uv":[0.0,0.0,0.0,0.5],"rotation":0,"texture":"#0","tintindex":0},"north":{"uv":[0.0,0.0,0.0,0.5],"rotation":0,"texture":"#0","tintindex":0},"west":{"uv":[7.8125,2.8125,8.9375,3.3125],"rotation":0,"texture":"#0","tintindex":0},"up":{"uv":[0.0,1.125,0.0,0.0],"rotation":0,"texture":"#0","tintindex":0},"down":{"uv":[0.0,0.0,0.0,1.125],"rotation":0,"texture":"#0","tintindex":0}}},{"from":[10.614926,12.285715,1.4956088],"to":[12.329212,14.0,4.924181],"rotation":{"angle":22.5,"axis":"y","origin":[12.285715,13.142858,3.4285712]},"faces":{"east":{"uv":[2.5,9.75,2.125,9.9375],"rotation":0,"texture":"#0","tintindex":0},"south":{"uv":[10.125,4.0,9.9375,4.1875],"rotation":0,"texture":"#0","tintindex":0},"north":{"uv":[10.125,3.8125,9.9375,4.0],"rotation":0,"texture":"#0","tintindex":0},"west":{"uv":[8.6875,9.6875,8.3125,9.875],"rotation":0,"texture":"#0","tintindex":0},"up":{"uv":[6.0,8.25,6.1875,7.875],"rotation":0,"texture":"#0","tintindex":0},"down":{"uv":[8.5625,1.5,8.75,1.875],"rotation":0,"texture":"#0","tintindex":0}}},{"from":[12.329212,12.285715,2.6384664],"to":[12.329212,14.571428,10.638467],"rotation":{"angle":22.5,"axis":"y","origin":[12.285715,13.142858,3.4285712]},"faces":{"east":{"uv":[9.75,5.0,8.875,5.25],"rotation":0,"texture":"#0","tintindex":0},"south":{"uv":[0.0,0.0,0.0,0.25],"rotation":0,"texture":"#0","tintindex":0},"north":{"uv":[0.0,0.0,0.0,0.25],"rotation":0,"texture":"#0","tintindex":0},"west":{"uv":[9.625,8.3125,8.75,8.5625],"rotation":0,"texture":"#0","tintindex":0},"up":{"uv":[0.0,0.875,0.0,0.0],"rotation":0,"texture":"#0","tintindex":0},"down":{"uv":[0.0,0.0,0.0,0.875],"rotation":0,"texture":"#0","tintindex":0}}},{"from":[11.472069,9.714286,8.352753],"to":[11.472069,14.285715,18.638468],"rotation":{"angle":22.5,"axis":"y","origin":[8.571428,6.857143,9.142858]},"faces":{"east":{"uv":[8.9375,2.8125,7.8125,3.3125],"rotation":0,"texture":"#0","tintindex":0},"south":{"uv":[0.0,0.0,0.0,0.5],"rotation":0,"texture":"#0","tintindex":0},"north":{"uv":[0.0,0.0,0.0,0.5],"rotation":0,"texture":"#0","tintindex":0},"west":{"uv":[8.9375,2.3125,7.8125,2.8125],"rotation":0,"texture":"#0","tintindex":0},"up":{"uv":[0.0,1.125,0.0,0.0],"rotation":0,"texture":"#0","tintindex":0},"down":{"uv":[0.0,0.0,0.0,1.125],"rotation":0,"texture":"#0","tintindex":0}}},{"from":[12.195136,6.5719566,7.6941104],"to":[12.195136,13.4291,13.408396],"rotation":{"angle":22.5,"axis":"y","origin":[12.723066,11.4291,9.055644]},"faces":{"east":{"uv":[0.625,8.25,0.0,9.0],"rotation":0,"texture":"#0","tintindex":0},"south":{"uv":[0.0,0.0,0.0,0.75],"rotation":0,"texture":"#0","tintindex":0},"north":{"uv":[0.0,0.0,0.0,0.75],"rotation":0,"texture":"#0","tintindex":0},"west":{"uv":[2.5,8.1875,1.875,8.9375],"rotation":0,"texture":"#0","tintindex":0},"up":{"uv":[0.0,0.625,0.0,0.0],"rotation":0,"texture":"#0","tintindex":0},"down":{"uv":[0.0,0.0,0.0,0.625],"rotation":0,"texture":"#0","tintindex":0}}}],"textures":{"0":"modelengine:entity/lr_gryffin_corvid"},"display":{"head":{"translation":[0.0,-6.4,0.0],"scale":[4.0,4.0,4.0]}}}