{"elements":[{"from":[6.285714,5.74721,5.1240973],"to":[9.714286,8.032925,9.124098],"rotation":{"angle":0.0,"axis":"y","origin":[13.142858,9.175781,-4.0187597]},"faces":{"east":{"uv":[9.5625,6.3125,10.0,6.5625],"rotation":0,"texture":"#0","tintindex":0},"south":{"uv":[9.625,8.3125,10.0,8.5625],"rotation":0,"texture":"#0","tintindex":0},"north":{"uv":[9.625,6.875,10.0,7.125],"rotation":0,"texture":"#0","tintindex":0},"west":{"uv":[0.875,9.625,1.3125,9.875],"rotation":0,"texture":"#0","tintindex":0},"up":{"uv":[9.625,1.9375,9.25,1.5],"rotation":0,"texture":"#0","tintindex":0},"down":{"uv":[9.625,5.25,9.25,5.6875],"rotation":0,"texture":"#0","tintindex":0}}},{"from":[5.714286,5.8571424,2.8571424],"to":[10.285714,8.714286,5.714286],"rotation":{"angle":22.5,"axis":"x","origin":[8.571428,7.285714,5.142857]},"faces":{"east":{"uv":[9.625,5.25,9.9375,5.5625],"rotation":0,"texture":"#0","tintindex":0},"south":{"uv":[9.3125,2.625,9.8125,2.9375],"rotation":0,"texture":"#0","tintindex":0},"north":{"uv":[9.3125,0.4375,9.8125,0.75],"rotation":0,"texture":"#0","tintindex":0},"west":{"uv":[9.625,6.5625,9.9375,6.875],"rotation":0,"texture":"#0","tintindex":0},"up":{"uv":[9.8125,3.25,9.3125,2.9375],"rotation":0,"texture":"#0","tintindex":0},"down":{"uv":[9.8125,5.6875,9.3125,6.0],"rotation":0,"texture":"#0","tintindex":0}}},{"from":[6.428571,5.285714,1.7142854],"to":[6.428571,8.142858,4.0],"rotation":{"angle":22.5,"axis":"x","origin":[6.285714,7.285714,5.142857]},"faces":{"east":{"uv":[4.0625,9.6875,4.3125,10.0],"rotation":0,"texture":"#0","tintindex":0},"south":{"uv":[0.0,0.0,0.0,0.3125],"rotation":0,"texture":"#0","tintindex":0},"north":{"uv":[0.0,0.0,0.0,0.3125],"rotation":0,"texture":"#0","tintindex":0},"west":{"uv":[9.6875,4.25,9.9375,4.5625],"rotation":0,"texture":"#0","tintindex":0},"up":{"uv":[0.0,0.25,0.0,0.0],"rotation":0,"texture":"#0","tintindex":0},"down":{"uv":[0.0,0.0,0.0,0.25],"rotation":0,"texture":"#0","tintindex":0}}},{"from":[8.0,5.285714,1.7142854],"to":[8.0,8.142858,4.0],"rotation":{"angle":22.5,"axis":"x","origin":[6.285714,7.285714,5.142857]},"faces":{"east":{"uv":[9.6875,4.5625,9.9375,4.875],"rotation":0,"texture":"#0","tintindex":0},"south":{"uv":[0.0,0.0,0.0,0.3125],"rotation":0,"texture":"#0","tintindex":0},"north":{"uv":[0.0,0.0,0.0,0.3125],"rotation":0,"texture":"#0","tintindex":0},"west":{"uv":[5.5625,9.6875,5.8125,10.0],"rotation":0,"texture":"#0","tintindex":0},"up":{"uv":[0.0,0.25,0.0,0.0],"rotation":0,"texture":"#0","tintindex":0},"down":{"uv":[0.0,0.0,0.0,0.25],"rotation":0,"texture":"#0","tintindex":0}}},{"from":[9.428572,5.285714,1.7142854],"to":[9.428572,8.142858,4.0],"rotation":{"angle":22.5,"axis":"x","origin":[6.285714,7.285714,5.142857]},"faces":{"east":{"uv":[6.4375,9.6875,6.6875,10.0],"rotation":0,"texture":"#0","tintindex":0},"south":{"uv":[0.0,0.0,0.0,0.3125],"rotation":0,"texture":"#0","tintindex":0},"north":{"uv":[0.0,0.0,0.0,0.3125],"rotation":0,"texture":"#0","tintindex":0},"west":{"uv":[6.6875,9.6875,6.9375,10.0],"rotation":0,"texture":"#0","tintindex":0},"up":{"uv":[0.0,0.25,0.0,0.0],"rotation":0,"texture":"#0","tintindex":0},"down":{"uv":[0.0,0.0,0.0,0.25],"rotation":0,"texture":"#0","tintindex":0}}}],"textures":{"0":"modelengine:entity/lr_gryffin_corvid"},"display":{"head":{"translation":[0.0,-6.4,0.0],"scale":[4.0,4.0,4.0]}}}