{"elements":[{"from":[5.714286,2.4421334,4.086392],"to":[10.285714,11.584991,11.514963],"rotation":{"angle":0.0,"axis":"y","origin":[6.285714,9.870705,5.229249]},"faces":{"east":{"uv":[7.0,0.9375,7.8125,1.9375],"rotation":0,"texture":"#0","tintindex":0},"south":{"uv":[1.375,8.1875,1.875,9.1875],"rotation":0,"texture":"#0","tintindex":0},"north":{"uv":[0.875,8.1875,1.375,9.1875],"rotation":0,"texture":"#0","tintindex":0},"west":{"uv":[4.1875,7.25,5.0,8.25],"rotation":0,"texture":"#0","tintindex":0},"up":{"uv":[8.9375,6.625,8.4375,5.8125],"rotation":0,"texture":"#0","tintindex":0},"down":{"uv":[7.8125,8.4375,7.3125,9.25],"rotation":0,"texture":"#0","tintindex":0}}},{"from":[2.9656677,12.131153,4.086392],"to":[5.82281,12.131153,11.514963],"rotation":{"angle":-22.5,"axis":"z","origin":[4.394239,12.131153,7.800678]},"faces":{"east":{"uv":[7.0,0.9375,7.8125,0.9375],"rotation":0,"texture":"#0","tintindex":0},"south":{"uv":[1.375,8.1875,1.6875,8.1875],"rotation":0,"texture":"#0","tintindex":0},"north":{"uv":[0.875,8.1875,1.1875,8.1875],"rotation":0,"texture":"#0","tintindex":0},"west":{"uv":[4.1875,7.25,5.0,7.25],"rotation":0,"texture":"#0","tintindex":0},"up":{"uv":[10.4375,1.75,10.125,0.9375],"rotation":0,"texture":"#0","tintindex":0},"down":{"uv":[10.4375,0.9375,10.125,1.75],"rotation":0,"texture":"#0","tintindex":0}}},{"from":[6.3703146,2.4421334,11.384472],"to":[6.3703146,11.584991,14.813044],"rotation":{"angle":22.5,"axis":"y","origin":[6.3703146,7.013562,13.098757]},"faces":{"east":{"uv":[8.5,6.625,8.875,7.625],"rotation":0,"texture":"#0","tintindex":0},"south":{"uv":[0.0,0.0,0.0,1.0],"rotation":0,"texture":"#0","tintindex":0},"north":{"uv":[0.0,0.0,0.0,1.0],"rotation":0,"texture":"#0","tintindex":0},"west":{"uv":[8.3125,8.6875,8.6875,9.6875],"rotation":0,"texture":"#0","tintindex":0},"up":{"uv":[0.0,0.375,0.0,0.0],"rotation":0,"texture":"#0","tintindex":0},"down":{"uv":[0.0,0.0,0.0,0.375],"rotation":0,"texture":"#0","tintindex":0}}}],"textures":{"0":"modelengine:entity/lr_gryffin_corvid"},"display":{"head":{"translation":[0.0,-6.4,0.0],"scale":[4.0,4.0,4.0]}}}