{"elements":[{"from":[9.029026,8.428793,11.714286],"to":[9.029026,19.285936,16.285715],"rotation":{"angle":0.0,"axis":"y","origin":[9.029026,8.428793,8.857143]},"faces":{"east":{"uv":[5.0,7.875,5.5,9.0625],"rotation":0,"texture":"#0","tintindex":0},"south":{"uv":[0.0,0.0,0.0,1.1875],"rotation":0,"texture":"#0","tintindex":0},"north":{"uv":[0.0,0.0,0.0,1.1875],"rotation":0,"texture":"#0","tintindex":0},"west":{"uv":[5.5,7.875,6.0,9.0625],"rotation":0,"texture":"#0","tintindex":0},"up":{"uv":[0.0,0.5,0.0,0.0],"rotation":0,"texture":"#0","tintindex":0},"down":{"uv":[0.0,0.0,0.0,0.5],"rotation":0,"texture":"#0","tintindex":0}}},{"from":[9.903774,10.714508,16.111944],"to":[9.903774,19.285936,20.683372],"rotation":{"angle":22.5,"axis":"y","origin":[9.903774,13.857365,18.397657]},"faces":{"east":{"uv":[3.5,8.25,4.0,9.1875],"rotation":0,"texture":"#0","tintindex":0},"south":{"uv":[0.0,0.0,0.0,0.9375],"rotation":0,"texture":"#0","tintindex":0},"north":{"uv":[0.0,0.0,0.0,0.9375],"rotation":0,"texture":"#0","tintindex":0},"west":{"uv":[4.0,8.25,4.5,9.1875],"rotation":0,"texture":"#0","tintindex":0},"up":{"uv":[0.0,0.5,0.0,0.0],"rotation":0,"texture":"#0","tintindex":0},"down":{"uv":[0.0,0.0,0.0,0.5],"rotation":0,"texture":"#0","tintindex":0}}},{"from":[6.7438827,7.8573647,7.714286],"to":[9.029597,19.285936,11.714286],"rotation":{"angle":0.0,"axis":"y","origin":[7.88674,7.8573647,8.857143]},"faces":{"east":{"uv":[8.0,5.4375,8.4375,6.6875],"rotation":0,"texture":"#0","tintindex":0},"south":{"uv":[8.875,3.6875,9.125,4.9375],"rotation":0,"texture":"#0","tintindex":0},"north":{"uv":[7.0625,8.8125,7.3125,10.0625],"rotation":0,"texture":"#0","tintindex":0},"west":{"uv":[8.0625,6.6875,8.5,7.9375],"rotation":0,"texture":"#0","tintindex":0},"up":{"uv":[4.875,10.0,4.625,9.5625],"rotation":0,"texture":"#0","tintindex":0},"down":{"uv":[1.5625,9.625,1.3125,10.0625],"rotation":0,"texture":"#0","tintindex":0}}},{"from":[9.116064,7.1520786,7.714286],"to":[9.116064,14.58065,16.285715],"rotation":{"angle":-22.5,"axis":"z","origin":[7.973207,8.294936,8.857143]},"faces":{"east":{"uv":[0.875,7.375,1.8125,8.1875],"rotation":0,"texture":"#0","tintindex":0},"south":{"uv":[0.0,0.0,0.0,0.8125],"rotation":0,"texture":"#0","tintindex":0},"north":{"uv":[0.0,0.0,0.0,0.8125],"rotation":0,"texture":"#0","tintindex":0},"west":{"uv":[7.375,4.625,8.3125,5.4375],"rotation":0,"texture":"#0","tintindex":0},"up":{"uv":[0.0,0.9375,0.0,0.0],"rotation":0,"texture":"#0","tintindex":0},"down":{"uv":[0.0,0.0,0.0,0.9375],"rotation":0,"texture":"#0","tintindex":0}}}],"textures":{"0":"modelengine:entity/lr_gryffin_corvid"},"display":{"head":{"translation":[0.0,-6.4,0.0],"scale":[4.0,4.0,4.0]}}}