{"elements":[{"from":[5.142857,14.123259,1.421989],"to":[10.285714,18.694687,8.850561],"rotation":{"angle":0.0,"axis":"y","origin":[8.0,-4.733886,10.564847]},"faces":{"east":{"uv":[6.5,8.3125,7.3125,8.8125],"rotation":0,"texture":"#0","tintindex":0},"south":{"uv":[8.875,7.125,9.4375,7.625],"rotation":0,"texture":"#0","tintindex":0},"north":{"uv":[8.875,6.625,9.4375,7.125],"rotation":0,"texture":"#0","tintindex":0},"west":{"uv":[8.4375,5.3125,9.25,5.8125],"rotation":0,"texture":"#0","tintindex":0},"up":{"uv":[8.875,4.5,8.3125,3.6875],"rotation":0,"texture":"#0","tintindex":0},"down":{"uv":[8.875,4.5,8.3125,5.3125],"rotation":0,"texture":"#0","tintindex":0}}},{"from":[3.4285712,4.408972,0.85056067],"to":[12.0,14.123259,9.993418],"rotation":{"angle":0.0,"axis":"y","origin":[8.0,-4.733886,10.564847]},"faces":{"east":{"uv":[2.125,6.25,3.125,7.3125],"rotation":0,"texture":"#0","tintindex":0},"south":{"uv":[6.4375,5.6875,7.375,6.75],"rotation":0,"texture":"#0","tintindex":0},"north":{"uv":[6.4375,4.625,7.375,5.6875],"rotation":0,"texture":"#0","tintindex":0},"west":{"uv":[3.125,6.25,2.125,7.3125],"rotation":0,"texture":"#0","tintindex":0},"up":{"uv":[7.375,7.75,6.4375,6.75],"rotation":0,"texture":"#0","tintindex":0},"down":{"uv":[6.1875,6.875,5.25,7.875],"rotation":0,"texture":"#0","tintindex":0}}},{"from":[3.4285712,7.851497,11.4072275],"to":[12.0,11.851498,11.4072275],"rotation":{"angle":-45.0,"axis":"x","origin":[7.714286,9.851498,11.4072275]},"faces":{"east":{"uv":[2.125,6.25,2.125,6.6875],"rotation":0,"texture":"#0","tintindex":0},"south":{"uv":[16.0,0.0,15.0625,0.4375],"rotation":0,"texture":"#0","tintindex":0},"north":{"uv":[15.0625,0.0,16.0,0.4375],"rotation":0,"texture":"#0","tintindex":0},"west":{"uv":[6.4375,3.5625,6.4375,4.0],"rotation":0,"texture":"#0","tintindex":0},"up":{"uv":[7.375,6.75,6.4375,6.75],"rotation":0,"texture":"#0","tintindex":0},"down":{"uv":[6.1875,6.875,5.25,6.875],"rotation":0,"texture":"#0","tintindex":0}}},{"from":[3.4285712,5.176139,-0.13348293],"to":[12.0,10.318996,-0.13348293],"rotation":{"angle":22.5,"axis":"x","origin":[7.714286,7.7475677,-0.13348293]},"faces":{"east":{"uv":[2.125,6.25,2.125,6.8125],"rotation":0,"texture":"#0","tintindex":0},"south":{"uv":[13.9375,0.0,13.0,0.5625],"rotation":0,"texture":"#0","tintindex":0},"north":{"uv":[13.0,0.0,13.9375,0.5625],"rotation":0,"texture":"#0","tintindex":0},"west":{"uv":[6.4375,3.5625,6.4375,4.125],"rotation":0,"texture":"#0","tintindex":0},"up":{"uv":[7.375,6.75,6.4375,6.75],"rotation":0,"texture":"#0","tintindex":0},"down":{"uv":[6.1875,6.875,5.25,6.875],"rotation":0,"texture":"#0","tintindex":0}}}],"textures":{"0":"modelengine:entity/lr_gryffin_corvid"},"display":{"head":{"translation":[0.0,-6.4,0.0],"scale":[4.0,4.0,4.0]}}}