{"elements":[{"from":[10.595522,7.013562,4.3200665],"to":[12.309808,9.299276,8.891496],"rotation":{"angle":-22.5,"axis":"y","origin":[10.881236,8.0235405,4.980282]},"faces":{"east":{"uv":[9.9375,1.125,9.4375,1.375],"rotation":0,"texture":"#0","tintindex":0},"south":{"uv":[8.5,9.875,8.3125,10.125],"rotation":0,"texture":"#0","tintindex":0},"north":{"uv":[1.25,9.875,1.0625,10.125],"rotation":0,"texture":"#0","tintindex":0},"west":{"uv":[7.4375,3.3125,6.9375,3.5625],"rotation":0,"texture":"#0","tintindex":0},"up":{"uv":[9.1875,10.125,9.375,9.625],"rotation":0,"texture":"#0","tintindex":0},"down":{"uv":[2.875,9.6875,3.0625,10.1875],"rotation":0,"texture":"#0","tintindex":0}}},{"from":[10.595522,5.2992764,4.3200665],"to":[12.309808,7.013562,6.605781],"rotation":{"angle":-22.5,"axis":"y","origin":[10.881236,8.0235405,4.980282]},"faces":{"east":{"uv":[2.0625,8.0,1.8125,8.1875],"rotation":0,"texture":"#0","tintindex":0},"south":{"uv":[10.125,5.125,9.9375,5.3125],"rotation":0,"texture":"#0","tintindex":0},"north":{"uv":[10.125,4.5625,9.9375,4.75],"rotation":0,"texture":"#0","tintindex":0},"west":{"uv":[5.5,6.6875,5.25,6.875],"rotation":0,"texture":"#0","tintindex":0},"up":{"uv":[8.5,10.125,8.6875,9.875],"rotation":0,"texture":"#0","tintindex":0},"down":{"uv":[9.875,9.3125,10.0625,9.5625],"rotation":0,"texture":"#0","tintindex":0}}},{"from":[11.452664,3.5849905,4.3200665],"to":[11.452664,5.870705,6.605781],"rotation":{"angle":-22.5,"axis":"y","origin":[10.881236,8.0235405,4.980282]},"faces":{"east":{"uv":[8.9375,9.75,8.6875,10.0],"rotation":0,"texture":"#0","tintindex":0},"south":{"uv":[0.0,0.0,0.0,0.25],"rotation":0,"texture":"#0","tintindex":0},"north":{"uv":[0.0,0.0,0.0,0.25],"rotation":0,"texture":"#0","tintindex":0},"west":{"uv":[7.5625,9.75,7.3125,10.0],"rotation":0,"texture":"#0","tintindex":0},"up":{"uv":[0.0,0.25,0.0,0.0],"rotation":0,"texture":"#0","tintindex":0},"down":{"uv":[0.0,0.0,0.0,0.25],"rotation":0,"texture":"#0","tintindex":0}}},{"from":[7.16695,7.013562,4.0343523],"to":[8.881236,9.299276,8.605781],"rotation":{"angle":0.0,"axis":"y","origin":[10.881236,8.0235405,4.980282]},"faces":{"east":{"uv":[9.875,9.5,9.375,9.75],"rotation":0,"texture":"#0","tintindex":0},"south":{"uv":[10.0625,9.8125,9.875,10.0625],"rotation":0,"texture":"#0","tintindex":0},"north":{"uv":[10.0625,9.5625,9.875,9.8125],"rotation":0,"texture":"#0","tintindex":0},"west":{"uv":[9.9375,7.25,9.4375,7.5],"rotation":0,"texture":"#0","tintindex":0},"up":{"uv":[3.0625,10.1875,3.25,9.6875],"rotation":0,"texture":"#0","tintindex":0},"down":{"uv":[3.25,9.6875,3.4375,10.1875],"rotation":0,"texture":"#0","tintindex":0}}},{"from":[7.16695,5.2992764,4.0343523],"to":[8.881236,7.013562,6.3200665],"rotation":{"angle":0.0,"axis":"y","origin":[10.881236,8.0235405,4.980282]},"faces":{"east":{"uv":[10.0,3.4375,9.75,3.625],"rotation":0,"texture":"#0","tintindex":0},"south":{"uv":[10.125,6.0,9.9375,6.1875],"rotation":0,"texture":"#0","tintindex":0},"north":{"uv":[10.125,5.3125,9.9375,5.5],"rotation":0,"texture":"#0","tintindex":0},"west":{"uv":[4.125,8.0625,3.875,8.25],"rotation":0,"texture":"#0","tintindex":0},"up":{"uv":[9.9375,1.375,10.125,1.125],"rotation":0,"texture":"#0","tintindex":0},"down":{"uv":[9.9375,1.375,10.125,1.625],"rotation":0,"texture":"#0","tintindex":0}}},{"from":[8.024093,3.5849905,4.0343523],"to":[8.024093,5.870705,6.3200665],"rotation":{"angle":0.0,"axis":"y","origin":[10.881236,8.0235405,4.980282]},"faces":{"east":{"uv":[9.875,9.75,9.625,10.0],"rotation":0,"texture":"#0","tintindex":0},"south":{"uv":[0.0,0.0,0.0,0.25],"rotation":0,"texture":"#0","tintindex":0},"north":{"uv":[0.0,0.0,0.0,0.25],"rotation":0,"texture":"#0","tintindex":0},"west":{"uv":[9.625,9.75,9.375,10.0],"rotation":0,"texture":"#0","tintindex":0},"up":{"uv":[0.0,0.25,0.0,0.0],"rotation":0,"texture":"#0","tintindex":0},"down":{"uv":[0.0,0.0,0.0,0.25],"rotation":0,"texture":"#0","tintindex":0}}},{"from":[4.4526644,7.013562,3.4629235],"to":[6.16695,9.299276,8.034352],"rotation":{"angle":22.5,"axis":"y","origin":[8.024093,6.442134,5.748638]},"faces":{"east":{"uv":[10.0625,2.375,9.5625,2.625],"rotation":0,"texture":"#0","tintindex":0},"south":{"uv":[1.9375,9.9375,1.75,10.1875],"rotation":0,"texture":"#0","tintindex":0},"north":{"uv":[1.75,9.9375,1.5625,10.1875],"rotation":0,"texture":"#0","tintindex":0},"west":{"uv":[10.0625,2.125,9.5625,2.375],"rotation":0,"texture":"#0","tintindex":0},"up":{"uv":[3.4375,10.1875,3.625,9.6875],"rotation":0,"texture":"#0","tintindex":0},"down":{"uv":[3.625,9.6875,3.8125,10.1875],"rotation":0,"texture":"#0","tintindex":0}}},{"from":[4.4526644,5.2992764,3.4629235],"to":[6.16695,7.013562,5.748638],"rotation":{"angle":22.5,"axis":"y","origin":[8.024093,6.442134,5.748638]},"faces":{"east":{"uv":[10.0625,5.8125,9.8125,6.0],"rotation":0,"texture":"#0","tintindex":0},"south":{"uv":[10.125,7.125,9.9375,7.3125],"rotation":0,"texture":"#0","tintindex":0},"north":{"uv":[10.125,6.5625,9.9375,6.75],"rotation":0,"texture":"#0","tintindex":0},"west":{"uv":[10.0625,0.5625,9.8125,0.75],"rotation":0,"texture":"#0","tintindex":0},"up":{"uv":[9.9375,2.125,10.125,1.875],"rotation":0,"texture":"#0","tintindex":0},"down":{"uv":[1.9375,9.9375,2.125,10.1875],"rotation":0,"texture":"#0","tintindex":0}}},{"from":[5.3098073,3.5849905,3.4629235],"to":[5.3098073,5.870705,5.748638],"rotation":{"angle":22.5,"axis":"y","origin":[8.024093,6.442134,5.748638]},"faces":{"east":{"uv":[10.0625,2.625,9.8125,2.875],"rotation":0,"texture":"#0","tintindex":0},"south":{"uv":[0.0,0.0,0.0,0.25],"rotation":0,"texture":"#0","tintindex":0},"north":{"uv":[0.0,0.0,0.0,0.25],"rotation":0,"texture":"#0","tintindex":0},"west":{"uv":[10.0625,0.3125,9.8125,0.5625],"rotation":0,"texture":"#0","tintindex":0},"up":{"uv":[0.0,0.25,0.0,0.0],"rotation":0,"texture":"#0","tintindex":0},"down":{"uv":[0.0,0.0,0.0,0.25],"rotation":0,"texture":"#0","tintindex":0}}}],"textures":{"0":"modelengine:entity/lr_gryffin_corvid"},"display":{"head":{"translation":[0.0,-6.4,0.0],"scale":[4.0,4.0,4.0]}}}