{"elements":[{"from":[6.857143,-2.285717,-5.714287],"to":[6.857143,18.857141,14.857143],"rotation":{"angle":0.0,"axis":"y","origin":[5.608588,11.590641,5.714286]},"faces":{"east":{"uv":[0.0,0.0,2.25,2.3125],"rotation":0,"texture":"#0","tintindex":0},"south":{"uv":[0.0,0.0,0.0,2.3125],"rotation":0,"texture":"#0","tintindex":0},"north":{"uv":[0.0,0.0,0.0,2.3125],"rotation":0,"texture":"#0","tintindex":0},"west":{"uv":[2.25,0.0,0.0,2.3125],"rotation":0,"texture":"#0","tintindex":0},"up":{"uv":[0.0,2.25,0.0,0.0],"rotation":0,"texture":"#0","tintindex":0},"down":{"uv":[0.0,0.0,0.0,2.25],"rotation":0,"texture":"#0","tintindex":0}}},{"from":[5.65438,-2.285717,11.189554],"to":[5.65438,18.857141,17.47527],"rotation":{"angle":-22.5,"axis":"y","origin":[5.65438,8.285712,14.332412]},"faces":{"east":{"uv":[5.5625,3.75,4.875,6.0625],"rotation":0,"texture":"#0","tintindex":0},"south":{"uv":[0.0,0.0,0.0,2.3125],"rotation":0,"texture":"#0","tintindex":0},"north":{"uv":[0.0,0.0,0.0,2.3125],"rotation":0,"texture":"#0","tintindex":0},"west":{"uv":[5.1875,1.4375,4.5,3.75],"rotation":0,"texture":"#0","tintindex":0},"up":{"uv":[0.0,0.6875,0.0,0.0],"rotation":0,"texture":"#0","tintindex":0},"down":{"uv":[0.0,0.0,0.0,0.6875],"rotation":0,"texture":"#0","tintindex":0}}},{"from":[5.65438,-2.285717,14.618126],"to":[5.65438,18.857141,20.903841],"rotation":{"angle":-22.5,"axis":"y","origin":[5.65438,8.285712,17.760983]},"faces":{"east":{"uv":[4.1875,5.1875,3.5,7.5],"rotation":0,"texture":"#0","tintindex":0},"south":{"uv":[0.0,0.0,0.0,2.3125],"rotation":0,"texture":"#0","tintindex":0},"north":{"uv":[0.0,0.0,0.0,2.3125],"rotation":0,"texture":"#0","tintindex":0},"west":{"uv":[5.875,1.4375,5.1875,3.75],"rotation":0,"texture":"#0","tintindex":0},"up":{"uv":[0.0,0.6875,0.0,0.0],"rotation":0,"texture":"#0","tintindex":0},"down":{"uv":[0.0,0.0,0.0,0.6875],"rotation":0,"texture":"#0","tintindex":0}}},{"from":[7.940138,-2.285717,10.046478],"to":[7.940138,12.571426,16.332193],"rotation":{"angle":-22.5,"axis":"y","origin":[7.940138,8.285712,13.189336]},"faces":{"east":{"uv":[4.1875,5.1875,3.5,6.8125],"rotation":0,"texture":"#0","tintindex":0},"south":{"uv":[0.0,0.0,0.0,2.3125],"rotation":0,"texture":"#0","tintindex":0},"north":{"uv":[0.0,0.0,0.0,2.3125],"rotation":0,"texture":"#0","tintindex":0},"west":{"uv":[5.875,1.4375,5.1875,3.0625],"rotation":0,"texture":"#0","tintindex":0},"up":{"uv":[0.0,0.6875,0.0,0.0],"rotation":0,"texture":"#0","tintindex":0},"down":{"uv":[0.0,0.0,0.0,0.6875],"rotation":0,"texture":"#0","tintindex":0}}},{"from":[6.857143,-2.285717,-5.714287],"to":[9.142858,12.571426,10.285714],"rotation":{"angle":0.0,"axis":"y","origin":[7.894303,11.590641,5.714286]},"faces":{"east":{"uv":[3.5,3.75,1.75,5.375],"rotation":0,"texture":"#0","tintindex":0},"south":{"uv":[8.3125,8.6875,8.0625,10.3125],"rotation":0,"texture":"#0","tintindex":0},"north":{"uv":[8.0625,8.4375,7.8125,10.0625],"rotation":0,"texture":"#0","tintindex":0},"west":{"uv":[1.75,3.75,0.0,5.375],"rotation":0,"texture":"#0","tintindex":0},"up":{"uv":[3.125,7.125,3.375,5.375],"rotation":0,"texture":"#0","tintindex":0},"down":{"uv":[0.625,8.25,0.875,10.0],"rotation":0,"texture":"#0","tintindex":0}}},{"from":[9.613228,12.168283,-5.714287],"to":[9.613228,17.31114,10.285714],"rotation":{"angle":22.5,"axis":"z","origin":[8.364674,11.187498,5.714286]},"faces":{"east":{"uv":[11.9375,0.0,10.1875,0.5625],"rotation":0,"texture":"#0","tintindex":0},"south":{"uv":[8.0625,8.6875,8.0625,9.25],"rotation":0,"texture":"#0","tintindex":0},"north":{"uv":[7.8125,8.4375,7.8125,9.0],"rotation":0,"texture":"#0","tintindex":0},"west":{"uv":[11.9375,0.5625,10.1875,1.125],"rotation":0,"texture":"#0","tintindex":0},"up":{"uv":[3.125,7.125,3.125,5.375],"rotation":0,"texture":"#0","tintindex":0},"down":{"uv":[0.625,8.25,0.625,10.0],"rotation":0,"texture":"#0","tintindex":0}}},{"from":[8.049476,-2.285717,-11.211084],"to":[8.049476,7.428569,-5.4967995],"rotation":{"angle":22.5,"axis":"y","origin":[8.049476,2.5714264,-8.353943]},"faces":{"east":{"uv":[8.0,6.5,7.375,7.5625],"rotation":0,"texture":"#0","tintindex":0},"south":{"uv":[0.0,0.0,0.0,1.0625],"rotation":0,"texture":"#0","tintindex":0},"north":{"uv":[0.0,0.0,0.0,1.0625],"rotation":0,"texture":"#0","tintindex":0},"west":{"uv":[8.0,5.4375,7.375,6.5],"rotation":0,"texture":"#0","tintindex":0},"up":{"uv":[0.0,0.625,0.0,0.0],"rotation":0,"texture":"#0","tintindex":0},"down":{"uv":[0.0,0.0,0.0,0.625],"rotation":0,"texture":"#0","tintindex":0}}},{"from":[1.641931,17.323063,-5.714287],"to":[1.641931,30.465923,6.857143],"rotation":{"angle":22.5,"axis":"z","origin":[0.39337683,31.19942,5.714286]},"faces":{"east":{"uv":[5.875,0.0,4.5,1.4375],"rotation":0,"texture":"#0","tintindex":0},"south":{"uv":[0.0,0.0,0.0,1.4375],"rotation":0,"texture":"#0","tintindex":0},"north":{"uv":[0.0,0.0,0.0,1.4375],"rotation":0,"texture":"#0","tintindex":0},"west":{"uv":[4.875,3.75,3.5,5.1875],"rotation":0,"texture":"#0","tintindex":0},"up":{"uv":[0.0,1.375,0.0,0.0],"rotation":0,"texture":"#0","tintindex":0},"down":{"uv":[0.0,0.0,0.0,1.375],"rotation":0,"texture":"#0","tintindex":0}}},{"from":[6.857143,18.857141,-5.714287],"to":[6.857143,32.0,14.857143],"rotation":{"angle":0.0,"axis":"y","origin":[5.608588,32.733498,5.714286]},"faces":{"east":{"uv":[0.0,2.3125,2.25,3.75],"rotation":0,"texture":"#0","tintindex":0},"south":{"uv":[0.0,0.0,0.0,1.4375],"rotation":0,"texture":"#0","tintindex":0},"north":{"uv":[0.0,0.0,0.0,1.4375],"rotation":0,"texture":"#0","tintindex":0},"west":{"uv":[2.25,2.3125,0.0,3.75],"rotation":0,"texture":"#0","tintindex":0},"up":{"uv":[0.0,2.25,0.0,0.0],"rotation":0,"texture":"#0","tintindex":0},"down":{"uv":[0.0,0.0,0.0,2.25],"rotation":0,"texture":"#0","tintindex":0}}}],"textures":{"0":"modelengine:entity/lr_gryffin_corvid"},"display":{"head":{"translation":[0.0,34.742867,0.0],"scale":[4.0,4.0,4.0]}}}