{"elements":[{"from":[6.6728578,2.3364902,5.355752],"to":[8.958572,8.0507765,8.212894],"rotation":{"angle":0.0,"axis":"y","origin":[2.6728578,3.907919,-4.929963]},"faces":{"east":{"uv":[6.4375,10.125,6.125,10.75],"rotation":0,"texture":"#0","tintindex":0},"south":{"uv":[4.625,9.5625,4.375,10.1875],"rotation":0,"texture":"#0","tintindex":0},"north":{"uv":[6.4375,9.5,6.1875,10.125],"rotation":0,"texture":"#0","tintindex":0},"west":{"uv":[7.625,9.25,7.3125,9.875],"rotation":0,"texture":"#0","tintindex":0},"up":{"uv":[3.8125,10.0,4.0625,9.6875],"rotation":0,"texture":"#0","tintindex":0},"down":{"uv":[9.6875,3.9375,9.9375,4.25],"rotation":0,"texture":"#0","tintindex":0}}},{"from":[8.739896,2.3364902,8.169397],"to":[8.739896,8.0507765,9.312255],"rotation":{"angle":-22.5,"axis":"y","origin":[8.739896,5.193633,8.740826]},"faces":{"east":{"uv":[10.4375,8.4375,10.3125,9.0625],"rotation":0,"texture":"#0","tintindex":0},"south":{"uv":[4.375,9.5625,4.375,10.1875],"rotation":0,"texture":"#0","tintindex":0},"north":{"uv":[6.1875,9.5,6.1875,10.125],"rotation":0,"texture":"#0","tintindex":0},"west":{"uv":[10.3125,8.4375,10.4375,9.0625],"rotation":0,"texture":"#0","tintindex":0},"up":{"uv":[3.8125,9.8125,3.8125,9.6875],"rotation":0,"texture":"#0","tintindex":0},"down":{"uv":[9.6875,3.9375,9.6875,4.0625],"rotation":0,"texture":"#0","tintindex":0}}}],"textures":{"0":"modelengine:entity/lr_gryffin_corvid"},"display":{"head":{"translation":[0.0,-6.4,0.0],"scale":[4.0,4.0,4.0]}}}