{"elements":[{"from":[7.142857,7.142857,8.0],"to":[8.857143,8.857143,14.285715],"rotation":{"angle":0.0,"axis":"y","origin":[8.571428,3.4285712,2.8571424]},"faces":{"east":{"uv":[9.25,1.9375,9.9375,2.125],"rotation":0,"texture":"#0","tintindex":0},"south":{"uv":[2.5,9.9375,2.6875,10.125],"rotation":0,"texture":"#0","tintindex":0},"north":{"uv":[2.3125,9.9375,2.5,10.125],"rotation":0,"texture":"#0","tintindex":0},"west":{"uv":[9.25,8.125,9.9375,8.3125],"rotation":0,"texture":"#0","tintindex":0},"up":{"uv":[0.375,10.125,0.1875,9.4375],"rotation":0,"texture":"#0","tintindex":0},"down":{"uv":[0.5625,9.4375,0.375,10.125],"rotation":0,"texture":"#0","tintindex":0}}}],"textures":{"0":"modelengine:entity/lr_gryffin_corvid"},"display":{"head":{"translation":[0.0,-6.4,0.0],"scale":[4.0,4.0,4.0]}}}