{"elements":[{"from":[7.142857,7.142857,8.0],"to":[8.857143,8.857143,14.285715],"rotation":{"angle":0.0,"axis":"y","origin":[8.571428,3.4285712,2.8571424]},"faces":{"east":{"uv":[9.3125,0.75,10.0,0.9375],"rotation":0,"texture":"#0","tintindex":0},"south":{"uv":[9.9375,3.625,10.125,3.8125],"rotation":0,"texture":"#0","tintindex":0},"north":{"uv":[2.6875,9.9375,2.875,10.125],"rotation":0,"texture":"#0","tintindex":0},"west":{"uv":[9.4375,0.9375,10.125,1.125],"rotation":0,"texture":"#0","tintindex":0},"up":{"uv":[9.625,7.25,9.4375,6.5625],"rotation":0,"texture":"#0","tintindex":0},"down":{"uv":[5.125,9.5,4.9375,10.1875],"rotation":0,"texture":"#0","tintindex":0}}},{"from":[6.5714283,6.5714283,14.285715],"to":[9.428572,9.428572,19.428572],"rotation":{"angle":0.0,"axis":"y","origin":[8.571428,3.4285712,2.8571424]},"faces":{"east":{"uv":[9.1875,3.3125,9.75,3.625],"rotation":0,"texture":"#0","tintindex":0},"south":{"uv":[1.5625,9.625,1.875,9.9375],"rotation":0,"texture":"#0","tintindex":0},"north":{"uv":[9.625,1.375,9.9375,1.6875],"rotation":0,"texture":"#0","tintindex":0},"west":{"uv":[5.9375,9.1875,6.5,9.5],"rotation":0,"texture":"#0","tintindex":0},"up":{"uv":[4.1875,8.0625,3.875,7.5],"rotation":0,"texture":"#0","tintindex":0},"down":{"uv":[9.0,9.1875,8.6875,9.75],"rotation":0,"texture":"#0","tintindex":0}}},{"from":[8.0,6.0,16.0],"to":[8.0,10.0,22.857143],"rotation":{"angle":0.0,"axis":"y","origin":[8.857143,3.4285712,2.8571424]},"faces":{"east":{"uv":[7.8125,1.5,8.5625,1.9375],"rotation":0,"texture":"#0","tintindex":0},"south":{"uv":[0.0,0.0,0.0,0.4375],"rotation":0,"texture":"#0","tintindex":0},"north":{"uv":[0.0,0.0,0.0,0.4375],"rotation":0,"texture":"#0","tintindex":0},"west":{"uv":[8.5625,0.5,9.3125,0.9375],"rotation":0,"texture":"#0","tintindex":0},"up":{"uv":[0.0,0.75,0.0,0.0],"rotation":0,"texture":"#0","tintindex":0},"down":{"uv":[0.0,0.0,0.0,0.75],"rotation":0,"texture":"#0","tintindex":0}}}],"textures":{"0":"modelengine:entity/lr_gryffin_corvid"},"display":{"head":{"translation":[0.0,-6.4,0.0],"scale":[4.0,4.0,4.0]}}}