{"elements":[{"from":[2.2342854,4.314374,13.204254],"to":[10.222857,9.445803,16.621397],"rotation":{"angle":0.0,"axis":"y","origin":[7.897143,4.7200885,15.187111]},"faces":{"east":{"uv":[8.375,2.25,8.75,2.8125],"rotation":0,"texture":"#0","tintindex":0},"south":{"uv":[7.3125,1.4375,8.1875,2.0],"rotation":0,"texture":"#0","tintindex":0},"north":{"uv":[7.3125,0.8125,8.1875,1.375],"rotation":0,"texture":"#0","tintindex":0},"west":{"uv":[8.375,2.875,8.75,3.4375],"rotation":0,"texture":"#0","tintindex":0},"up":{"uv":[9.125,1.6875,8.25,1.3125],"rotation":0,"texture":"#0","tintindex":0},"down":{"uv":[5.375,8.3125,4.5,8.6875],"rotation":0,"texture":"#0","tintindex":0}}},{"from":[1.6571422,2.9654136,7.43346],"to":[10.8,10.393985,14.290604],"rotation":{"angle":0.0,"axis":"y","origin":[7.4628572,5.091128,15.227746]},"faces":{"east":{"uv":[5.0625,6.75,5.8125,7.5625],"rotation":0,"texture":"#0","tintindex":0},"south":{"uv":[6.6875,4.6875,7.6875,5.5],"rotation":0,"texture":"#0","tintindex":0},"north":{"uv":[2.0,6.6875,3.0,7.5],"rotation":0,"texture":"#0","tintindex":0},"west":{"uv":[0.9375,6.9375,1.6875,7.75],"rotation":0,"texture":"#0","tintindex":0},"up":{"uv":[6.9375,7.4375,5.9375,6.6875],"rotation":0,"texture":"#0","tintindex":0},"down":{"uv":[4.0625,6.75,3.0625,7.5],"rotation":0,"texture":"#0","tintindex":0}}},{"from":[1.6576705,1.3706226,8.5940895],"to":[10.800528,1.3706226,12.5940895],"rotation":{"angle":22.5,"axis":"x","origin":[6.2290993,5.0849085,12.022661]},"faces":{"east":{"uv":[7.0625,9.1875,7.5,9.1875],"rotation":0,"texture":"#0","tintindex":0},"south":{"uv":[9.3125,7.8125,10.3125,7.8125],"rotation":0,"texture":"#0","tintindex":0},"north":{"uv":[1.625,9.3125,2.625,9.3125],"rotation":0,"texture":"#0","tintindex":0},"west":{"uv":[7.0625,9.25,7.5,9.25],"rotation":0,"texture":"#0","tintindex":0},"up":{"uv":[8.3125,2.5,7.3125,2.0625],"rotation":0,"texture":"#0","tintindex":0},"down":{"uv":[8.3125,2.5625,7.3125,3.0],"rotation":0,"texture":"#0","tintindex":0}}},{"from":[1.6571431,11.988248,8.5940895],"to":[10.8,11.988248,12.5940895],"rotation":{"angle":-22.5,"axis":"x","origin":[6.2285714,8.273962,12.022661]},"faces":{"east":{"uv":[7.0625,9.3125,7.5,9.3125],"rotation":0,"texture":"#0","tintindex":0},"south":{"uv":[9.3125,7.9375,10.3125,7.9375],"rotation":0,"texture":"#0","tintindex":0},"north":{"uv":[9.3125,7.875,10.3125,7.875],"rotation":0,"texture":"#0","tintindex":0},"west":{"uv":[9.3125,8.0,9.75,8.0],"rotation":0,"texture":"#0","tintindex":0},"up":{"uv":[8.3125,3.5,7.3125,3.0625],"rotation":0,"texture":"#0","tintindex":0},"down":{"uv":[8.3125,3.5625,7.3125,4.0],"rotation":0,"texture":"#0","tintindex":0}}},{"from":[11.455502,2.965413,7.3031864],"to":[11.455502,10.393985,11.303186],"rotation":{"angle":22.5,"axis":"y","origin":[11.455502,6.679699,9.017472]},"faces":{"east":{"uv":[0.6875,7.8125,1.125,8.625],"rotation":0,"texture":"#0","tintindex":0},"south":{"uv":[7.5625,9.1875,7.5625,10.0],"rotation":0,"texture":"#0","tintindex":0},"north":{"uv":[7.625,8.0,7.625,8.8125],"rotation":0,"texture":"#0","tintindex":0},"west":{"uv":[1.1875,7.8125,1.625,8.625],"rotation":0,"texture":"#0","tintindex":0},"up":{"uv":[4.0625,4.8125,4.0625,4.375],"rotation":0,"texture":"#0","tintindex":0},"down":{"uv":[2.125,6.0,2.125,6.4375],"rotation":0,"texture":"#0","tintindex":0}}},{"from":[1.0016418,2.965413,7.3031864],"to":[1.0016418,10.393985,11.303186],"rotation":{"angle":-22.5,"axis":"y","origin":[1.0016418,6.679699,9.017472]},"faces":{"east":{"uv":[7.8125,6.0625,8.25,6.875],"rotation":0,"texture":"#0","tintindex":0},"south":{"uv":[0.4375,9.25,0.4375,10.0625],"rotation":0,"texture":"#0","tintindex":0},"north":{"uv":[7.625,9.1875,7.625,10.0],"rotation":0,"texture":"#0","tintindex":0},"west":{"uv":[7.8125,6.9375,8.25,7.75],"rotation":0,"texture":"#0","tintindex":0},"up":{"uv":[5.875,7.1875,5.875,6.75],"rotation":0,"texture":"#0","tintindex":0},"down":{"uv":[1.75,6.9375,1.75,7.375],"rotation":0,"texture":"#0","tintindex":0}}},{"from":[1.6571431,11.988248,11.39409],"to":[10.8,11.988248,15.394091],"rotation":{"angle":-22.5,"axis":"x","origin":[6.2285714,8.273962,14.822661]},"faces":{"east":{"uv":[9.3125,8.125,9.75,8.125],"rotation":0,"texture":"#0","tintindex":0},"south":{"uv":[9.3125,8.1875,10.3125,8.1875],"rotation":0,"texture":"#0","tintindex":0},"north":{"uv":[9.3125,8.0625,10.3125,8.0625],"rotation":0,"texture":"#0","tintindex":0},"west":{"uv":[9.3125,8.25,9.75,8.25],"rotation":0,"texture":"#0","tintindex":0},"up":{"uv":[8.3125,4.5,7.3125,4.0625],"rotation":0,"texture":"#0","tintindex":0},"down":{"uv":[6.875,7.5,5.875,7.9375],"rotation":0,"texture":"#0","tintindex":0}}},{"from":[1.0016418,2.965413,10.103187],"to":[1.0016418,10.393985,14.103187],"rotation":{"angle":-22.5,"axis":"y","origin":[1.0016418,6.679699,11.817472]},"faces":{"east":{"uv":[7.8125,7.8125,8.25,8.625],"rotation":0,"texture":"#0","tintindex":0},"south":{"uv":[0.5625,9.25,0.5625,10.0625],"rotation":0,"texture":"#0","tintindex":0},"north":{"uv":[0.5,9.25,0.5,10.0625],"rotation":0,"texture":"#0","tintindex":0},"west":{"uv":[5.625,8.0,6.0625,8.8125],"rotation":0,"texture":"#0","tintindex":0},"up":{"uv":[1.8125,7.375,1.8125,6.9375],"rotation":0,"texture":"#0","tintindex":0},"down":{"uv":[1.875,6.9375,1.875,7.375],"rotation":0,"texture":"#0","tintindex":0}}},{"from":[1.6576705,1.3706226,11.39409],"to":[10.800528,1.3706226,15.394091],"rotation":{"angle":22.5,"axis":"x","origin":[6.2290993,5.0849085,14.822661]},"faces":{"east":{"uv":[9.3125,8.375,9.75,8.375],"rotation":0,"texture":"#0","tintindex":0},"south":{"uv":[8.5,9.3125,9.5,9.3125],"rotation":0,"texture":"#0","tintindex":0},"north":{"uv":[9.3125,8.3125,10.3125,8.3125],"rotation":0,"texture":"#0","tintindex":0},"west":{"uv":[0.625,9.375,1.0625,9.375],"rotation":0,"texture":"#0","tintindex":0},"up":{"uv":[2.75,8.0,1.75,7.5625],"rotation":0,"texture":"#0","tintindex":0},"down":{"uv":[3.8125,7.5625,2.8125,8.0],"rotation":0,"texture":"#0","tintindex":0}}},{"from":[11.455502,2.965413,10.103187],"to":[11.455502,10.393985,14.103187],"rotation":{"angle":22.5,"axis":"y","origin":[11.455502,6.679699,11.817472]},"faces":{"east":{"uv":[6.125,8.0,6.5625,8.8125],"rotation":0,"texture":"#0","tintindex":0},"south":{"uv":[2.75,9.3125,2.75,10.125],"rotation":0,"texture":"#0","tintindex":0},"north":{"uv":[2.6875,9.3125,2.6875,10.125],"rotation":0,"texture":"#0","tintindex":0},"west":{"uv":[6.625,8.0,7.0625,8.8125],"rotation":0,"texture":"#0","tintindex":0},"up":{"uv":[1.9375,7.375,1.9375,6.9375],"rotation":0,"texture":"#0","tintindex":0},"down":{"uv":[6.9375,7.5,6.9375,7.9375],"rotation":0,"texture":"#0","tintindex":0}}},{"from":[1.6571431,11.988248,13.965519],"to":[10.8,11.988248,17.965519],"rotation":{"angle":-22.5,"axis":"x","origin":[6.2285714,8.273962,17.39409]},"faces":{"east":{"uv":[9.375,1.75,9.8125,1.75],"rotation":0,"texture":"#0","tintindex":0},"south":{"uv":[9.375,1.8125,10.375,1.8125],"rotation":0,"texture":"#0","tintindex":0},"north":{"uv":[1.125,9.375,2.125,9.375],"rotation":0,"texture":"#0","tintindex":0},"west":{"uv":[9.375,1.875,9.8125,1.875],"rotation":0,"texture":"#0","tintindex":0},"up":{"uv":[4.875,8.0625,3.875,7.625],"rotation":0,"texture":"#0","tintindex":0},"down":{"uv":[8.75,4.5625,7.75,5.0],"rotation":0,"texture":"#0","tintindex":0}}},{"from":[1.0016418,2.965413,12.674616],"to":[1.0016418,10.393985,16.674616],"rotation":{"angle":-22.5,"axis":"y","origin":[1.0016418,6.679699,14.388901]},"faces":{"east":{"uv":[7.125,8.0,7.5625,8.8125],"rotation":0,"texture":"#0","tintindex":0},"south":{"uv":[2.875,9.3125,2.875,10.125],"rotation":0,"texture":"#0","tintindex":0},"north":{"uv":[2.8125,9.3125,2.8125,10.125],"rotation":0,"texture":"#0","tintindex":0},"west":{"uv":[1.6875,8.0625,2.125,8.875],"rotation":0,"texture":"#0","tintindex":0},"up":{"uv":[7.6875,8.4375,7.6875,8.0],"rotation":0,"texture":"#0","tintindex":0},"down":{"uv":[7.75,8.0,7.75,8.4375],"rotation":0,"texture":"#0","tintindex":0}}},{"from":[1.6576705,1.3706226,13.965519],