{"elements":[{"from":[5.142857,5.042625,4.0144725],"to":[10.857143,10.756911,9.15733],"rotation":{"angle":0.0,"axis":"y","origin":[2.5371423,5.202625,24.768759]},"faces":{"east":{"uv":[3.1875,8.0625,3.75,8.6875],"rotation":0,"texture":"#0","tintindex":0},"south":{"uv":[0.0,7.8125,0.625,8.4375],"rotation":0,"texture":"#0","tintindex":0},"north":{"uv":[4.9375,7.625,5.5625,8.25],"rotation":0,"texture":"#0","tintindex":0},"west":{"uv":[8.125,0.0,8.6875,0.625],"rotation":0,"texture":"#0","tintindex":0},"up":{"uv":[4.4375,8.6875,3.8125,8.125],"rotation":0,"texture":"#0","tintindex":0},"down":{"uv":[8.875,0.6875,8.25,1.25],"rotation":0,"texture":"#0","tintindex":0}}},{"from":[4.3154287,6.5489106,3.6601868],"to":[7.172571,9.406054,6.5173297],"rotation":{"angle":0.0,"axis":"y","origin":[9.417143,5.202625,16.768759]},"faces":{"east":{"uv":[1.625,8.9375,1.9375,9.25],"rotation":0,"texture":"#0","tintindex":0},"south":{"uv":[2.0,8.9375,2.3125,9.25],"rotation":0,"texture":"#0","tintindex":0},"north":{"uv":[7.6875,8.6875,8.0,9.0],"rotation":0,"texture":"#0","tintindex":0},"west":{"uv":[2.375,8.9375,2.6875,9.25],"rotation":0,"texture":"#0","tintindex":0},"up":{"uv":[3.0625,9.25,2.75,8.9375],"rotation":0,"texture":"#0","tintindex":0},"down":{"uv":[1.1875,9.0,0.875,9.3125],"rotation":0,"texture":"#0","tintindex":0}}},{"from":[4.6582856,8.320339,3.5459008],"to":[5.344,9.006054,3.5459008],"rotation":{"angle":0.0,"axis":"y","origin":[9.417143,5.202625,16.768759]},"faces":{"east":{"uv":[2.0,6.375,2.0,6.4375],"rotation":0,"texture":"#0","tintindex":0},"south":{"uv":[2.0,6.125,2.0625,6.1875],"rotation":0,"texture":"#0","tintindex":0},"north":{"uv":[2.0,6.0,2.0625,6.0625],"rotation":0,"texture":"#0","tintindex":0},"west":{"uv":[2.0625,6.375,2.0625,6.4375],"rotation":0,"texture":"#0","tintindex":0},"up":{"uv":[6.375,4.8125,6.3125,4.8125],"rotation":0,"texture":"#0","tintindex":0},"down":{"uv":[6.5,4.6875,6.4375,4.6875],"rotation":0,"texture":"#0","tintindex":0}}},{"from":[9.170286,8.320339,3.5459008],"to":[9.856,9.006054,3.5459008],"rotation":{"angle":0.0,"axis":"y","origin":[6.582857,5.202625,16.768759]},"faces":{"east":{"uv":[6.4375,4.75,6.4375,4.8125],"rotation":0,"texture":"#0","tintindex":0},"south":{"uv":[6.3125,4.6875,6.375,4.75],"rotation":0,"texture":"#0","tintindex":0},"north":{"uv":[2.0,6.25,2.0625,6.3125],"rotation":0,"texture":"#0","tintindex":0},"west":{"uv":[2.0,6.5,2.0,6.5625],"rotation":0,"texture":"#0","tintindex":0},"up":{"uv":[2.125,6.5,2.0625,6.5],"rotation":0,"texture":"#0","tintindex":0},"down":{"uv":[6.5625,4.75,6.5,4.75],"rotation":0,"texture":"#0","tintindex":0}}},{"from":[8.827429,6.5489106,3.6601868],"to":[11.684571,9.406054,6.5173297],"rotation":{"angle":0.0,"axis":"y","origin":[6.582857,5.202625,16.768759]},"faces":{"east":{"uv":[9.0,5.9375,9.3125,6.25],"rotation":0,"texture":"#0","tintindex":0},"south":{"uv":[9.0,6.3125,9.3125,6.625],"rotation":0,"texture":"#0","tintindex":0},"north":{"uv":[1.25,9.0,1.5625,9.3125],"rotation":0,"texture":"#0","tintindex":0},"west":{"uv":[9.0,6.6875,9.3125,7.0],"rotation":0,"texture":"#0","tintindex":0},"up":{"uv":[9.3125,7.375,9.0,7.0625],"rotation":0,"texture":"#0","tintindex":0},"down":{"uv":[9.3125,7.4375,9.0,7.75],"rotation":0,"texture":"#0","tintindex":0}}},{"from":[5.142857,2.6852884,3.2841415],"to":[10.857143,6.6852884,3.2841415],"rotation":{"angle":22.5,"axis":"x","origin":[8.0,4.799574,3.398427]},"faces":{"east":{"uv":[5.0625,9.375,5.0625,9.8125],"rotation":0,"texture":"#0","tintindex":0},"south":{"uv":[8.3125,6.5625,8.9375,7.0],"rotation":0,"texture":"#0","tintindex":0},"north":{"uv":[8.3125,6.0625,8.9375,6.5],"rotation":0,"texture":"#0","tintindex":0},"west":{"uv":[5.125,9.375,5.125,9.8125],"rotation":0,"texture":"#0","tintindex":0},"up":{"uv":[10.0,6.25,9.375,6.25],"rotation":0,"texture":"#0","tintindex":0},"down":{"uv":[10.0,6.3125,9.375,6.3125],"rotation":0,"texture":"#0","tintindex":0}}},{"from":[4.412526,2.6852884,4.0144725],"to":[4.412526,6.6852884,9.728759],"rotation":{"angle":-22.5,"axis":"z","origin":[4.5268116,4.799574,6.8716154]},"faces":{"east":{"uv":[8.3125,7.0625,8.9375,7.5],"rotation":0,"texture":"#0","tintindex":0},"south":{"uv":[5.25,9.375,5.25,9.8125],"rotation":0,"texture":"#0","tintindex":0},"north":{"uv":[5.1875,9.375,5.1875,9.8125],"rotation":0,"texture":"#0","tintindex":0},"west":{"uv":[8.3125,7.5625,8.9375,8.0],"rotation":0,"texture":"#0","tintindex":0},"up":{"uv":[9.375,7.0,9.375,6.375],"rotation":0,"texture":"#0","tintindex":0},"down":{"uv":[7.0625,9.375,7.0625,10.0],"rotation":0,"texture":"#0","tintindex":0}}},{"from":[11.587474,2.6852884,4.0144725],"to":[11.587474,6.6852884,9.728759],"rotation":{"angle":22.5,"axis":"z","origin":[11.473188,4.799574,6.8716154]},"faces":{"east":{"uv":[8.3125,8.0625,8.9375,8.5],"rotation":0,"texture":"#0","tintindex":0},"south":{"uv":[7.125,9.375,7.125,9.8125],"rotation":0,"texture":"#0","tintindex":0},"north":{"uv":[9.375,7.0625,9.375,7.5],"rotation":0,"texture":"#0","tintindex":0},"west":{"uv":[8.375,1.75,9.0,2.1875],"rotation":0,"texture":"#0","tintindex":0},"up":{"uv":[7.1875,10.0,7.1875,9.375],"rotation":0,"texture":"#0","tintindex":0},"down":{"uv":[7.25,9.375,7.25,10.0],"rotation":0,"texture":"#0","tintindex":0}}}],"textures":{"0":"modelengine:entity/nocsy_mount_moth"},"display":{"head":{"translation":[0.0,-6.4,0.0],"scale":[4.0,4.0,4.0]}}}