{"elements":[{"from":[1.1863542,13.361534,4.5714283],"to":[8.043497,13.361534,11.428572],"rotation":{"angle":-22.5,"axis":"z","origin":[5.757783,13.361534,8.0]},"faces":{"east":{"uv":[5.4375,9.375,6.1875,9.375],"rotation":0,"texture":"#0","tintindex":0},"south":{"uv":[9.375,5.9375,10.125,5.9375],"rotation":0,"texture":"#0","tintindex":0},"north":{"uv":[4.0,9.375,4.75,9.375],"rotation":0,"texture":"#0","tintindex":0},"west":{"uv":[9.375,6.0,10.125,6.0],"rotation":0,"texture":"#0","tintindex":0},"up":{"uv":[7.6875,6.3125,6.9375,5.5625],"rotation":0,"texture":"#0","tintindex":0},"down":{"uv":[7.75,6.375,7.0,7.125],"rotation":0,"texture":"#0","tintindex":0}}},{"from":[7.869508,7.9154,6.285714],"to":[7.869508,12.486829,9.714286],"rotation":{"angle":0.0,"axis":"y","origin":[7.869508,7.9154,8.857143]},"faces":{"east":{"uv":[8.375,3.5,8.75,4.0],"rotation":0,"texture":"#0","tintindex":0},"south":{"uv":[0.125,9.375,0.125,9.875],"rotation":0,"texture":"#0","tintindex":0},"north":{"uv":[5.5625,8.3125,5.5625,8.8125],"rotation":0,"texture":"#0","tintindex":0},"west":{"uv":[0.0,8.5,0.375,9.0],"rotation":0,"texture":"#0","tintindex":0},"up":{"uv":[0.1875,9.75,0.1875,9.375],"rotation":0,"texture":"#0","tintindex":0},"down":{"uv":[0.25,9.375,0.25,9.75],"rotation":0,"texture":"#0","tintindex":0}}}],"textures":{"0":"modelengine:entity/nocsy_mount_moth"},"display":{"head":{"translation":[0.0,-6.4,0.0],"scale":[4.0,4.0,4.0]}}}