{"elements":[{"from":[2.0618162,6.638001,6.3535976],"to":[8.3361025,8.912287,8.627884],"rotation":{"angle":0.0,"axis":"y","origin":[3.0754433,8.535,7.7982407]},"faces":{"east":{"uv":[0.0,9.0625,0.25,9.3125],"rotation":0,"texture":"#0","tintindex":0},"south":{"uv":[3.9375,8.75,4.625,9.0],"rotation":0,"texture":"#0","tintindex":0},"north":{"uv":[3.1875,8.75,3.875,9.0],"rotation":0,"texture":"#0","tintindex":0},"west":{"uv":[9.0625,1.75,9.3125,2.0],"rotation":0,"texture":"#0","tintindex":0},"up":{"uv":[5.375,9.0,4.6875,8.75],"rotation":0,"texture":"#0","tintindex":0},"down":{"uv":[9.4375,8.5625,8.75,8.8125],"rotation":0,"texture":"#0","tintindex":0}}},{"from":[-5.3667555,4.923715,7.4964547],"to":[2.6218162,13.483715,7.4850264],"rotation":{"angle":-45.0,"axis":"z","origin":[0.34181595,6.9180007,7.490741]},"faces":{"east":{"uv":[8.1875,8.6875,8.1875,9.625],"rotation":0,"texture":"#0","tintindex":0},"south":{"uv":[5.0,5.75,5.875,6.6875],"rotation":0,"texture":"#0","tintindex":0},"north":{"uv":[4.0625,5.75,4.9375,6.6875],"rotation":0,"texture":"#0","tintindex":0},"west":{"uv":[8.25,8.6875,8.25,9.625],"rotation":0,"texture":"#0","tintindex":0},"up":{"uv":[9.6875,3.875,8.8125,3.875],"rotation":0,"texture":"#0","tintindex":0},"down":{"uv":[9.6875,3.9375,8.8125,3.9375],"rotation":0,"texture":"#0","tintindex":0}}}],"textures":{"0":"modelengine:entity/nocsy_mount_moth"},"display":{"head":{"translation":[0.0,-6.4,0.0],"scale":[4.0,4.0,4.0]}}}