{"elements":[{"from":[3.9135237,6.7007294,10.168428],"to":[10.18781,8.975016,12.442715],"rotation":{"angle":22.5,"axis":"y","origin":[4.9855256,8.597729,11.428572]},"faces":{"east":{"uv":[3.125,9.0625,3.375,9.3125],"rotation":0,"texture":"#0","tintindex":0},"south":{"uv":[8.8125,2.5625,9.5,2.8125],"rotation":0,"texture":"#0","tintindex":0},"north":{"uv":[8.8125,2.25,9.5,2.5],"rotation":0,"texture":"#0","tintindex":0},"west":{"uv":[3.4375,9.0625,3.6875,9.3125],"rotation":0,"texture":"#0","tintindex":0},"up":{"uv":[9.5,3.125,8.8125,2.875],"rotation":0,"texture":"#0","tintindex":0},"down":{"uv":[9.5,3.1875,8.8125,3.4375],"rotation":0,"texture":"#0","tintindex":0}}},{"from":[3.7782478,7.016325,5.616523],"to":[10.052534,9.290611,7.890808],"rotation":{"angle":0.0,"axis":"y","origin":[13.382857,7.5542855,7.9885716]},"faces":{"east":{"uv":[3.75,9.0625,4.0,9.3125],"rotation":0,"texture":"#0","tintindex":0},"south":{"uv":[8.8125,4.375,9.5,4.625],"rotation":0,"texture":"#0","tintindex":0},"north":{"uv":[8.8125,3.5,9.5,3.75],"rotation":0,"texture":"#0","tintindex":0},"west":{"uv":[4.0625,9.0625,4.3125,9.3125],"rotation":0,"texture":"#0","tintindex":0},"up":{"uv":[9.5,4.9375,8.8125,4.6875],"rotation":0,"texture":"#0","tintindex":0},"down":{"uv":[9.5,5.0,8.8125,5.25],"rotation":0,"texture":"#0","tintindex":0}}},{"from":[-1.1466417,6.520833,6.7107105],"to":[7.4133587,14.509405,6.699282],"rotation":{"angle":22.5,"axis":"z","origin":[3.0762157,9.883036,9.413055]},"faces":{"east":{"uv":[0.3125,9.0625,0.3125,9.9375],"rotation":0,"texture":"#0","tintindex":0},"south":{"uv":[6.875,5.75,5.9375,6.625],"rotation":0,"texture":"#0","tintindex":0},"north":{"uv":[5.9375,5.75,6.875,6.625],"rotation":0,"texture":"#0","tintindex":0},"west":{"uv":[0.375,9.0625,0.375,9.9375],"rotation":0,"texture":"#0","tintindex":0},"up":{"uv":[9.75,4.0,8.8125,4.0],"rotation":0,"texture":"#0","tintindex":0},"down":{"uv":[9.875,1.25,8.9375,1.25],"rotation":0,"texture":"#0","tintindex":0}}},{"from":[-1.1466417,6.3063116,11.416209],"to":[7.4133587,14.294883,11.40478],"rotation":{"angle":22.5,"axis":"z","origin":[3.0762157,9.883036,9.413055]},"faces":{"east":{"uv":[5.3125,9.0625,5.3125,9.9375],"rotation":0,"texture":"#0","tintindex":0},"south":{"uv":[1.9375,6.0,1.0,6.875],"rotation":0,"texture":"#0","tintindex":0},"north":{"uv":[1.0,6.0,1.9375,6.875],"rotation":0,"texture":"#0","tintindex":0},"west":{"uv":[5.375,9.0625,5.375,9.9375],"rotation":0,"texture":"#0","tintindex":0},"up":{"uv":[9.9375,8.4375,9.0,8.4375],"rotation":0,"texture":"#0","tintindex":0},"down":{"uv":[9.9375,8.5,9.0,8.5],"rotation":0,"texture":"#0","tintindex":0}}}],"textures":{"0":"modelengine:entity/nocsy_mount_moth"},"display":{"head":{"translation":[0.0,-6.4,0.0],"scale":[4.0,4.0,4.0]}}}