{"elements":[{"from":[7.9565024,13.361534,4.5714283],"to":[14.813646,13.361534,11.428572],"rotation":{"angle":22.5,"axis":"z","origin":[10.242217,13.361534,8.0]},"faces":{"east":{"uv":[9.375,6.125,10.125,6.125],"rotation":0,"texture":"#0","tintindex":0},"south":{"uv":[9.375,6.1875,10.125,6.1875],"rotation":0,"texture":"#0","tintindex":0},"north":{"uv":[9.375,6.0625,10.125,6.0625],"rotation":0,"texture":"#0","tintindex":0},"west":{"uv":[6.25,9.375,7.0,9.375],"rotation":0,"texture":"#0","tintindex":0},"up":{"uv":[7.75,7.9375,7.0,7.1875],"rotation":0,"texture":"#0","tintindex":0},"down":{"uv":[8.0625,0.0,7.3125,0.75],"rotation":0,"texture":"#0","tintindex":0}}},{"from":[8.130492,7.9154,6.285714],"to":[8.130492,12.486829,9.714286],"rotation":{"angle":0.0,"axis":"y","origin":[8.130492,7.9154,8.857143]},"faces":{"east":{"uv":[8.3125,8.5625,8.6875,9.0625],"rotation":0,"texture":"#0","tintindex":0},"south":{"uv":[4.875,9.375,4.875,9.875],"rotation":0,"texture":"#0","tintindex":0},"north":{"uv":[4.8125,9.375,4.8125,9.875],"rotation":0,"texture":"#0","tintindex":0},"west":{"uv":[0.4375,8.6875,0.8125,9.1875],"rotation":0,"texture":"#0","tintindex":0},"up":{"uv":[4.9375,9.75,4.9375,9.375],"rotation":0,"texture":"#0","tintindex":0},"down":{"uv":[5.0,9.375,5.0,9.75],"rotation":0,"texture":"#0","tintindex":0}}}],"textures":{"0":"modelengine:entity/nocsy_mount_moth"},"display":{"head":{"translation":[0.0,-6.4,0.0],"scale":[4.0,4.0,4.0]}}}