{"elements":[{"from":[7.663898,6.638001,6.3535976],"to":[13.938184,8.912287,8.627884],"rotation":{"angle":0.0,"axis":"y","origin":[12.924557,8.535,7.7982407]},"faces":{"east":{"uv":[9.3125,1.75,9.0625,2.0],"rotation":0,"texture":"#0","tintindex":0},"south":{"uv":[4.625,8.75,3.9375,9.0],"rotation":0,"texture":"#0","tintindex":0},"north":{"uv":[3.875,8.75,3.1875,9.0],"rotation":0,"texture":"#0","tintindex":0},"west":{"uv":[0.25,9.0625,0.0,9.3125],"rotation":0,"texture":"#0","tintindex":0},"up":{"uv":[4.6875,9.0,5.375,8.75],"rotation":0,"texture":"#0","tintindex":0},"down":{"uv":[8.75,8.5625,9.4375,8.8125],"rotation":0,"texture":"#0","tintindex":0}}},{"from":[13.378183,4.923715,7.4964547],"to":[21.366756,13.483715,7.4850264],"rotation":{"angle":45.0,"axis":"z","origin":[15.658184,6.9180007,7.490741]},"faces":{"east":{"uv":[8.25,8.6875,8.25,9.625],"rotation":0,"texture":"#0","tintindex":0},"south":{"uv":[5.875,5.75,5.0,6.6875],"rotation":0,"texture":"#0","tintindex":0},"north":{"uv":[4.9375,5.75,4.0625,6.6875],"rotation":0,"texture":"#0","tintindex":0},"west":{"uv":[8.1875,8.6875,8.1875,9.625],"rotation":0,"texture":"#0","tintindex":0},"up":{"uv":[8.8125,3.875,9.6875,3.875],"rotation":0,"texture":"#0","tintindex":0},"down":{"uv":[8.8125,3.9375,9.6875,3.9375],"rotation":0,"texture":"#0","tintindex":0}}}],"textures":{"0":"modelengine:entity/nocsy_mount_moth"},"display":{"head":{"translation":[0.0,-6.4,0.0],"scale":[4.0,4.0,4.0]}}}