{"elements":[{"from":[7.1619043,6.2121067,7.240107],"to":[8.87619,8.497821,8.954392],"rotation":{"angle":0.0,"axis":"y","origin":[6.4190474,5.640678,10.09725]},"faces":{"east":{"uv":[1.625,8.625,2.0,9.125],"rotation":0,"texture":"#0","tintindex":0},"south":{"uv":[4.0,8.625,4.375,9.125],"rotation":0,"texture":"#0","tintindex":0},"north":{"uv":[8.5,7.0,8.875,7.5],"rotation":0,"texture":"#0","tintindex":0},"west":{"uv":[7.25,8.625,7.625,9.125],"rotation":0,"texture":"#0","tintindex":0},"up":{"uv":[9.75,5.625,9.375,5.25],"rotation":0,"texture":"#0","tintindex":0},"down":{"uv":[9.75,5.75,9.375,6.125],"rotation":0,"texture":"#0","tintindex":0}}},{"from":[6.87619,5.640678,6.8972497],"to":[8.019048,7.354964,8.611536],"rotation":{"angle":0.0,"axis":"y","origin":[6.4190474,5.640678,10.09725]},"faces":{"east":{"uv":[9.375,6.25,9.75,6.625],"rotation":0,"texture":"#0","tintindex":0},"south":{"uv":[0.5,10.125,0.75,10.5],"rotation":0,"texture":"#0","tintindex":0},"north":{"uv":[10.125,0.0,10.375,0.375],"rotation":0,"texture":"#0","tintindex":0},"west":{"uv":[9.375,7.25,9.75,7.625],"rotation":0,"texture":"#0","tintindex":0},"up":{"uv":[10.375,0.875,10.125,0.5],"rotation":0,"texture":"#0","tintindex":0},"down":{"uv":[1.125,10.125,0.875,10.5],"rotation":0,"texture":"#0","tintindex":0}}},{"from":[8.133333,5.640678,6.8972497],"to":[9.276191,7.354964,8.611536],"rotation":{"angle":0.0,"axis":"y","origin":[6.4190474,5.640678,10.09725]},"faces":{"east":{"uv":[9.375,7.75,9.75,8.125],"rotation":0,"texture":"#0","tintindex":0},"south":{"uv":[3.25,10.125,3.5,10.5],"rotation":0,"texture":"#0","tintindex":0},"north":{"uv":[1.25,10.125,1.5,10.5],"rotation":0,"texture":"#0","tintindex":0},"west":{"uv":[8.25,9.375,8.625,9.75],"rotation":0,"texture":"#0","tintindex":0},"up":{"uv":[3.875,10.5,3.625,10.125],"rotation":0,"texture":"#0","tintindex":0},"down":{"uv":[4.25,10.125,4.0,10.5],"rotation":0,"texture":"#0","tintindex":0}}}],"textures":{"0":"modelengine:entity/nocsy_mount_ram_baby"},"display":{"head":{"translation":[0.0,-6.4,0.0],"scale":[4.0,4.0,4.0]}}}