{"elements":[{"from":[7.1809525,5.333333,7.3714285],"to":[8.895238,7.6190476,9.085714],"rotation":{"angle":0.0,"axis":"y","origin":[9.638095,4.7619047,10.228572]},"faces":{"east":{"uv":[8.375,3.0,8.75,3.5],"rotation":0,"texture":"#0","tintindex":0},"south":{"uv":[3.5,8.375,3.875,8.875],"rotation":0,"texture":"#0","tintindex":0},"north":{"uv":[3.0,8.375,3.375,8.875],"rotation":0,"texture":"#0","tintindex":0},"west":{"uv":[6.25,8.375,6.625,8.875],"rotation":0,"texture":"#0","tintindex":0},"up":{"uv":[3.0,9.375,2.625,9.0],"rotation":0,"texture":"#0","tintindex":0},"down":{"uv":[3.5,9.0,3.125,9.375],"rotation":0,"texture":"#0","tintindex":0}}},{"from":[8.038095,4.7619047,7.028571],"to":[9.180952,6.4761906,8.742857],"rotation":{"angle":0.0,"axis":"y","origin":[9.638095,4.7619047,10.228572]},"faces":{"east":{"uv":[9.0,4.0,9.375,4.375],"rotation":0,"texture":"#0","tintindex":0},"south":{"uv":[1.75,9.875,2.0,10.25],"rotation":0,"texture":"#0","tintindex":0},"north":{"uv":[7.25,9.75,7.5,10.125],"rotation":0,"texture":"#0","tintindex":0},"west":{"uv":[6.125,9.0,6.5,9.375],"rotation":0,"texture":"#0","tintindex":0},"up":{"uv":[10.125,2.25,9.875,1.875],"rotation":0,"texture":"#0","tintindex":0},"down":{"uv":[2.375,9.875,2.125,10.25],"rotation":0,"texture":"#0","tintindex":0}}},{"from":[6.7809525,4.7619047,7.028571],"to":[7.9238095,6.4761906,8.742857],"rotation":{"angle":0.0,"axis":"y","origin":[9.638095,4.7619047,10.228572]},"faces":{"east":{"uv":[9.0,6.75,9.375,7.125],"rotation":0,"texture":"#0","tintindex":0},"south":{"uv":[2.5,9.875,2.75,10.25],"rotation":0,"texture":"#0","tintindex":0},"north":{"uv":[9.875,2.375,10.125,2.75],"rotation":0,"texture":"#0","tintindex":0},"west":{"uv":[0.5,9.125,0.875,9.5],"rotation":0,"texture":"#0","tintindex":0},"up":{"uv":[3.125,10.25,2.875,9.875],"rotation":0,"texture":"#0","tintindex":0},"down":{"uv":[10.125,2.875,9.875,3.25],"rotation":0,"texture":"#0","tintindex":0}}}],"textures":{"0":"modelengine:entity/nocsy_mount_ram_baby"},"display":{"head":{"translation":[0.0,-6.4,0.0],"scale":[4.0,4.0,4.0]}}}