{"elements":[{"from":[7.104762,5.333333,7.3714285],"to":[8.819048,7.6190476,9.085714],"rotation":{"angle":0.0,"axis":"y","origin":[6.3619046,4.7619047,10.228572]},"faces":{"east":{"uv":[8.375,8.25,8.75,8.75],"rotation":0,"texture":"#0","tintindex":0},"south":{"uv":[0.625,8.5,1.0,9.0],"rotation":0,"texture":"#0","tintindex":0},"north":{"uv":[8.375,7.625,8.75,8.125],"rotation":0,"texture":"#0","tintindex":0},"west":{"uv":[1.125,8.5,1.5,9.0],"rotation":0,"texture":"#0","tintindex":0},"up":{"uv":[1.375,9.5,1.0,9.125],"rotation":0,"texture":"#0","tintindex":0},"down":{"uv":[5.375,9.125,5.0,9.5],"rotation":0,"texture":"#0","tintindex":0}}},{"from":[6.8190475,4.7619047,7.028571],"to":[7.9619045,6.4761906,8.742857],"rotation":{"angle":0.0,"axis":"y","origin":[6.3619046,4.7619047,10.228572]},"faces":{"east":{"uv":[6.625,9.125,7.0,9.5],"rotation":0,"texture":"#0","tintindex":0},"south":{"uv":[9.875,5.75,10.125,6.125],"rotation":0,"texture":"#0","tintindex":0},"north":{"uv":[9.875,5.25,10.125,5.625],"rotation":0,"texture":"#0","tintindex":0},"west":{"uv":[7.75,9.125,8.125,9.5],"rotation":0,"texture":"#0","tintindex":0},"up":{"uv":[6.125,10.25,5.875,9.875],"rotation":0,"texture":"#0","tintindex":0},"down":{"uv":[10.125,6.25,9.875,6.625],"rotation":0,"texture":"#0","tintindex":0}}},{"from":[8.076191,4.7619047,7.028571],"to":[9.219048,6.4761906,8.742857],"rotation":{"angle":0.0,"axis":"y","origin":[6.3619046,4.7619047,10.228572]},"faces":{"east":{"uv":[8.75,9.125,9.125,9.5],"rotation":0,"texture":"#0","tintindex":0},"south":{"uv":[9.875,7.625,10.125,8.0],"rotation":0,"texture":"#0","tintindex":0},"north":{"uv":[9.875,7.125,10.125,7.5],"rotation":0,"texture":"#0","tintindex":0},"west":{"uv":[1.5,9.25,1.875,9.625],"rotation":0,"texture":"#0","tintindex":0},"up":{"uv":[8.25,10.25,8.0,9.875],"rotation":0,"texture":"#0","tintindex":0},"down":{"uv":[8.625,9.875,8.375,10.25],"rotation":0,"texture":"#0","tintindex":0}}}],"textures":{"0":"modelengine:entity/nocsy_mount_ram_baby"},"display":{"head":{"translation":[0.0,-6.4,0.0],"scale":[4.0,4.0,4.0]}}}