{"elements":[{"from":[6.0,7.523896,5.6310835],"to":[10.0,11.523896,9.631084],"rotation":{"angle":0.0,"axis":"y","origin":[7.714286,0.6667528,11.345369]},"faces":{"east":{"uv":[0.0,3.25,0.875,4.125],"rotation":0,"texture":"#0","tintindex":0},"south":{"uv":[1.0,3.25,1.875,4.125],"rotation":0,"texture":"#0","tintindex":0},"north":{"uv":[3.0,1.0,3.875,1.875],"rotation":0,"texture":"#0","tintindex":0},"west":{"uv":[2.0,3.25,2.875,4.125],"rotation":0,"texture":"#0","tintindex":0},"up":{"uv":[4.125,2.875,3.25,2.0],"rotation":0,"texture":"#0","tintindex":0},"down":{"uv":[3.875,3.25,3.0,4.125],"rotation":0,"texture":"#0","tintindex":0}}},{"from":[5.405714,10.386753,5.636798],"to":[7.1085715,11.518182,8.482512],"rotation":{"angle":-22.5,"axis":"y","origin":[6.0857143,10.666754,7.74537]},"faces":{"east":{"uv":[8.625,4.5,9.25,4.75],"rotation":0,"texture":"#0","tintindex":0},"south":{"uv":[9.5,1.5,9.875,1.75],"rotation":0,"texture":"#0","tintindex":0},"north":{"uv":[9.5,1.125,9.875,1.375],"rotation":0,"texture":"#0","tintindex":0},"west":{"uv":[8.75,0.0,9.375,0.25],"rotation":0,"texture":"#0","tintindex":0},"up":{"uv":[7.25,8.375,6.875,7.75],"rotation":0,"texture":"#0","tintindex":0},"down":{"uv":[2.25,7.875,1.875,8.5],"rotation":0,"texture":"#0","tintindex":0}}},{"from":[5.405714,7.52961,6.2082267],"to":[7.1085715,9.232468,8.482512],"rotation":{"angle":-22.5,"axis":"y","origin":[6.0857143,10.666754,7.74537]},"faces":{"east":{"uv":[1.0,8.0,1.5,8.375],"rotation":0,"texture":"#0","tintindex":0},"south":{"uv":[4.5,8.75,4.875,9.125],"rotation":0,"texture":"#0","tintindex":0},"north":{"uv":[7.75,8.625,8.125,9.0],"rotation":0,"texture":"#0","tintindex":0},"west":{"uv":[8.0,4.5,8.5,4.875],"rotation":0,"texture":"#0","tintindex":0},"up":{"uv":[2.25,7.25,1.875,6.75],"rotation":0,"texture":"#0","tintindex":0},"down":{"uv":[8.375,7.0,8.0,7.5],"rotation":0,"texture":"#0","tintindex":0}}},{"from":[5.5315294,7.5324674,7.3206973],"to":[7.228672,9.22961,8.446411],"rotation":{"angle":45.0,"axis":"y","origin":[6.3801007,9.80961,8.169269]},"faces":{"east":{"uv":[2.375,7.875,2.625,8.25],"rotation":0,"texture":"#0","tintindex":0},"south":{"uv":[0.0,8.875,0.375,9.25],"rotation":0,"texture":"#0","tintindex":0},"north":{"uv":[5.625,8.75,6.0,9.125],"rotation":0,"texture":"#0","tintindex":0},"west":{"uv":[4.625,9.25,4.875,9.625],"rotation":0,"texture":"#0","tintindex":0},"up":{"uv":[2.875,9.75,2.5,9.5],"rotation":0,"texture":"#0","tintindex":0},"down":{"uv":[3.375,9.5,3.0,9.75],"rotation":0,"texture":"#0","tintindex":0}}},{"from":[5.9355903,10.38961,7.15333],"to":[7.6327333,11.515325,8.850472],"rotation":{"angle":45.0,"axis":"y","origin":[6.7841616,9.80961,8.57333]},"faces":{"east":{"uv":[9.5,4.0,9.875,4.25],"rotation":0,"texture":"#0","tintindex":0},"south":{"uv":[9.5,4.875,9.875,5.125],"rotation":0,"texture":"#0","tintindex":0},"north":{"uv":[9.5,3.625,9.875,3.875],"rotation":0,"texture":"#0","tintindex":0},"west":{"uv":[6.0,9.5,6.375,9.75],"rotation":0,"texture":"#0","tintindex":0},"up":{"uv":[2.5,9.25,2.125,8.875],"rotation":0,"texture":"#0","tintindex":0},"down":{"uv":[9.25,2.375,8.875,2.75],"rotation":0,"texture":"#0","tintindex":0}}},{"from":[6.142857,9.238182,6.773941],"to":[7.285714,10.381039,8.488227],"rotation":{"angle":-22.5,"axis":"y","origin":[8.085714,9.80961,6.6025124]},"faces":{"east":{"uv":[9.5,6.75,9.875,7.0],"rotation":0,"texture":"#0","tintindex":0},"south":{"uv":[9.0,7.25,9.25,7.5],"rotation":0,"texture":"#0","tintindex":0},"north":{"uv":[7.125,4.125,7.375,4.375],"rotation":0,"texture":"#0","tintindex":0},"west":{"uv":[9.625,0.375,10.0,0.625],"rotation":0,"texture":"#0","tintindex":0},"up":{"uv":[0.75,10.0,0.5,9.625],"rotation":0,"texture":"#0","tintindex":0},"down":{"uv":[1.125,9.625,0.875,10.0],"rotation":0,"texture":"#0","tintindex":0}}},{"from":[6.1142855,9.466753,7.4025126],"to":[6.1142855,9.981039,8.14537],"rotation":{"angle":-22.5,"axis":"y","origin":[8.085714,9.80961,6.6025124]},"faces":{"east":{"uv":[3.0,2.0,3.125,2.125],"rotation":0,"texture":"#0","tintindex":0},"south":{"uv":[3.875,4.5,3.875,4.625],"rotation":0,"texture":"#0","tintindex":0},"north":{"uv":[3.875,4.25,3.875,4.375],"rotation":0,"texture":"#0","tintindex":0},"west":{"uv":[3.25,3.0,3.375,3.125],"rotation":0,"texture":"#0","tintindex":0},"up":{"uv":[4.75,2.875,4.75,2.75],"rotation":0,"texture":"#0","tintindex":0},"down":{"uv":[3.875,4.75,3.875,4.875],"rotation":0,"texture":"#0","tintindex":0}}},{"from":[9.885715,9.466753,7.4025126],"to":[9.885715,9.981039,8.14537],"rotation":{"angle":22.5,"axis":"y","origin":[7.9142857,9.80961,6.6025124]},"faces":{"east":{"uv":[3.5,3.0,3.625,3.125],"rotation":0,"texture":"#0","tintindex":0},"south":{"uv":[3.25,5.875,3.25,6.0],"rotation":0,"texture":"#0","tintindex":0},"north":{"uv":[3.875,5.0,3.875,5.125],"rotation":0,"texture":"#0","tintindex":0},"west":{"uv":[3.75,3.0,3.875,3.125],"rotation":0,"texture":"#0","tintindex":0},"up":{"uv":[3.375,6.0,3.375,5.875],"rotation":0,"texture":"#0","tintindex":0},"down":{"uv":[3.5,5.875,3.5,6.0],"rotation":0,"texture":"#0","tintindex":0}}},{"from":[8.714286,9.238182,6.773941],"to":[9.857143,10.381039,8.488227],"rotation":{"angle":22.5,"axis":"y","origin":[7.9142857,9.80961,6.6025124]},"faces":{"east":{"uv":[9.625,0.75,10.0,1.0],"rotation":0,"texture":"#0","tintindex":0},"south":{"uv":[10.0,4.875,10.25,5.125],"rotation":0,"texture":"#0","tintindex":0},"north":{"uv":[9.875,8.625,10.125,8.875],"rotation":0,"texture":"#0","tintindex":0},"west":{"uv":[5.0,9.625,5.375,9.875],"rotation":0,"texture":"#0","tintindex":0},"up":{"uv":[6.75,10.0,6.5,9.625],"rotation":0,"texture":"#0","tintindex":0},"down":{"uv":[7.875,9.625,7.625,10.0],"rotation":0,"texture":"#0","tintindex":0}}},{"from":[8.891429,10.386753,5.636798],"to":[10.594286,11.518182,8.482512],"rotation":{"angle":22.5,"axis":"y","origin":[9.914286,10.666754,7.74537]},"faces":{"east":{"uv":[8.75,3.625,9.375,3.875],"rotation":0,"texture":"#0","tintindex":0},"south":{"uv":[9.25,9.625,9.625,9.875],"rotation":0,"texture":"#0","tintindex":0},"north":{"uv":[8.75,9.625,9.125,9.875],"rotation":0,"texture":"#0","tintindex":0},"west":{"uv":[8.75,4.875,9.375,5.125],"rotation":0,"texture":"#0","tintindex":0},"up":{"uv":[7.75,8.5,7.375,7.875],"rotation":0,"texture":"#0","tintindex":0},"down":{"uv":[8.25,7.875,7.875,8.5],"rotation":0,"texture":"#0","tintindex":0}}},{"from":[8.367267,10.38961,7.15333],"to":[10.064409,11.515325,8.850472],"rotation":{"angle":-45.0,"axis":"y","origin":[9.215838,9.80961,8.57333]},"faces":{"east":{"uv":[3.5,9.75,3.875,10.0],"rotation":0,"texture":"#0","tintindex":0},"south":{"uv":[4.0,9.75,4.375,10.0],"rotation":0,"texture":"#0","tintindex":0},"north":{"uv":[1.25,9.75,1.625,10.0],"rotation":0,"texture":"#0","tintindex":0},"west":{"uv":[4.5,9.75,4.875,10.0],"rotation":0,"texture":"#0","tintindex":0},"up":{"uv":[9.25,3.25,8.875,2.875],"rotation":0,"texture":"#0","tintindex":0},"down":{"uv":[9.25,5.25,8.875,5.625],"rotation":0,"texture":"#0","tintindex":0}}},{"from":[8.891429,7.52961,6.2082267],"to":[10.594286,9.232468,8.482512],"rotation":{"angle":22.5,"axis":"y","origin":[9.914286,10.666754,7.74537]},"faces":{"east":{"uv":[4.0,8.125,4.5,8.5],"rotation":0,"texture":"#0","tintindex":0},"south":{"uv":[8.875,6.25,9.25,6.625],"rotation":0,"texture":"#0","tintindex":0},"north":{"uv":[8.875,5.75,9.25,6.125],"rotation":0,"texture":"#0","tintindex":0},"west":{"uv":[8.125,5.0,8.625,5.375],"rotation":0,"texture":"#0","tintindex":0},"up":{"uv":[5.0,8.625,4.625,8.125],"rotation":0,"texture":"#0","tintindex":0},"down":{"uv":[8.625,0.0,8.25,0.5],"rotation":0,"texture":"#0","tintindex":0}}},{"from":[8.771328,7.5324674,7.3206973],"to":[10.468471,9.22961,8.446411],"rotation":{"angle":-45.0,"axis":"y","origin":[9.6199,9.80961,8.169269]},"faces":{"east":{"uv":[5.5,9.75,5.75,10.125],"rotation":0,"texture":"#0","tintindex":0},"south":{"uv":[8.875,8.125,9.25,8.5],"rotation":0,"texture":"#0","tintindex":0},"north":{"uv":[8.875,7.625,9.25,8.0],"rotation":0,"texture":"#0","tintindex":0},