{"elements":[{"from":[6.3517566,5.975977,6.5262995],"to":[9.780328,8.83312,9.383443],"rotation":{"angle":22.5,"axis":"y","origin":[7.714286,7.714286,7.714286]},"faces":{"east":{"uv":[0.0,5.875,0.625,6.5],"rotation":0,"texture":"#0","tintindex":0},"south":{"uv":[0.875,5.125,1.625,5.75],"rotation":0,"texture":"#0","tintindex":0},"north":{"uv":[5.125,0.75,5.875,1.375],"rotation":0,"texture":"#0","tintindex":0},"west":{"uv":[0.75,5.875,1.375,6.5],"rotation":0,"texture":"#0","tintindex":0},"up":{"uv":[5.875,2.125,5.125,1.5],"rotation":0,"texture":"#0","tintindex":0},"down":{"uv":[3.625,5.125,2.875,5.75],"rotation":0,"texture":"#0","tintindex":0}}},{"from":[7.7210374,5.908865,4.556365],"to":[10.006752,8.19458,7.984936],"rotation":{"angle":-22.5,"axis":"x","origin":[8.789703,7.714286,7.1081944]},"faces":{"east":{"uv":[5.75,6.0,6.5,6.5],"rotation":0,"texture":"#0","tintindex":0},"south":{"uv":[6.25,7.75,6.75,8.25],"rotation":0,"texture":"#0","tintindex":0},"north":{"uv":[3.375,7.75,3.875,8.25],"rotation":0,"texture":"#0","tintindex":0},"west":{"uv":[1.5,6.125,2.25,6.625],"rotation":0,"texture":"#0","tintindex":0},"up":{"uv":[3.75,6.875,3.25,6.125],"rotation":0,"texture":"#0","tintindex":0},"down":{"uv":[4.375,6.125,3.875,6.875],"rotation":0,"texture":"#0","tintindex":0}}},{"from":[6.1952844,5.964052,3.651257],"to":[9.623856,7.6783376,5.365543],"rotation":{"angle":-22.5,"axis":"z","origin":[9.018274,7.3714285,4.308194]},"faces":{"east":{"uv":[9.0,1.125,9.375,1.5],"rotation":0,"texture":"#0","tintindex":0},"south":{"uv":[7.375,1.0,8.125,1.375],"rotation":0,"texture":"#0","tintindex":0},"north":{"uv":[7.375,0.5,8.125,0.875],"rotation":0,"texture":"#0","tintindex":0},"west":{"uv":[9.0,1.625,9.375,2.0],"rotation":0,"texture":"#0","tintindex":0},"up":{"uv":[2.625,7.75,1.875,7.375],"rotation":0,"texture":"#0","tintindex":0},"down":{"uv":[8.125,2.625,7.375,3.0],"rotation":0,"texture":"#0","tintindex":0}}}],"textures":{"0":"modelengine:entity/nocsy_mount_ram_baby"},"display":{"head":{"translation":[0.0,-6.4,0.0],"scale":[4.0,4.0,4.0]}}}