{"elements":[{"from":[5.428571,9.885715,12.0],"to":[6.5714283,11.6,13.142858],"rotation":{"angle":0.0,"axis":"y","origin":[8.0,8.0,8.0]},"faces":{"east":{"uv":[12.125,6.25,12.375,6.625],"rotation":0,"texture":"#0","tintindex":0},"south":{"uv":[12.125,7.0,12.375,7.375],"rotation":0,"texture":"#0","tintindex":0},"north":{"uv":[12.125,5.875,12.375,6.25],"rotation":0,"texture":"#0","tintindex":0},"west":{"uv":[12.125,8.0,12.375,8.375],"rotation":0,"texture":"#0","tintindex":0},"up":{"uv":[5.375,12.625,5.125,12.375],"rotation":0,"texture":"#0","tintindex":0},"down":{"uv":[5.625,12.375,5.375,12.625],"rotation":0,"texture":"#0","tintindex":0}}},{"from":[4.285714,11.028572,12.0],"to":[11.714286,12.742857,13.714286],"rotation":{"angle":22.5,"axis":"x","origin":[8.0,12.171429,12.571428]},"faces":{"east":{"uv":[11.75,8.375,12.125,8.75],"rotation":0,"texture":"#0","tintindex":0},"south":{"uv":[8.5,0.625,10.125,1.0],"rotation":0,"texture":"#0","tintindex":0},"north":{"uv":[7.75,6.75,9.375,7.125],"rotation":0,"texture":"#0","tintindex":0},"west":{"uv":[11.875,0.0,12.25,0.375],"rotation":0,"texture":"#0","tintindex":0},"up":{"uv":[10.125,4.5,8.5,4.125],"rotation":0,"texture":"#0","tintindex":0},"down":{"uv":[10.125,4.5,8.5,4.875],"rotation":0,"texture":"#0","tintindex":0}}},{"from":[9.428572,9.885715,12.0],"to":[10.571428,11.6,13.142858],"rotation":{"angle":0.0,"axis":"y","origin":[8.0,8.0,8.0]},"faces":{"east":{"uv":[8.625,12.125,8.875,12.5],"rotation":0,"texture":"#0","tintindex":0},"south":{"uv":[8.875,12.125,9.125,12.5],"rotation":0,"texture":"#0","tintindex":0},"north":{"uv":[12.125,8.375,12.375,8.75],"rotation":0,"texture":"#0","tintindex":0},"west":{"uv":[9.125,12.125,9.375,12.5],"rotation":0,"texture":"#0","tintindex":0},"up":{"uv":[5.875,12.625,5.625,12.375],"rotation":0,"texture":"#0","tintindex":0},"down":{"uv":[6.125,12.375,5.875,12.625],"rotation":0,"texture":"#0","tintindex":0}}},{"from":[4.8571424,5.3142858,8.0],"to":[11.142858,9.885715,13.142858],"rotation":{"angle":0.0,"axis":"y","origin":[8.0,8.0,8.0]},"faces":{"east":{"uv":[2.5,5.5,3.625,6.5],"rotation":0,"texture":"#0","tintindex":0},"south":{"uv":[5.375,4.75,6.75,5.75],"rotation":0,"texture":"#0","tintindex":0},"north":{"uv":[5.375,3.75,6.75,4.75],"rotation":0,"texture":"#0","tintindex":0},"west":{"uv":[3.625,5.5,4.75,6.5],"rotation":0,"texture":"#0","tintindex":0},"up":{"uv":[1.375,5.75,0.0,4.625],"rotation":0,"texture":"#0","tintindex":0},"down":{"uv":[6.75,2.625,5.375,3.75],"rotation":0,"texture":"#0","tintindex":0}}},{"from":[4.8571424,6.457143,2.2857141],"to":[11.142858,9.885715,8.0],"rotation":{"angle":0.0,"axis":"y","origin":[8.0,8.0,8.0]},"faces":{"east":{"uv":[4.75,5.75,6.0,6.5],"rotation":0,"texture":"#0","tintindex":0},"south":{"uv":[5.625,1.75,7.0,2.5],"rotation":0,"texture":"#0","tintindex":0},"north":{"uv":[5.625,1.0,7.0,1.75],"rotation":0,"texture":"#0","tintindex":0},"west":{"uv":[6.0,5.75,7.25,6.5],"rotation":0,"texture":"#0","tintindex":0},"up":{"uv":[5.625,2.625,4.25,1.375],"rotation":0,"texture":"#0","tintindex":0},"down":{"uv":[3.875,4.25,2.5,5.5],"rotation":0,"texture":"#0","tintindex":0}}},{"from":[5.142857,3.4285712,9.142858],"to":[10.857143,9.714286,15.428572],"rotation":{"angle":0.0,"axis":"y","origin":[8.0,-0.57142925,7.428571]},"faces":{"east":{"uv":[2.875,0.0,4.25,1.375],"rotation":0,"texture":"#0","tintindex":0},"south":{"uv":[4.125,2.75,5.375,4.125],"rotation":0,"texture":"#0","tintindex":0},"north":{"uv":[1.25,3.25,2.5,4.625],"rotation":0,"texture":"#0","tintindex":0},"west":{"uv":[2.875,1.375,4.25,2.75],"rotation":0,"texture":"#0","tintindex":0},"up":{"uv":[5.375,5.5,4.125,4.125],"rotation":0,"texture":"#0","tintindex":0},"down":{"uv":[5.5,0.0,4.25,1.375],"rotation":0,"texture":"#0","tintindex":0}}},{"from":[5.142857,2.8571424,1.7142854],"to":[10.857143,9.714286,9.142858],"rotation":{"angle":0.0,"axis":"y","origin":[8.0,-0.57142925,9.142858]},"faces":{"east":{"uv":[0.0,0.0,1.625,1.5],"rotation":0,"texture":"#0","tintindex":0},"south":{"uv":[0.0,3.0,1.25,4.5],"rotation":0,"texture":"#0","tintindex":0},"north":{"uv":[2.875,2.75,4.125,4.25],"rotation":0,"texture":"#0","tintindex":0},"west":{"uv":[0.0,1.5,1.625,3.0],"rotation":0,"texture":"#0","tintindex":0},"up":{"uv":[2.875,1.625,1.625,0.0],"rotation":0,"texture":"#0","tintindex":0},"down":{"uv":[2.875,1.625,1.625,3.25],"rotation":0,"texture":"#0","tintindex":0}}}],"textures":{"0":"modelengine:entity/white_tiger"},"display":{"head":{"translation":[0.0,-6.4,0.0],"scale":[4.0,4.0,4.0]}}}