{"elements":[{"from":[6.5714283,6.711111,6.0464563],"to":[9.428572,8.425397,8.3321705],"rotation":{"angle":0.0,"axis":"y","origin":[8.0,8.996825,8.046456]},"faces":{"east":{"uv":[7.25,6.125,7.75,6.5],"rotation":0,"texture":"#0","tintindex":0},"south":{"uv":[6.5,11.125,7.125,11.5],"rotation":0,"texture":"#0","tintindex":0},"north":{"uv":[11.125,6.25,11.75,6.625],"rotation":0,"texture":"#0","tintindex":0},"west":{"uv":[0.0,11.375,0.5,11.75],"rotation":0,"texture":"#0","tintindex":0},"up":{"uv":[4.75,11.125,4.125,10.625],"rotation":0,"texture":"#0","tintindex":0},"down":{"uv":[6.0,10.625,5.375,11.125],"rotation":0,"texture":"#0","tintindex":0}}},{"from":[9.2,6.6539683,5.1893134],"to":[10.342857,8.368254,6.9035993],"rotation":{"angle":-22.5,"axis":"y","origin":[10.0,7.2253966,6.0464563]},"faces":{"east":{"uv":[4.625,11.625,5.0,12.0],"rotation":0,"texture":"#0","tintindex":0},"south":{"uv":[4.625,12.0,4.875,12.375],"rotation":0,"texture":"#0","tintindex":0},"north":{"uv":[4.375,12.0,4.625,12.375],"rotation":0,"texture":"#0","tintindex":0},"west":{"uv":[5.0,11.625,5.375,12.0],"rotation":0,"texture":"#0","tintindex":0},"up":{"uv":[12.25,5.125,12.0,4.75],"rotation":0,"texture":"#0","tintindex":0},"down":{"uv":[5.125,12.0,4.875,12.375],"rotation":0,"texture":"#0","tintindex":0}}},{"from":[5.6571426,6.6539683,5.1893134],"to":[6.8,8.368254,6.9035993],"rotation":{"angle":22.5,"axis":"y","origin":[6.0,7.2253966,6.0464563]},"faces":{"east":{"uv":[11.625,5.125,12.0,5.5],"rotation":0,"texture":"#0","tintindex":0},"south":{"uv":[12.0,5.125,12.25,5.5],"rotation":0,"texture":"#0","tintindex":0},"north":{"uv":[5.125,12.0,5.375,12.375],"rotation":0,"texture":"#0","tintindex":0},"west":{"uv":[5.375,11.625,5.75,12.0],"rotation":0,"texture":"#0","tintindex":0},"up":{"uv":[5.625,12.375,5.375,12.0],"rotation":0,"texture":"#0","tintindex":0},"down":{"uv":[12.25,5.5,12.0,5.875],"rotation":0,"texture":"#0","tintindex":0}}},{"from":[6.2285714,6.711111,4.0464563],"to":[6.2285714,7.853968,5.1893134],"rotation":{"angle":22.5,"axis":"y","origin":[6.0,7.28254,6.0464563]},"faces":{"east":{"uv":[10.0,6.875,10.25,7.125],"rotation":0,"texture":"#0","tintindex":0},"south":{"uv":[0.0,0.0,0.0,0.25],"rotation":0,"texture":"#0","tintindex":0},"north":{"uv":[0.0,0.0,0.0,0.25],"rotation":0,"texture":"#0","tintindex":0},"west":{"uv":[3.75,10.875,4.0,11.125],"rotation":0,"texture":"#0","tintindex":0},"up":{"uv":[0.0,0.25,0.0,0.0],"rotation":0,"texture":"#0","tintindex":0},"down":{"uv":[0.0,0.0,0.0,0.25],"rotation":0,"texture":"#0","tintindex":0}}},{"from":[6.742857,6.711111,4.3321705],"to":[7.885714,8.425397,6.0464563],"rotation":{"angle":0.0,"axis":"y","origin":[7.0857143,7.28254,5.1893134]},"faces":{"east":{"uv":[11.625,5.5,12.0,5.875],"rotation":0,"texture":"#0","tintindex":0},"south":{"uv":[5.875,12.0,6.125,12.375],"rotation":0,"texture":"#0","tintindex":0},"north":{"uv":[5.625,12.0,5.875,12.375],"rotation":0,"texture":"#0","tintindex":0},"west":{"uv":[5.75,11.625,6.125,12.0],"rotation":0,"texture":"#0","tintindex":0},"up":{"uv":[12.25,9.375,12.0,9.0],"rotation":0,"texture":"#0","tintindex":0},"down":{"uv":[12.25,9.625,12.0,10.0],"rotation":0,"texture":"#0","tintindex":0}}},{"from":[7.3142858,6.711111,3.1893134],"to":[7.3142858,7.853968,4.3321705],"rotation":{"angle":0.0,"axis":"y","origin":[7.0857143,7.28254,5.1893134]},"faces":{"east":{"uv":[6.125,11.625,6.375,11.875],"rotation":0,"texture":"#0","tintindex":0},"south":{"uv":[0.0,0.0,0.0,0.25],"rotation":0,"texture":"#0","tintindex":0},"north":{"uv":[0.0,0.0,0.0,0.25],"rotation":0,"texture":"#0","tintindex":0},"west":{"uv":[12.25,5.625,12.5,5.875],"rotation":0,"texture":"#0","tintindex":0},"up":{"uv":[0.0,0.25,0.0,0.0],"rotation":0,"texture":"#0","tintindex":0},"down":{"uv":[0.0,0.0,0.0,0.25],"rotation":0,"texture":"#0","tintindex":0}}},{"from":[8.685715,6.711111,3.1893134],"to":[8.685715,7.853968,4.3321705],"rotation":{"angle":0.0,"axis":"y","origin":[8.457143,7.28254,5.1893134]},"faces":{"east":{"uv":[12.25,9.125,12.5,9.375],"rotation":0,"texture":"#0","tintindex":0},"south":{"uv":[0.0,0.0,0.0,0.25],"rotation":0,"texture":"#0","tintindex":0},"north":{"uv":[0.0,0.0,0.0,0.25],"rotation":0,"texture":"#0","tintindex":0},"west":{"uv":[12.25,11.5,12.5,11.75],"rotation":0,"texture":"#0","tintindex":0},"up":{"uv":[0.0,0.25,0.0,0.0],"rotation":0,"texture":"#0","tintindex":0},"down":{"uv":[0.0,0.0,0.0,0.25],"rotation":0,"texture":"#0","tintindex":0}}},{"from":[8.114285,6.711111,4.3321705],"to":[9.257143,8.425397,6.0464563],"rotation":{"angle":0.0,"axis":"y","origin":[8.457143,7.28254,5.1893134]},"faces":{"east":{"uv":[10.875,11.625,11.25,12.0],"rotation":0,"texture":"#0","tintindex":0},"south":{"uv":[12.0,10.375,12.25,10.75],"rotation":0,"texture":"#0","tintindex":0},"north":{"uv":[12.0,10.0,12.25,10.375],"rotation":0,"texture":"#0","tintindex":0},"west":{"uv":[11.25,11.625,11.625,12.0],"rotation":0,"texture":"#0","tintindex":0},"up":{"uv":[12.25,11.125,12.0,10.75],"rotation":0,"texture":"#0","tintindex":0},"down":{"uv":[11.125,12.0,10.875,12.375],"rotation":0,"texture":"#0","tintindex":0}}},{"from":[9.849724,6.711111,3.6528392],"to":[9.849724,7.853968,4.7956963],"rotation":{"angle":-22.5,"axis":"y","origin":[9.049724,7.7968254,5.652839]},"faces":{"east":{"uv":[12.375,2.25,12.625,2.5],"rotation":0,"texture":"#0","tintindex":0},"south":{"uv":[0.0,0.0,0.0,0.25],"rotation":0,"texture":"#0","tintindex":0},"north":{"uv":[0.0,0.0,0.0,0.25],"rotation":0,"texture":"#0","tintindex":0},"west":{"uv":[12.375,2.5,12.625,2.75],"rotation":0,"texture":"#0","tintindex":0},"up":{"uv":[0.0,0.25,0.0,0.0],"rotation":0,"texture":"#0","tintindex":0},"down":{"uv":[0.0,0.0,0.0,0.25],"rotation":0,"texture":"#0","tintindex":0}}}],"textures":{"0":"modelengine:entity/white_tiger"},"display":{"head":{"translation":[0.0,-6.4,0.0],"scale":[4.0,4.0,4.0]}}}