{"elements":[{"from":[7.428571,6.684057,11.996162],"to":[8.571428,8.398343,14.2818775],"rotation":{"angle":22.5,"axis":"x","origin":[8.0,7.255486,14.2818775]},"faces":{"east":{"uv":[6.375,11.5,6.875,11.875],"rotation":0,"texture":"#0","tintindex":0},"south":{"uv":[12.0,11.125,12.25,11.5],"rotation":0,"texture":"#0","tintindex":0},"north":{"uv":[11.125,12.0,11.375,12.375],"rotation":0,"texture":"#0","tintindex":0},"west":{"uv":[6.875,11.5,7.375,11.875],"rotation":0,"texture":"#0","tintindex":0},"up":{"uv":[3.0,10.625,2.75,10.125],"rotation":0,"texture":"#0","tintindex":0},"down":{"uv":[4.375,10.125,4.125,10.625],"rotation":0,"texture":"#0","tintindex":0}}},{"from":[7.142857,6.900339,8.036076],"to":[8.857143,9.186053,12.607505],"rotation":{"angle":0.0,"axis":"y","origin":[8.0,-1.0996618,-13.678211]},"faces":{"east":{"uv":[7.375,8.75,8.375,9.25],"rotation":0,"texture":"#0","tintindex":0},"south":{"uv":[4.375,9.375,4.75,9.875],"rotation":0,"texture":"#0","tintindex":0},"north":{"uv":[3.75,8.75,4.125,9.25],"rotation":0,"texture":"#0","tintindex":0},"west":{"uv":[8.375,8.75,9.375,9.25],"rotation":0,"texture":"#0","tintindex":0},"up":{"uv":[10.25,11.5,9.875,10.5],"rotation":0,"texture":"#0","tintindex":0},"down":{"uv":[10.875,10.125,10.5,11.125],"rotation":0,"texture":"#0","tintindex":0}}}],"textures":{"0":"modelengine:entity/white_tiger"},"display":{"head":{"translation":[0.0,-6.4,0.0],"scale":[4.0,4.0,4.0]}}}