{"elements":[{"from":[6.857143,4.935717,5.492685],"to":[9.142858,8.364288,8.349828],"rotation":{"angle":22.5,"axis":"x","origin":[8.0,6.078574,6.9212565]},"faces":{"east":{"uv":[9.875,4.875,9.25,5.625],"rotation":0,"texture":"#0","tintindex":0},"south":{"uv":[4.125,10.125,3.625,10.875],"rotation":0,"texture":"#0","tintindex":0},"north":{"uv":[2.75,10.125,2.25,10.875],"rotation":0,"texture":"#0","tintindex":0},"west":{"uv":[5.375,9.25,4.75,10.0],"rotation":0,"texture":"#0","tintindex":0},"up":{"uv":[1.25,9.875,1.75,9.25],"rotation":0,"texture":"#0","tintindex":0},"down":{"uv":[10.625,5.5,11.125,6.125],"rotation":0,"texture":"#0","tintindex":0}}},{"from":[6.5714283,3.9642882,5.492685],"to":[9.428572,5.678574,8.921257],"rotation":{"angle":22.5,"axis":"x","origin":[8.857143,6.078574,10.635542]},"faces":{"east":{"uv":[11.875,0.375,11.125,0.75],"rotation":0,"texture":"#0","tintindex":0},"south":{"uv":[9.625,11.125,9.0,11.5],"rotation":0,"texture":"#0","tintindex":0},"north":{"uv":[9.0,11.125,8.375,11.5],"rotation":0,"texture":"#0","tintindex":0},"west":{"uv":[11.75,8.625,11.0,9.0],"rotation":0,"texture":"#0","tintindex":0},"up":{"uv":[2.375,10.125,3.0,9.375],"rotation":0,"texture":"#0","tintindex":0},"down":{"uv":[9.375,2.5,10.0,3.25],"rotation":0,"texture":"#0","tintindex":0}}}],"textures":{"0":"modelengine:entity/white_tiger"},"display":{"head":{"translation":[0.0,-6.4,0.0],"scale":[4.0,4.0,4.0]}}}