{"elements":[{"from":[6.857143,5.2035494,5.4843287],"to":[9.142858,8.632121,8.341472],"rotation":{"angle":22.5,"axis":"x","origin":[8.0,6.346407,6.9129004]},"faces":{"east":{"uv":[6.125,9.25,6.75,10.0],"rotation":0,"texture":"#0","tintindex":0},"south":{"uv":[0.0,10.625,0.5,11.375],"rotation":0,"texture":"#0","tintindex":0},"north":{"uv":[10.5,4.75,11.0,5.5],"rotation":0,"texture":"#0","tintindex":0},"west":{"uv":[9.375,1.75,10.0,2.5],"rotation":0,"texture":"#0","tintindex":0},"up":{"uv":[6.5,11.25,6.0,10.625],"rotation":0,"texture":"#0","tintindex":0},"down":{"uv":[11.125,6.125,10.625,6.75],"rotation":0,"texture":"#0","tintindex":0}}},{"from":[6.5714283,8.232121,4.7414713],"to":[9.428572,9.946407,8.170043],"rotation":{"angle":22.5,"axis":"x","origin":[7.142857,6.346407,0.74147177]},"faces":{"east":{"uv":[0.5,11.125,1.25,11.5],"rotation":0,"texture":"#0","tintindex":0},"south":{"uv":[11.25,0.0,11.875,0.375],"rotation":0,"texture":"#0","tintindex":0},"north":{"uv":[10.25,11.125,10.875,11.5],"rotation":0,"texture":"#0","tintindex":0},"west":{"uv":[11.125,0.75,11.875,1.125],"rotation":0,"texture":"#0","tintindex":0},"up":{"uv":[4.375,10.125,3.75,9.375],"rotation":0,"texture":"#0","tintindex":0},"down":{"uv":[10.0,5.625,9.375,6.375],"rotation":0,"texture":"#0","tintindex":0}}}],"textures":{"0":"modelengine:entity/white_tiger"},"display":{"head":{"translation":[0.0,-6.4,0.0],"scale":[4.0,4.0,4.0]}}}