{"elements":[{"from":[6.150276,6.5714283,3.8920965],"to":[6.150276,7.714286,5.034954],"rotation":{"angle":22.5,"axis":"y","origin":[6.950276,7.6571426,5.892097]},"faces":{"east":{"uv":[4.125,12.375,3.875,12.625],"rotation":0,"texture":"#0","tintindex":0},"south":{"uv":[0.0,0.0,0.0,0.25],"rotation":0,"texture":"#0","tintindex":0},"north":{"uv":[0.0,0.0,0.0,0.25],"rotation":0,"texture":"#0","tintindex":0},"west":{"uv":[12.625,3.25,12.375,3.5],"rotation":0,"texture":"#0","tintindex":0},"up":{"uv":[0.0,0.25,0.0,0.0],"rotation":0,"texture":"#0","tintindex":0},"down":{"uv":[0.0,0.0,0.0,0.25],"rotation":0,"texture":"#0","tintindex":0}}},{"from":[6.742857,6.5714283,4.5714283],"to":[7.885714,8.285714,6.285714],"rotation":{"angle":0.0,"axis":"y","origin":[7.542857,7.142857,5.428571]},"faces":{"east":{"uv":[2.75,11.75,2.375,12.125],"rotation":0,"texture":"#0","tintindex":0},"south":{"uv":[12.25,11.5,12.0,11.875],"rotation":0,"texture":"#0","tintindex":0},"north":{"uv":[11.625,12.0,11.375,12.375],"rotation":0,"texture":"#0","tintindex":0},"west":{"uv":[2.375,11.75,2.0,12.125],"rotation":0,"texture":"#0","tintindex":0},"up":{"uv":[11.625,12.375,11.875,12.0],"rotation":0,"texture":"#0","tintindex":0},"down":{"uv":[11.875,12.0,12.125,12.375],"rotation":0,"texture":"#0","tintindex":0}}},{"from":[7.3142858,6.5714283,3.4285712],"to":[7.3142858,7.714286,4.5714283],"rotation":{"angle":0.0,"axis":"y","origin":[7.542857,7.142857,5.428571]},"faces":{"east":{"uv":[4.375,12.375,4.125,12.625],"rotation":0,"texture":"#0","tintindex":0},"south":{"uv":[0.0,0.0,0.0,0.25],"rotation":0,"texture":"#0","tintindex":0},"north":{"uv":[0.0,0.0,0.0,0.25],"rotation":0,"texture":"#0","tintindex":0},"west":{"uv":[12.625,4.0,12.375,4.25],"rotation":0,"texture":"#0","tintindex":0},"up":{"uv":[0.0,0.25,0.0,0.0],"rotation":0,"texture":"#0","tintindex":0},"down":{"uv":[0.0,0.0,0.0,0.25],"rotation":0,"texture":"#0","tintindex":0}}},{"from":[8.685715,6.5714283,3.4285712],"to":[8.685715,7.714286,4.5714283],"rotation":{"angle":0.0,"axis":"y","origin":[8.914286,7.142857,5.428571]},"faces":{"east":{"uv":[4.625,12.375,4.375,12.625],"rotation":0,"texture":"#0","tintindex":0},"south":{"uv":[0.0,0.0,0.0,0.25],"rotation":0,"texture":"#0","tintindex":0},"north":{"uv":[0.0,0.0,0.0,0.25],"rotation":0,"texture":"#0","tintindex":0},"west":{"uv":[12.625,4.25,12.375,4.5],"rotation":0,"texture":"#0","tintindex":0},"up":{"uv":[0.0,0.25,0.0,0.0],"rotation":0,"texture":"#0","tintindex":0},"down":{"uv":[0.0,0.0,0.0,0.25],"rotation":0,"texture":"#0","tintindex":0}}},{"from":[8.114285,6.5714283,4.5714283],"to":[9.257143,8.285714,6.285714],"rotation":{"angle":0.0,"axis":"y","origin":[8.914286,7.142857,5.428571]},"faces":{"east":{"uv":[12.125,4.125,11.75,4.5],"rotation":0,"texture":"#0","tintindex":0},"south":{"uv":[1.25,12.125,1.0,12.5],"rotation":0,"texture":"#0","tintindex":0},"north":{"uv":[0.25,12.125,0.0,12.5],"rotation":0,"texture":"#0","tintindex":0},"west":{"uv":[3.125,11.75,2.75,12.125],"rotation":0,"texture":"#0","tintindex":0},"up":{"uv":[1.25,12.5,1.5,12.125],"rotation":0,"texture":"#0","tintindex":0},"down":{"uv":[1.5,12.125,1.75,12.5],"rotation":0,"texture":"#0","tintindex":0}}},{"from":[9.771429,6.5714283,4.285714],"to":[9.771429,7.714286,5.428571],"rotation":{"angle":-22.5,"axis":"y","origin":[10.0,7.142857,6.285714]},"faces":{"east":{"uv":[5.125,12.375,4.875,12.625],"rotation":0,"texture":"#0","tintindex":0},"south":{"uv":[0.0,0.0,0.0,0.25],"rotation":0,"texture":"#0","tintindex":0},"north":{"uv":[0.0,0.0,0.0,0.25],"rotation":0,"texture":"#0","tintindex":0},"west":{"uv":[4.875,12.375,4.625,12.625],"rotation":0,"texture":"#0","tintindex":0},"up":{"uv":[0.0,0.25,0.0,0.0],"rotation":0,"texture":"#0","tintindex":0},"down":{"uv":[0.0,0.0,0.0,0.25],"rotation":0,"texture":"#0","tintindex":0}}},{"from":[9.2,6.5142856,5.428571],"to":[10.342857,8.228572,7.142857],"rotation":{"angle":-22.5,"axis":"y","origin":[10.0,7.0857143,6.285714]},"faces":{"east":{"uv":[12.125,6.25,11.75,6.625],"rotation":0,"texture":"#0","tintindex":0},"south":{"uv":[2.25,12.125,2.0,12.5],"rotation":0,"texture":"#0","tintindex":0},"north":{"uv":[2.0,12.125,1.75,12.5],"rotation":0,"texture":"#0","tintindex":0},"west":{"uv":[12.125,5.875,11.75,6.25],"rotation":0,"texture":"#0","tintindex":0},"up":{"uv":[2.25,12.5,2.5,12.125],"rotation":0,"texture":"#0","tintindex":0},"down":{"uv":[2.5,12.125,2.75,12.5],"rotation":0,"texture":"#0","tintindex":0}}},{"from":[5.6571426,6.5142856,5.428571],"to":[6.8,8.228572,7.142857],"rotation":{"angle":22.5,"axis":"y","origin":[6.0,7.0857143,6.285714]},"faces":{"east":{"uv":[12.125,8.0,11.75,8.375],"rotation":0,"texture":"#0","tintindex":0},"south":{"uv":[3.0,12.125,2.75,12.5],"rotation":0,"texture":"#0","tintindex":0},"north":{"uv":[12.375,2.5,12.125,2.875],"rotation":0,"texture":"#0","tintindex":0},"west":{"uv":[12.125,7.0,11.75,7.375],"rotation":0,"texture":"#0","tintindex":0},"up":{"uv":[12.125,3.625,12.375,3.25],"rotation":0,"texture":"#0","tintindex":0},"down":{"uv":[12.125,4.125,12.375,4.5],"rotation":0,"texture":"#0","tintindex":0}}},{"from":[6.5714283,6.5714283,6.285714],"to":[9.428572,8.285714,8.571428],"rotation":{"angle":0.0,"axis":"y","origin":[8.0,8.857143,8.285714]},"faces":{"east":{"uv":[12.0,10.5,11.5,10.875],"rotation":0,"texture":"#0","tintindex":0},"south":{"uv":[8.375,11.125,7.75,11.5],"rotation":0,"texture":"#0","tintindex":0},"north":{"uv":[7.75,11.125,7.125,11.5],"rotation":0,"texture":"#0","tintindex":0},"west":{"uv":[10.875,11.5,10.375,11.875],"rotation":0,"texture":"#0","tintindex":0},"up":{"uv":[7.375,11.125,8.0,10.625],"rotation":0,"texture":"#0","tintindex":0},"down":{"uv":[10.625,7.75,11.25,8.25],"rotation":0,"texture":"#0","tintindex":0}}}],"textures":{"0":"modelengine:entity/white_tiger"},"display":{"head":{"translation":[0.0,-6.4,0.0],"scale":[4.0,4.0,4.0]}}}