{"elements":[{"from":[6.857143,5.2035494,5.4843287],"to":[9.142858,8.632121,8.341472],"rotation":{"angle":22.5,"axis":"x","origin":[8.0,6.346407,6.9129004]},"faces":{"east":{"uv":[10.0,1.75,9.375,2.5],"rotation":0,"texture":"#0","tintindex":0},"south":{"uv":[0.5,10.625,0.0,11.375],"rotation":0,"texture":"#0","tintindex":0},"north":{"uv":[11.0,4.75,10.5,5.5],"rotation":0,"texture":"#0","tintindex":0},"west":{"uv":[6.75,9.25,6.125,10.0],"rotation":0,"texture":"#0","tintindex":0},"up":{"uv":[6.0,11.25,6.5,10.625],"rotation":0,"texture":"#0","tintindex":0},"down":{"uv":[10.625,6.125,11.125,6.75],"rotation":0,"texture":"#0","tintindex":0}}},{"from":[6.5714283,8.232121,4.7414713],"to":[9.428572,9.946407,8.170043],"rotation":{"angle":22.5,"axis":"x","origin":[8.857143,6.346407,0.74147177]},"faces":{"east":{"uv":[11.875,0.75,11.125,1.125],"rotation":0,"texture":"#0","tintindex":0},"south":{"uv":[11.875,0.0,11.25,0.375],"rotation":0,"texture":"#0","tintindex":0},"north":{"uv":[10.875,11.125,10.25,11.5],"rotation":0,"texture":"#0","tintindex":0},"west":{"uv":[1.25,11.125,0.5,11.5],"rotation":0,"texture":"#0","tintindex":0},"up":{"uv":[3.75,10.125,4.375,9.375],"rotation":0,"texture":"#0","tintindex":0},"down":{"uv":[9.375,5.625,10.0,6.375],"rotation":0,"texture":"#0","tintindex":0}}}],"textures":{"0":"modelengine:entity/white_tiger"},"display":{"head":{"translation":[0.0,-6.4,0.0],"scale":[4.0,4.0,4.0]}}}