{"elements":[{"from":[5.714286,6.645228,4.083866],"to":[10.285714,8.359514,7.512438],"rotation":{"angle":0.0,"axis":"y","origin":[8.0,6.9309425,8.9410095]},"faces":{"east":{"uv":[11.0,7.25,11.75,7.625],"rotation":0,"texture":"#0","tintindex":0},"south":{"uv":[10.125,0.625,11.125,1.0],"rotation":0,"texture":"#0","tintindex":0},"north":{"uv":[10.0,8.75,11.0,9.125],"rotation":0,"texture":"#0","tintindex":0},"west":{"uv":[11.0,8.25,11.75,8.625],"rotation":0,"texture":"#0","tintindex":0},"up":{"uv":[8.0,2.25,7.0,1.5],"rotation":0,"texture":"#0","tintindex":0},"down":{"uv":[7.5,7.125,6.5,7.875],"rotation":0,"texture":"#0","tintindex":0}}},{"from":[5.714286,8.359514,5.2267237],"to":[10.285714,10.073799,8.083866],"rotation":{"angle":0.0,"axis":"y","origin":[8.0,6.9309425,8.9410095]},"faces":{"east":{"uv":[11.125,4.375,11.75,4.75],"rotation":0,"texture":"#0","tintindex":0},"south":{"uv":[10.125,3.625,11.125,4.0],"rotation":0,"texture":"#0","tintindex":0},"north":{"uv":[10.125,3.25,11.125,3.625],"rotation":0,"texture":"#0","tintindex":0},"west":{"uv":[11.125,5.875,11.75,6.25],"rotation":0,"texture":"#0","tintindex":0},"up":{"uv":[6.375,8.25,5.375,7.625],"rotation":0,"texture":"#0","tintindex":0},"down":{"uv":[8.75,6.125,7.75,6.75],"rotation":0,"texture":"#0","tintindex":0}}},{"from":[6.857143,7.027832,4.574445],"to":[9.142858,9.884975,5.717302],"rotation":{"angle":45.0,"axis":"x","origin":[8.0,8.799261,5.3173018]},"faces":{"east":{"uv":[3.875,4.25,4.125,4.875],"rotation":0,"texture":"#0","tintindex":0},"south":{"uv":[1.75,8.5,2.25,9.125],"rotation":0,"texture":"#0","tintindex":0},"north":{"uv":[6.75,5.125,7.25,5.75],"rotation":0,"texture":"#0","tintindex":0},"west":{"uv":[3.875,4.875,4.125,5.5],"rotation":0,"texture":"#0","tintindex":0},"up":{"uv":[2.875,9.375,2.375,9.125],"rotation":0,"texture":"#0","tintindex":0},"down":{"uv":[10.0,3.875,9.5,4.125],"rotation":0,"texture":"#0","tintindex":0}}},{"from":[6.285714,5.502371,4.083866],"to":[9.714286,6.645228,7.512438],"rotation":{"angle":0.0,"axis":"y","origin":[8.0,6.9309425,8.9410095]},"faces":{"east":{"uv":[8.75,3.875,9.5,4.125],"rotation":0,"texture":"#0","tintindex":0},"south":{"uv":[10.25,0.375,11.0,0.625],"rotation":0,"texture":"#0","tintindex":0},"north":{"uv":[8.0,5.875,8.75,6.125],"rotation":0,"texture":"#0","tintindex":0},"west":{"uv":[11.125,2.25,11.875,2.5],"rotation":0,"texture":"#0","tintindex":0},"up":{"uv":[1.75,9.25,1.0,8.5],"rotation":0,"texture":"#0","tintindex":0},"down":{"uv":[6.75,8.5,6.0,9.25],"rotation":0,"texture":"#0","tintindex":0}}},{"from":[7.428571,7.4523277,3.0197835],"to":[8.571428,8.023756,3.5912118],"rotation":{"angle":-45.0,"axis":"x","origin":[8.0,7.623756,3.0769258]},"faces":{"east":{"uv":[3.375,7.5,3.5,7.625],"rotation":0,"texture":"#0","tintindex":0},"south":{"uv":[9.125,6.625,9.375,6.75],"rotation":0,"texture":"#0","tintindex":0},"north":{"uv":[8.5,2.125,8.75,2.25],"rotation":0,"texture":"#0","tintindex":0},"west":{"uv":[6.375,7.625,6.5,7.75],"rotation":0,"texture":"#0","tintindex":0},"up":{"uv":[4.625,10.0,4.375,9.875],"rotation":0,"texture":"#0","tintindex":0},"down":{"uv":[10.25,9.125,10.0,9.25],"rotation":0,"texture":"#0","tintindex":0}}},{"from":[8.057143,8.61272,3.1179714],"to":[10.342857,10.327005,4.260829],"rotation":{"angle":-22.5,"axis":"x","origin":[8.0,8.898434,9.117971]},"faces":{"east":{"uv":[4.75,10.625,5.0,11.0],"rotation":0,"texture":"#0","tintindex":0},"south":{"uv":[0.5,11.5,1.0,11.875],"rotation":0,"texture":"#0","tintindex":0},"north":{"uv":[11.375,9.375,11.875,9.75],"rotation":0,"texture":"#0","tintindex":0},"west":{"uv":[9.625,11.125,9.875,11.5],"rotation":0,"texture":"#0","tintindex":0},"up":{"uv":[11.75,7.25,11.25,7.0],"rotation":0,"texture":"#0","tintindex":0},"down":{"uv":[11.75,8.0,11.25,8.25],"rotation":0,"texture":"#0","tintindex":0}}},{"from":[5.6571426,8.61272,3.1179714],"to":[7.9428573,10.327005,4.260829],"rotation":{"angle":-22.5,"axis":"x","origin":[8.0,8.898434,9.117971]},"faces":{"east":{"uv":[10.625,11.875,10.875,12.25],"rotation":0,"texture":"#0","tintindex":0},"south":{"uv":[11.5,4.75,12.0,5.125],"rotation":0,"texture":"#0","tintindex":0},"north":{"uv":[3.125,11.5,3.625,11.875],"rotation":0,"texture":"#0","tintindex":0},"west":{"uv":[12.0,3.75,12.25,4.125],"rotation":0,"texture":"#0","tintindex":0},"up":{"uv":[12.25,4.75,11.75,4.5],"rotation":0,"texture":"#0","tintindex":0},"down":{"uv":[12.25,8.75,11.75,9.0],"rotation":0,"texture":"#0","tintindex":0}}},{"from":[7.428571,7.751141,3.3064618],"to":[8.571428,8.32257,5.0207477],"rotation":{"angle":-22.5,"axis":"x","origin":[8.0,7.9225698,3.3636045]},"faces":{"east":{"uv":[5.0,2.625,5.375,2.75],"rotation":0,"texture":"#0","tintindex":0},"south":{"uv":[10.625,6.75,10.875,6.875],"rotation":0,"texture":"#0","tintindex":0},"north":{"uv":[10.125,4.75,10.375,4.875],"rotation":0,"texture":"#0","tintindex":0},"west":{"uv":[2.875,8.125,3.25,8.25],"rotation":0,"texture":"#0","tintindex":0},"up":{"uv":[4.125,12.375,3.875,12.0],"rotation":0,"texture":"#0","tintindex":0},"down":{"uv":[4.375,12.0,4.125,12.375],"rotation":0,"texture":"#0","tintindex":0}}},{"from":[9.142858,9.330942,4.998152],"to":[10.857143,9.90237,6.1410093],"rotation":{"angle":-45.0,"axis":"y","origin":[10.0,9.045228,5.283866]},"faces":{"east":{"uv":[10.625,8.25,10.875,8.375],"rotation":0,"texture":"#0","tintindex":0},"south":{"uv":[8.75,6.625,9.125,6.75],"rotation":0,"texture":"#0","tintindex":0},"north":{"uv":[4.125,8.25,4.5,8.375],"rotation":0,"texture":"#0","tintindex":0},"west":{"uv":[10.875,6.75,11.125,6.875],"rotation":0,"texture":"#0","tintindex":0},"up":{"uv":[1.625,3.25,1.25,3.0],"rotation":0,"texture":"#0","tintindex":0},"down":{"uv":[8.0,4.875,7.625,5.125],"rotation":0,"texture":"#0","tintindex":0}}},{"from":[5.142857,9.330942,4.998152],"to":[6.857143,9.90237,6.1410093],"rotation":{"angle":45.0,"axis":"y","origin":[6.0,9.045228,5.283866]},"faces":{"east":{"uv":[11.0,7.625,11.25,7.75],"rotation":0,"texture":"#0","tintindex":0},"south":{"uv":[3.75,9.25,4.125,9.375],"rotation":0,"texture":"#0","tintindex":0},"north":{"uv":[0.625,9.125,1.0,9.25],"rotation":0,"texture":"#0","tintindex":0},"west":{"uv":[11.0,9.0,11.25,9.125],"rotation":0,"texture":"#0","tintindex":0},"up":{"uv":[6.375,8.5,6.0,8.25],"rotation":0,"texture":"#0","tintindex":0},"down":{"uv":[3.625,10.625,3.25,10.875],"rotation":0,"texture":"#0","tintindex":0}}},{"from":[5.942857,4.930942,3.8552947],"to":[6.5142856,6.645228,4.4267235],"rotation":{"angle":0.0,"axis":"y","origin":[8.0,6.9309425,8.9410095]},"faces":{"east":{"uv":[7.875,1.0,8.0,1.375],"rotation":0,"texture":"#0","tintindex":0},"south":{"uv":[9.25,1.75,9.375,2.125],"rotation":0,"texture":"#0","tintindex":0},"north":{"uv":[5.5,1.0,5.625,1.375],"rotation":0,"texture":"#0","tintindex":0},"west":{"uv":[6.5,10.625,6.625,11.0],"rotation":0,"texture":"#0","tintindex":0},"up":{"uv":[6.5,7.875,6.375,7.75],"rotation":0,"texture":"#0","tintindex":0},"down":{"uv":[8.0,1.375,7.875,1.5],"rotation":0,"texture":"#0","tintindex":0}}},{"from":[6.2285714,4.3595133,3.8552947],"to":[6.2285714,6.645228,4.998152],"rotation":{"angle":0.0,"axis":"y","origin":[8.0,6.9309425,8.9410095]},"faces":{"east":{"uv":[0.75,11.875,1.0,12.375],"rotation":0,"texture":"#0","tintindex":0},"south":{"uv":[0.0,0.0,0.0,0.5],"rotation":0,"texture":"#0","tintindex":0},"north":{"uv":[0.0,0.0,0.0,0.5],"rotation":0,"texture":"#0","tintindex":0},"west":{"uv":[8.375,11.875,8.625,12.375],"rotation":0,"texture":"#0","tintindex":0},"up":{"uv":[0.0,0.25,0.0,0.0],"rotation":0,"texture":"#0","tintindex":0},"down":{"uv":[0.0,0.0,0.0,0.25],"rotation":0,"texture":"#0","tintindex":0}}},{"from":[5.134735,6.645228,4.797311],"to":[7.4204493,8.359514,7.083025],"rotation":{"angle":-45.0,"axis":"y","origin":[4.906163,7.502371,5.7115965]},"faces":{"east":{"uv":[7.875,11.5,8.375,11.875],"rotation":0,"texture":"#0","tintindex":0},"south":{"uv":[8.375,11.5,8.875,11.875],"rotation":0,"texture":"#0","tintindex":0},"north":{"uv":[7.375,11.5,7.875,11.875],"rotation":0,