{"elements":[{"from":[6.399107,5.465061,6.008895],"to":[9.827679,8.322204,11.151752],"rotation":{"angle":0.0,"axis":"y","origin":[8.2848215,6.0364895,9.723181]},"faces":{"east":{"uv":[2.25,7.5,3.375,8.125],"rotation":0,"texture":"#0","tintindex":0},"south":{"uv":[7.375,9.25,8.125,9.875],"rotation":0,"texture":"#0","tintindex":0},"north":{"uv":[5.375,9.25,6.125,9.875],"rotation":0,"texture":"#0","tintindex":0},"west":{"uv":[7.5,7.125,8.625,7.75],"rotation":0,"texture":"#0","tintindex":0},"up":{"uv":[4.25,7.625,3.5,6.5],"rotation":0,"texture":"#0","tintindex":0},"down":{"uv":[5.0,6.5,4.25,7.625],"rotation":0,"texture":"#0","tintindex":0}}},{"from":[5.941964,10.607919,6.866038],"to":[6.513393,13.465061,9.723181],"rotation":{"angle":22.5,"axis":"x","origin":[6.2848215,9.465061,-0.8482475]},"faces":{"east":{"uv":[10.0,1.625,10.625,2.25],"rotation":0,"texture":"#0","tintindex":0},"south":{"uv":[10.375,9.125,10.5,9.75],"rotation":0,"texture":"#0","tintindex":0},"north":{"uv":[7.375,7.875,7.5,8.5],"rotation":0,"texture":"#0","tintindex":0},"west":{"uv":[10.0,2.25,10.625,2.875],"rotation":0,"texture":"#0","tintindex":0},"up":{"uv":[3.875,12.875,3.75,12.25],"rotation":0,"texture":"#0","tintindex":0},"down":{"uv":[12.375,9.625,12.25,10.25],"rotation":0,"texture":"#0","tintindex":0}}},{"from":[6.113393,9.579188,7.6802535],"to":[6.113393,13.579189,11.680254],"rotation":{"angle":-22.5,"axis":"x","origin":[10.970536,6.150617,12.251682]},"faces":{"east":{"uv":[6.75,2.5,7.625,3.375],"rotation":0,"texture":"#0","tintindex":0},"south":{"uv":[0.0,0.0,0.0,0.875],"rotation":0,"texture":"#0","tintindex":0},"north":{"uv":[0.0,0.0,0.0,0.875],"rotation":0,"texture":"#0","tintindex":0},"west":{"uv":[6.75,3.375,7.625,4.25],"rotation":0,"texture":"#0","tintindex":0},"up":{"uv":[0.0,0.875,0.0,0.0],"rotation":0,"texture":"#0","tintindex":0},"down":{"uv":[0.0,0.0,0.0,0.875],"rotation":0,"texture":"#0","tintindex":0}}},{"from":[6.413393,6.857311,6.1162667],"to":[9.841965,9.714454,10.6876955],"rotation":{"angle":22.5,"axis":"x","origin":[8.2848215,7.4287395,9.659124]},"faces":{"east":{"uv":[6.375,7.875,7.375,8.5],"rotation":0,"texture":"#0","tintindex":0},"south":{"uv":[8.875,9.25,9.625,9.875],"rotation":0,"texture":"#0","tintindex":0},"north":{"uv":[8.125,9.25,8.875,9.875],"rotation":0,"texture":"#0","tintindex":0},"west":{"uv":[8.0,1.0,9.0,1.625],"rotation":0,"texture":"#0","tintindex":0},"up":{"uv":[8.0,6.125,7.25,5.125],"rotation":0,"texture":"#0","tintindex":0},"down":{"uv":[0.75,7.5,0.0,8.5],"rotation":0,"texture":"#0","tintindex":0}}}],"textures":{"0":"modelengine:entity/white_tiger"},"display":{"head":{"translation":[0.0,-6.4,0.0],"scale":[4.0,4.0,4.0]}}}