{"elements":[{"from":[6.820408,4.5232053,6.1213546],"to":[9.677551,9.094634,10.121355],"rotation":{"angle":-22.5,"axis":"x","origin":[8.24898,6.8089194,8.121355]},"faces":{"east":{"uv":[0.0,6.5,0.875,7.5],"rotation":0,"texture":"#0","tintindex":0},"south":{"uv":[7.875,0.0,8.5,1.0],"rotation":0,"texture":"#0","tintindex":0},"north":{"uv":[7.5,7.75,8.125,8.75],"rotation":0,"texture":"#0","tintindex":0},"west":{"uv":[0.875,6.5,1.75,7.5],"rotation":0,"texture":"#0","tintindex":0},"up":{"uv":[5.375,9.25,4.75,8.375],"rotation":0,"texture":"#0","tintindex":0},"down":{"uv":[7.375,8.5,6.75,9.375],"rotation":0,"texture":"#0","tintindex":0}}},{"from":[6.3061223,6.4089193,7.2642117],"to":[6.877551,9.266063,10.121355],"rotation":{"angle":22.5,"axis":"x","origin":[6.2489796,10.237492,8.121355]},"faces":{"east":{"uv":[3.0,10.0,3.625,10.625],"rotation":0,"texture":"#0","tintindex":0},"south":{"uv":[10.625,12.25,10.75,12.875],"rotation":0,"texture":"#0","tintindex":0},"north":{"uv":[12.25,10.25,12.375,10.875],"rotation":0,"texture":"#0","tintindex":0},"west":{"uv":[4.375,10.0,5.0,10.625],"rotation":0,"texture":"#0","tintindex":0},"up":{"uv":[10.875,12.875,10.75,12.25],"rotation":0,"texture":"#0","tintindex":0},"down":{"uv":[12.375,10.875,12.25,11.5],"rotation":0,"texture":"#0","tintindex":0}}},{"from":[6.4204082,9.038761,6.8284054],"to":[6.4204082,13.038761,10.828405],"rotation":{"angle":-22.5,"axis":"x","origin":[11.448979,5.6101894,11.399834]},"faces":{"east":{"uv":[6.75,2.5,7.625,3.375],"rotation":0,"texture":"#0","tintindex":0},"south":{"uv":[0.0,0.0,0.0,0.875],"rotation":0,"texture":"#0","tintindex":0},"north":{"uv":[0.0,0.0,0.0,0.875],"rotation":0,"texture":"#0","tintindex":0},"west":{"uv":[6.75,3.375,7.625,4.25],"rotation":0,"texture":"#0","tintindex":0},"up":{"uv":[0.0,0.875,0.0,0.0],"rotation":0,"texture":"#0","tintindex":0},"down":{"uv":[0.0,0.0,0.0,0.875],"rotation":0,"texture":"#0","tintindex":0}}}],"textures":{"0":"modelengine:entity/white_tiger"},"display":{"head":{"translation":[0.0,-6.4,0.0],"scale":[4.0,4.0,4.0]}}}