{"elements":[{"from":[5.428571,6.7583423,4.023833],"to":[10.571428,11.329771,6.8809757],"rotation":{"angle":22.5,"axis":"x","origin":[8.0,9.558342,5.680976]},"faces":{"east":{"uv":[8.0,4.875,8.625,5.875],"rotation":0,"texture":"#0","tintindex":0},"south":{"uv":[5.5,0.0,6.625,1.0],"rotation":0,"texture":"#0","tintindex":0},"north":{"uv":[1.375,4.625,2.5,5.625],"rotation":0,"texture":"#0","tintindex":0},"west":{"uv":[2.25,8.125,2.875,9.125],"rotation":0,"texture":"#0","tintindex":0},"up":{"uv":[8.75,2.875,7.625,2.25],"rotation":0,"texture":"#0","tintindex":0},"down":{"uv":[8.75,2.875,7.625,3.5],"rotation":0,"texture":"#0","tintindex":0}}},{"from":[6.0,6.7583423,6.8809757],"to":[10.0,10.758343,9.738119],"rotation":{"angle":22.5,"axis":"x","origin":[8.0,9.558342,5.680976]},"faces":{"east":{"uv":[8.625,4.875,9.25,5.75],"rotation":0,"texture":"#0","tintindex":0},"south":{"uv":[7.0,0.625,7.875,1.5],"rotation":0,"texture":"#0","tintindex":0},"north":{"uv":[6.75,4.25,7.625,5.125],"rotation":0,"texture":"#0","tintindex":0},"west":{"uv":[8.75,2.125,9.375,3.0],"rotation":0,"texture":"#0","tintindex":0},"up":{"uv":[9.5,7.75,8.625,7.125],"rotation":0,"texture":"#0","tintindex":0},"down":{"uv":[3.75,8.75,2.875,9.375],"rotation":0,"texture":"#0","tintindex":0}}},{"from":[5.142857,6.366399,2.0292954],"to":[10.857143,8.652113,5.4578676],"rotation":{"angle":22.5,"axis":"x","origin":[8.0,3.509256,12.886438]},"faces":{"east":{"uv":[10.25,7.25,11.0,7.75],"rotation":0,"texture":"#0","tintindex":0},"south":{"uv":[8.125,7.75,9.375,8.25],"rotation":0,"texture":"#0","tintindex":0},"north":{"uv":[8.0,1.625,9.25,2.125],"rotation":0,"texture":"#0","tintindex":0},"west":{"uv":[0.5,10.625,1.25,11.125],"rotation":0,"texture":"#0","tintindex":0},"up":{"uv":[1.25,6.5,0.0,5.75],"rotation":0,"texture":"#0","tintindex":0},"down":{"uv":[2.5,5.75,1.25,6.5],"rotation":0,"texture":"#0","tintindex":0}}},{"from":[5.142857,5.7949705,5.4578676],"to":[10.857143,8.080685,8.31501],"rotation":{"angle":22.5,"axis":"x","origin":[8.0,3.509256,12.886438]},"faces":{"east":{"uv":[9.25,10.625,9.875,11.125],"rotation":0,"texture":"#0","tintindex":0},"south":{"uv":[8.125,8.25,9.375,8.75],"rotation":0,"texture":"#0","tintindex":0},"north":{"uv":[2.875,8.25,4.125,8.75],"rotation":0,"texture":"#0","tintindex":0},"west":{"uv":[1.75,10.875,2.375,11.375],"rotation":0,"texture":"#0","tintindex":0},"up":{"uv":[7.75,7.125,6.5,6.5],"rotation":0,"texture":"#0","tintindex":0},"down":{"uv":[7.875,0.0,6.625,0.625],"rotation":0,"texture":"#0","tintindex":0}}}],"textures":{"0":"modelengine:entity/white_tiger"},"display":{"head":{"translation":[0.0,-6.4,0.0],"scale":[4.0,4.0,4.0]}}}