{"elements":[{"from":[6.3224487,4.5232053,6.1213546],"to":[9.179592,9.094634,10.121355],"rotation":{"angle":-22.5,"axis":"x","origin":[7.7510204,6.8089194,8.121355]},"faces":{"east":{"uv":[1.75,6.5,0.875,7.5],"rotation":0,"texture":"#0","tintindex":0},"south":{"uv":[8.5,0.0,7.875,1.0],"rotation":0,"texture":"#0","tintindex":0},"north":{"uv":[8.125,7.75,7.5,8.75],"rotation":0,"texture":"#0","tintindex":0},"west":{"uv":[0.875,6.5,0.0,7.5],"rotation":0,"texture":"#0","tintindex":0},"up":{"uv":[4.75,9.25,5.375,8.375],"rotation":0,"texture":"#0","tintindex":0},"down":{"uv":[6.75,8.5,7.375,9.375],"rotation":0,"texture":"#0","tintindex":0}}},{"from":[9.122449,6.4089193,7.2642117],"to":[9.693877,9.266063,10.121355],"rotation":{"angle":22.5,"axis":"x","origin":[9.75102,10.237492,8.121355]},"faces":{"east":{"uv":[5.0,10.0,4.375,10.625],"rotation":0,"texture":"#0","tintindex":0},"south":{"uv":[10.75,12.25,10.625,12.875],"rotation":0,"texture":"#0","tintindex":0},"north":{"uv":[12.375,10.25,12.25,10.875],"rotation":0,"texture":"#0","tintindex":0},"west":{"uv":[3.625,10.0,3.0,10.625],"rotation":0,"texture":"#0","tintindex":0},"up":{"uv":[10.75,12.875,10.875,12.25],"rotation":0,"texture":"#0","tintindex":0},"down":{"uv":[12.25,10.875,12.375,11.5],"rotation":0,"texture":"#0","tintindex":0}}},{"from":[9.579592,9.038761,6.8284054],"to":[9.579592,13.038761,10.828405],"rotation":{"angle":-22.5,"axis":"x","origin":[4.5510206,5.6101894,11.399834]},"faces":{"east":{"uv":[7.625,3.375,6.75,4.25],"rotation":0,"texture":"#0","tintindex":0},"south":{"uv":[0.0,0.0,0.0,0.875],"rotation":0,"texture":"#0","tintindex":0},"north":{"uv":[0.0,0.0,0.0,0.875],"rotation":0,"texture":"#0","tintindex":0},"west":{"uv":[7.625,2.5,6.75,3.375],"rotation":0,"texture":"#0","tintindex":0},"up":{"uv":[0.0,0.875,0.0,0.0],"rotation":0,"texture":"#0","tintindex":0},"down":{"uv":[0.0,0.0,0.0,0.875],"rotation":0,"texture":"#0","tintindex":0}}}],"textures":{"0":"modelengine:entity/white_tiger"},"display":{"head":{"translation":[0.0,-6.4,0.0],"scale":[4.0,4.0,4.0]}}}