{"elements":[{"from":[6.1723213,5.465061,6.008895],"to":[9.600893,8.322204,11.151752],"rotation":{"angle":0.0,"axis":"y","origin":[7.7151785,6.0364895,9.723181]},"faces":{"east":{"uv":[8.625,7.125,7.5,7.75],"rotation":0,"texture":"#0","tintindex":0},"south":{"uv":[8.125,9.25,7.375,9.875],"rotation":0,"texture":"#0","tintindex":0},"north":{"uv":[6.125,9.25,5.375,9.875],"rotation":0,"texture":"#0","tintindex":0},"west":{"uv":[3.375,7.5,2.25,8.125],"rotation":0,"texture":"#0","tintindex":0},"up":{"uv":[3.5,7.625,4.25,6.5],"rotation":0,"texture":"#0","tintindex":0},"down":{"uv":[4.25,6.5,5.0,7.625],"rotation":0,"texture":"#0","tintindex":0}}},{"from":[9.486608,10.607919,6.866038],"to":[10.058036,13.465061,9.723181],"rotation":{"angle":22.5,"axis":"x","origin":[9.7151785,9.465061,-0.8482475]},"faces":{"east":{"uv":[10.625,2.25,10.0,2.875],"rotation":0,"texture":"#0","tintindex":0},"south":{"uv":[10.5,9.125,10.375,9.75],"rotation":0,"texture":"#0","tintindex":0},"north":{"uv":[7.5,7.875,7.375,8.5],"rotation":0,"texture":"#0","tintindex":0},"west":{"uv":[10.625,1.625,10.0,2.25],"rotation":0,"texture":"#0","tintindex":0},"up":{"uv":[3.75,12.875,3.875,12.25],"rotation":0,"texture":"#0","tintindex":0},"down":{"uv":[12.25,9.625,12.375,10.25],"rotation":0,"texture":"#0","tintindex":0}}},{"from":[9.886607,9.579188,7.6802535],"to":[9.886607,13.579189,11.680254],"rotation":{"angle":-22.5,"axis":"x","origin":[5.029464,6.150617,12.251682]},"faces":{"east":{"uv":[7.625,3.375,6.75,4.25],"rotation":0,"texture":"#0","tintindex":0},"south":{"uv":[0.0,0.0,0.0,0.875],"rotation":0,"texture":"#0","tintindex":0},"north":{"uv":[0.0,0.0,0.0,0.875],"rotation":0,"texture":"#0","tintindex":0},"west":{"uv":[7.625,2.5,6.75,3.375],"rotation":0,"texture":"#0","tintindex":0},"up":{"uv":[0.0,0.875,0.0,0.0],"rotation":0,"texture":"#0","tintindex":0},"down":{"uv":[0.0,0.0,0.0,0.875],"rotation":0,"texture":"#0","tintindex":0}}},{"from":[6.1580358,6.857311,6.1162667],"to":[9.586607,9.714454,10.6876955],"rotation":{"angle":22.5,"axis":"x","origin":[7.7151785,7.4287395,9.659124]},"faces":{"east":{"uv":[9.0,1.0,8.0,1.625],"rotation":0,"texture":"#0","tintindex":0},"south":{"uv":[9.625,9.25,8.875,9.875],"rotation":0,"texture":"#0","tintindex":0},"north":{"uv":[8.875,9.25,8.125,9.875],"rotation":0,"texture":"#0","tintindex":0},"west":{"uv":[7.375,7.875,6.375,8.5],"rotation":0,"texture":"#0","tintindex":0},"up":{"uv":[7.25,6.125,8.0,5.125],"rotation":0,"texture":"#0","tintindex":0},"down":{"uv":[0.0,7.5,0.75,8.5],"rotation":0,"texture":"#0","tintindex":0}}}],"textures":{"0":"modelengine:entity/white_tiger"},"display":{"head":{"translation":[0.0,-6.4,0.0],"scale":[4.0,4.0,4.0]}}}