{"elements":[{"from":[7.520377,7.157215,7.428571],"to":[8.663235,10.0143585,8.571428],"rotation":{"angle":45.0,"axis":"z","origin":[7.520377,7.157215,8.0]},"faces":{"east":{"uv":[5.9375,7.9375,6.0625,8.25],"rotation":0,"texture":"#0","tintindex":0},"south":{"uv":[6.0625,7.9375,6.1875,8.25],"rotation":0,"texture":"#0","tintindex":0},"north":{"uv":[7.9375,3.3125,8.0625,3.625],"rotation":0,"texture":"#0","tintindex":0},"west":{"uv":[6.1875,7.9375,6.3125,8.25],"rotation":0,"texture":"#0","tintindex":0},"up":{"uv":[8.3125,2.875,8.1875,2.75],"rotation":0,"texture":"#0","tintindex":0},"down":{"uv":[8.3125,2.875,8.1875,3.0],"rotation":0,"texture":"#0","tintindex":0}}}],"textures":{"0":"modelengine:entity/mount_1"},"display":{"head":{"translation":[0.0,-6.4,0.0],"scale":[4.0,4.0,4.0]}}}