{"elements":[{"from":[8.342857,5.8285713,7.428571],"to":[9.485714,8.685715,8.571428],"rotation":{"angle":45.0,"axis":"z","origin":[8.914286,7.257143,8.0]},"faces":{"east":{"uv":[7.875,7.875,8.0,8.1875],"rotation":0,"texture":"#0","tintindex":0},"south":{"uv":[7.9375,0.0,8.0625,0.3125],"rotation":0,"texture":"#0","tintindex":0},"north":{"uv":[7.75,7.875,7.875,8.1875],"rotation":0,"texture":"#0","tintindex":0},"west":{"uv":[7.9375,3.0,8.0625,3.3125],"rotation":0,"texture":"#0","tintindex":0},"up":{"uv":[8.3125,2.1875,8.1875,2.0625],"rotation":0,"texture":"#0","tintindex":0},"down":{"uv":[2.3125,8.1875,2.1875,8.3125],"rotation":0,"texture":"#0","tintindex":0}}}],"textures":{"0":"modelengine:entity/mount_1"},"display":{"head":{"translation":[0.0,-6.4,0.0],"scale":[4.0,4.0,4.0]}}}