{"elements":[{"from":[7.3939085,7.157215,7.428571],"to":[8.536766,10.0143585,8.571428],"rotation":{"angle":-45.0,"axis":"z","origin":[8.536766,7.157215,8.0]},"faces":{"east":{"uv":[3.8125,7.375,3.9375,7.6875],"rotation":0,"texture":"#0","tintindex":0},"south":{"uv":[2.1875,7.875,2.3125,8.1875],"rotation":0,"texture":"#0","tintindex":0},"north":{"uv":[5.6875,7.0,5.8125,7.3125],"rotation":0,"texture":"#0","tintindex":0},"west":{"uv":[2.3125,7.875,2.4375,8.1875],"rotation":0,"texture":"#0","tintindex":0},"up":{"uv":[8.3125,0.125,8.1875,0.0],"rotation":0,"texture":"#0","tintindex":0},"down":{"uv":[8.3125,0.125,8.1875,0.25],"rotation":0,"texture":"#0","tintindex":0}}}],"textures":{"0":"modelengine:entity/mount_1"},"display":{"head":{"translation":[0.0,-6.4,0.0],"scale":[4.0,4.0,4.0]}}}