{"elements":[{"from":[7.428571,6.4,7.428571],"to":[8.571428,8.114285,8.571428],"rotation":{"angle":0.0,"axis":"y","origin":[2.2857141,5.8285713,25.714287]},"faces":{"east":{"uv":[8.0625,7.125,8.1875,7.3125],"rotation":0,"texture":"#0","tintindex":0},"south":{"uv":[8.0625,7.3125,8.1875,7.5],"rotation":0,"texture":"#0","tintindex":0},"north":{"uv":[8.0625,6.9375,8.1875,7.125],"rotation":0,"texture":"#0","tintindex":0},"west":{"uv":[8.0625,7.5,8.1875,7.6875],"rotation":0,"texture":"#0","tintindex":0},"up":{"uv":[2.4375,8.3125,2.3125,8.1875],"rotation":0,"texture":"#0","tintindex":0},"down":{"uv":[8.3125,2.375,8.1875,2.5],"rotation":0,"texture":"#0","tintindex":0}}}],"textures":{"0":"modelengine:entity/mount_1"},"display":{"head":{"translation":[0.0,-6.4,0.0],"scale":[4.0,4.0,4.0]}}}