{"elements":[{"from":[7.428571,6.342857,7.428571],"to":[8.571428,8.057143,8.571428],"rotation":{"angle":0.0,"axis":"y","origin":[13.714286,5.771428,25.714287]},"faces":{"east":{"uv":[8.0625,2.75,8.1875,2.9375],"rotation":0,"texture":"#0","tintindex":0},"south":{"uv":[8.0625,2.9375,8.1875,3.125],"rotation":0,"texture":"#0","tintindex":0},"north":{"uv":[8.0625,2.5625,8.1875,2.75],"rotation":0,"texture":"#0","tintindex":0},"west":{"uv":[8.0625,3.125,8.1875,3.3125],"rotation":0,"texture":"#0","tintindex":0},"up":{"uv":[8.25,6.0,8.125,5.875],"rotation":0,"texture":"#0","tintindex":0},"down":{"uv":[8.25,7.6875,8.125,7.8125],"rotation":0,"texture":"#0","tintindex":0}}}],"textures":{"0":"modelengine:entity/mount_1"},"display":{"head":{"translation":[0.0,-6.4,0.0],"scale":[4.0,4.0,4.0]}}}