{"elements":[{"from":[7.428571,6.342857,7.428571],"to":[8.571428,8.057143,8.571428],"rotation":{"angle":0.0,"axis":"y","origin":[4.5714283,5.771428,25.714287]},"faces":{"east":{"uv":[1.4375,8.125,1.5625,8.3125],"rotation":0,"texture":"#0","tintindex":0},"south":{"uv":[1.5625,8.125,1.6875,8.3125],"rotation":0,"texture":"#0","tintindex":0},"north":{"uv":[1.3125,8.125,1.4375,8.3125],"rotation":0,"texture":"#0","tintindex":0},"west":{"uv":[1.6875,8.125,1.8125,8.3125],"rotation":0,"texture":"#0","tintindex":0},"up":{"uv":[8.3125,2.625,8.1875,2.5],"rotation":0,"texture":"#0","tintindex":0},"down":{"uv":[8.3125,2.625,8.1875,2.75],"rotation":0,"texture":"#0","tintindex":0}}}],"textures":{"0":"modelengine:entity/mount_1"},"display":{"head":{"translation":[0.0,-6.4,0.0],"scale":[4.0,4.0,4.0]}}}