{"elements":[{"from":[6.4331837,4.7984962,5.9517617],"to":[9.861755,7.6556396,9.380333],"rotation":{"angle":0.0,"axis":"y","origin":[12.718898,2.512782,25.380333]},"faces":{"east":{"uv":[7.5625,0.0,7.9375,0.3125],"rotation":0,"texture":"#0","tintindex":0},"south":{"uv":[1.3125,7.5625,1.6875,7.875],"rotation":0,"texture":"#0","tintindex":0},"north":{"uv":[7.4375,7.375,7.8125,7.6875],"rotation":0,"texture":"#0","tintindex":0},"west":{"uv":[1.6875,7.5625,2.0625,7.875],"rotation":0,"texture":"#0","tintindex":0},"up":{"uv":[6.875,1.125,6.5,0.75],"rotation":0,"texture":"#0","tintindex":0},"down":{"uv":[7.75,0.9375,7.375,1.3125],"rotation":0,"texture":"#0","tintindex":0}}},{"from":[5.861755,7.6556396,5.380333],"to":[10.433184,11.65564,9.951762],"rotation":{"angle":0.0,"axis":"y","origin":[12.718898,2.512782,25.380333]},"faces":{"east":{"uv":[7.0625,3.0,7.5625,3.4375],"rotation":0,"texture":"#0","tintindex":0},"south":{"uv":[7.0625,3.4375,7.5625,3.875],"rotation":0,"texture":"#0","tintindex":0},"north":{"uv":[7.0625,0.0,7.5625,0.4375],"rotation":0,"texture":"#0","tintindex":0},"west":{"uv":[1.3125,7.125,1.8125,7.5625],"rotation":0,"texture":"#0","tintindex":0},"up":{"uv":[7.375,1.25,6.875,0.75],"rotation":0,"texture":"#0","tintindex":0},"down":{"uv":[7.375,1.25,6.875,1.75],"rotation":0,"texture":"#0","tintindex":0}}},{"from":[8.1474695,11.65564,7.094619],"to":[8.1474695,16.798496,12.237476],"rotation":{"angle":0.0,"axis":"y","origin":[12.718898,6.512782,25.380333]},"faces":{"east":{"uv":[6.5,3.0,7.0625,3.5625],"rotation":0,"texture":"#0","tintindex":0},"south":{"uv":[0.0,0.0,0.0,0.5625],"rotation":0,"texture":"#0","tintindex":0},"north":{"uv":[0.0,0.0,0.0,0.5625],"rotation":0,"texture":"#0","tintindex":0},"west":{"uv":[6.5,3.5625,7.0625,4.125],"rotation":0,"texture":"#0","tintindex":0},"up":{"uv":[0.0,0.5625,0.0,0.0],"rotation":0,"texture":"#0","tintindex":0},"down":{"uv":[0.0,0.0,0.0,0.5625],"rotation":0,"texture":"#0","tintindex":0}}}],"textures":{"0":"modelengine:entity/mount_1"},"display":{"head":{"translation":[0.0,-6.4,0.0],"scale":[4.0,4.0,4.0]}}}