{"elements":[{"from":[8.036863,12.235447,7.1423264],"to":[8.036863,17.378304,12.285184],"rotation":{"angle":0.0,"axis":"y","origin":[3.465434,7.092589,25.428041]},"faces":{"east":{"uv":[1.3125,6.5625,1.875,7.125],"rotation":0,"texture":"#0","tintindex":0},"south":{"uv":[0.0,0.0,0.0,0.5625],"rotation":0,"texture":"#0","tintindex":0},"north":{"uv":[0.0,0.0,0.0,0.5625],"rotation":0,"texture":"#0","tintindex":0},"west":{"uv":[1.875,6.5625,2.4375,7.125],"rotation":0,"texture":"#0","tintindex":0},"up":{"uv":[0.0,0.5625,0.0,0.0],"rotation":0,"texture":"#0","tintindex":0},"down":{"uv":[0.0,0.0,0.0,0.5625],"rotation":0,"texture":"#0","tintindex":0}}},{"from":[5.7511487,8.235446,5.4280405],"to":[10.322577,12.235447,9.99947],"rotation":{"angle":0.0,"axis":"y","origin":[3.465434,3.0925884,25.428041]},"faces":{"east":{"uv":[0.0,7.25,0.5,7.6875],"rotation":0,"texture":"#0","tintindex":0},"south":{"uv":[3.9375,7.25,4.4375,7.6875],"rotation":0,"texture":"#0","tintindex":0},"north":{"uv":[1.8125,7.125,2.3125,7.5625],"rotation":0,"texture":"#0","tintindex":0},"west":{"uv":[4.4375,7.25,4.9375,7.6875],"rotation":0,"texture":"#0","tintindex":0},"up":{"uv":[7.375,2.25,6.875,1.75],"rotation":0,"texture":"#0","tintindex":0},"down":{"uv":[3.9375,6.875,3.4375,7.375],"rotation":0,"texture":"#0","tintindex":0}}},{"from":[6.3225775,5.378303,5.9994693],"to":[9.751149,8.235446,9.4280405],"rotation":{"angle":0.0,"axis":"y","origin":[3.465434,3.0925884,25.428041]},"faces":{"east":{"uv":[7.5625,3.0,7.9375,3.3125],"rotation":0,"texture":"#0","tintindex":0},"south":{"uv":[7.5625,3.3125,7.9375,3.625],"rotation":0,"texture":"#0","tintindex":0},"north":{"uv":[2.0625,7.5625,2.4375,7.875],"rotation":0,"texture":"#0","tintindex":0},"west":{"uv":[0.0,7.6875,0.375,8.0],"rotation":0,"texture":"#0","tintindex":0},"up":{"uv":[7.75,1.6875,7.375,1.3125],"rotation":0,"texture":"#0","tintindex":0},"down":{"uv":[7.75,1.6875,7.375,2.0625],"rotation":0,"texture":"#0","tintindex":0}}}],"textures":{"0":"modelengine:entity/mount_1"},"display":{"head":{"translation":[0.0,-6.4,0.0],"scale":[4.0,4.0,4.0]}}}