{"elements":[{"from":[5.428571,4.9558325,14.645706],"to":[12.285715,10.09869,19.217134],"rotation":{"angle":-22.5,"axis":"x","origin":[8.857143,7.812976,17.217134]},"faces":{"east":{"uv":[4.375,3.875,5.375,5.0],"rotation":0,"texture":"#0","tintindex":0},"south":{"uv":[0.0,3.0,1.5,4.125],"rotation":0,"texture":"#0","tintindex":0},"north":{"uv":[2.75,0.0,4.25,1.125],"rotation":0,"texture":"#0","tintindex":0},"west":{"uv":[4.875,1.125,5.875,2.25],"rotation":0,"texture":"#0","tintindex":0},"up":{"uv":[5.875,1.0,4.375,0.0],"rotation":0,"texture":"#0","tintindex":0},"down":{"uv":[2.875,4.375,1.375,5.375],"rotation":0,"texture":"#0","tintindex":0}}},{"from":[5.428571,2.6701183,13.502849],"to":[5.428571,4.9558325,19.217134],"rotation":{"angle":-22.5,"axis":"x","origin":[8.857143,7.812976,17.217134]},"faces":{"east":{"uv":[5.75,3.25,7.0,3.75],"rotation":0,"texture":"#0","tintindex":0},"south":{"uv":[9.375,1.5,9.375,2.0],"rotation":0,"texture":"#0","tintindex":0},"north":{"uv":[7.25,1.5,7.25,2.0],"rotation":0,"texture":"#0","tintindex":0},"west":{"uv":[7.375,2.625,8.625,3.125],"rotation":0,"texture":"#0","tintindex":0},"up":{"uv":[4.875,12.375,4.875,11.125],"rotation":0,"texture":"#0","tintindex":0},"down":{"uv":[5.0,11.125,5.0,12.375],"rotation":0,"texture":"#0","tintindex":0}}},{"from":[12.285715,2.6701183,13.502849],"to":[12.285715,4.9558325,19.217134],"rotation":{"angle":-22.5,"axis":"x","origin":[8.857143,7.812976,17.217134]},"faces":{"east":{"uv":[2.0,8.0,3.25,8.5],"rotation":0,"texture":"#0","tintindex":0},"south":{"uv":[5.875,10.375,5.875,10.875],"rotation":0,"texture":"#0","tintindex":0},"north":{"uv":[9.5,1.5,9.5,2.0],"rotation":0,"texture":"#0","tintindex":0},"west":{"uv":[7.5,8.0,8.75,8.5],"rotation":0,"texture":"#0","tintindex":0},"up":{"uv":[10.375,12.375,10.375,11.125],"rotation":0,"texture":"#0","tintindex":0},"down":{"uv":[10.5,11.125,10.5,12.375],"rotation":0,"texture":"#0","tintindex":0}}},{"from":[5.428571,7.087777,20.391815],"to":[12.285715,9.94492,20.391815],"rotation":{"angle":-45.0,"axis":"x","origin":[8.857143,7.6592054,18.391815]},"faces":{"east":{"uv":[0.375,11.25,0.375,11.875],"rotation":0,"texture":"#0","tintindex":0},"south":{"uv":[7.125,3.25,8.625,3.875],"rotation":0,"texture":"#0","tintindex":0},"north":{"uv":[7.125,0.0,8.625,0.625],"rotation":0,"texture":"#0","tintindex":0},"west":{"uv":[2.125,11.25,2.125,11.875],"rotation":0,"texture":"#0","tintindex":0},"up":{"uv":[12.25,9.375,10.75,9.375],"rotation":0,"texture":"#0","tintindex":0},"down":{"uv":[12.625,1.125,11.125,1.125],"rotation":0,"texture":"#0","tintindex":0}}},{"from":[5.428571,5.241191,20.209923],"to":[12.285715,8.669763,20.209923],"rotation":{"angle":0.0,"axis":"y","origin":[8.857143,6.9554763,20.209923]},"faces":{"east":{"uv":[3.75,11.25,3.75,12.0],"rotation":0,"texture":"#0","tintindex":0},"south":{"uv":[1.375,5.5,2.875,6.25],"rotation":0,"texture":"#0","tintindex":0},"north":{"uv":[4.375,5.125,5.875,5.875],"rotation":0,"texture":"#0","tintindex":0},"west":{"uv":[7.625,11.25,7.625,12.0],"rotation":0,"texture":"#0","tintindex":0},"up":{"uv":[12.625,3.625,11.125,3.625],"rotation":0,"texture":"#0","tintindex":0},"down":{"uv":[12.625,6.5,11.125,6.5],"rotation":0,"texture":"#0","tintindex":0}}},{"from":[5.428571,1.943111,19.553894],"to":[12.285715,5.371683,19.553894],"rotation":{"angle":22.5,"axis":"x","origin":[8.857143,3.6573973,19.553894]},"faces":{"east":{"uv":[7.75,11.25,7.75,12.0],"rotation":0,"texture":"#0","tintindex":0},"south":{"uv":[5.75,2.375,7.25,3.125],"rotation":0,"texture":"#0","tintindex":0},"north":{"uv":[5.5,3.875,7.0,4.625],"rotation":0,"texture":"#0","tintindex":0},"west":{"uv":[11.25,7.75,11.25,8.5],"rotation":0,"texture":"#0","tintindex":0},"up":{"uv":[12.75,5.25,11.25,5.25],"rotation":0,"texture":"#0","tintindex":0},"down":{"uv":[12.75,8.625,11.25,8.625],"rotation":0,"texture":"#0","tintindex":0}}},{"from":[6.0,3.584404,8.359991],"to":[11.714286,8.727262,15.788563],"rotation":{"angle":0.0,"axis":"y","origin":[10.571428,-0.415596,11.788563]},"faces":{"east":{"uv":[0.0,1.75,1.625,2.875],"rotation":0,"texture":"#0","tintindex":0},"south":{"uv":[3.0,4.375,4.25,5.5],"rotation":0,"texture":"#0","tintindex":0},"north":{"uv":[4.375,2.625,5.625,3.75],"rotation":0,"texture":"#0","tintindex":0},"west":{"uv":[1.75,1.75,3.375,2.875],"rotation":0,"texture":"#0","tintindex":0},"up":{"uv":[1.25,1.625,0.0,0.0],"rotation":0,"texture":"#0","tintindex":0},"down":{"uv":[2.625,0.0,1.375,1.625],"rotation":0,"texture":"#0","tintindex":0}}},{"from":[6.5714283,4.285714,6.742857],"to":[11.142858,9.428572,11.314286],"rotation":{"angle":-22.5,"axis":"x","origin":[8.571428,8.0,9.314285]},"faces":{"east":{"uv":[3.0,5.625,4.0,6.75],"rotation":0,"texture":"#0","tintindex":0},"south":{"uv":[6.0,0.0,7.0,1.125],"rotation":0,"texture":"#0","tintindex":0},"north":{"uv":[0.0,5.625,1.0,6.75],"rotation":0,"texture":"#0","tintindex":0},"west":{"uv":[4.125,6.0,5.125,7.125],"rotation":0,"texture":"#0","tintindex":0},"up":{"uv":[7.375,6.875,6.375,5.875],"rotation":0,"texture":"#0","tintindex":0},"down":{"uv":[1.0,6.875,0.0,7.875],"rotation":0,"texture":"#0","tintindex":0}}},{"from":[6.5714283,3.3886657,7.375948],"to":[11.142858,6.2458086,7.375948],"rotation":{"angle":0.0,"axis":"y","origin":[8.857143,5.9600945,7.375948]},"faces":{"east":{"uv":[7.875,11.25,7.875,11.875],"rotation":0,"texture":"#0","tintindex":0},"south":{"uv":[6.375,8.125,7.375,8.75],"rotation":0,"texture":"#0","tintindex":0},"north":{"uv":[0.0,8.0,1.0,8.625],"rotation":0,"texture":"#0","tintindex":0},"west":{"uv":[8.0,11.25,8.0,11.875],"rotation":0,"texture":"#0","tintindex":0},"up":{"uv":[12.25,8.75,11.25,8.75],"rotation":0,"texture":"#0","tintindex":0},"down":{"uv":[12.25,8.875,11.25,8.875],"rotation":0,"texture":"#0","tintindex":0}}},{"from":[6.0,3.0377135,8.251247],"to":[11.714286,3.0377135,11.108391],"rotation":{"angle":22.5,"axis":"x","origin":[8.285714,3.0377135,9.679819]},"faces":{"east":{"uv":[11.25,9.125,11.875,9.125],"rotation":0,"texture":"#0","tintindex":0},"south":{"uv":[11.25,9.25,12.5,9.25],"rotation":0,"texture":"#0","tintindex":0},"north":{"uv":[11.25,9.0,12.5,9.0],"rotation":0,"texture":"#0","tintindex":0},"west":{"uv":[11.25,9.5,11.875,9.5],"rotation":0,"texture":"#0","tintindex":0},"up":{"uv":[8.375,4.625,7.125,4.0],"rotation":0,"texture":"#0","tintindex":0},"down":{"uv":[8.5,0.75,7.25,1.375],"rotation":0,"texture":"#0","tintindex":0}}},{"from":[7.142857,8.285714,7.142857],"to":[10.571428,10.0,10.0],"rotation":{"angle":0.0,"axis":"y","origin":[8.0,8.0,8.0]},"faces":{"east":{"uv":[2.75,1.25,3.375,1.625],"rotation":0,"texture":"#0","tintindex":0},"south":{"uv":[9.625,7.5,10.375,7.875],"rotation":0,"texture":"#0","tintindex":0},"north":{"uv":[9.375,4.875,10.125,5.25],"rotation":0,"texture":"#0","tintindex":0},"west":{"uv":[2.25,6.375,2.875,6.75],"rotation":0,"texture":"#0","tintindex":0},"up":{"uv":[9.25,4.625,8.5,4.0],"rotation":0,"texture":"#0","tintindex":0},"down":{"uv":[1.5,8.75,0.75,9.375],"rotation":0,"texture":"#0","tintindex":0}}}],"textures":{"0":"modelengine:entity/nocsy_mount_dodo"},"display":{"head":{"translation":[0.0,-6.4,0.0],"scale":[4.0,4.0,4.0]}}}