{"elements":[{"from":[5.714286,7.6190476,4.1904764],"to":[10.285714,12.190476,9.333333],"rotation":{"angle":0.0,"axis":"y","origin":[7.714286,6.190476,9.047619]},"faces":{"east":{"uv":[6.0,1.25,7.125,2.25],"rotation":0,"texture":"#0","tintindex":0},"south":{"uv":[6.375,7.0,7.375,8.0],"rotation":0,"texture":"#0","tintindex":0},"north":{"uv":[2.25,6.875,3.25,7.875],"rotation":0,"texture":"#0","tintindex":0},"west":{"uv":[6.0,4.75,7.125,5.75],"rotation":0,"texture":"#0","tintindex":0},"up":{"uv":[6.25,7.125,5.25,6.0],"rotation":0,"texture":"#0","tintindex":0},"down":{"uv":[2.125,6.375,1.125,7.5],"rotation":0,"texture":"#0","tintindex":0}}},{"from":[5.714286,7.6190476,9.333333],"to":[5.714286,12.190476,11.047619],"rotation":{"angle":0.0,"axis":"y","origin":[8.285714,6.190476,9.047619]},"faces":{"east":{"uv":[5.0,9.0,5.375,10.0],"rotation":0,"texture":"#0","tintindex":0},"south":{"uv":[0.75,11.375,0.75,12.375],"rotation":0,"texture":"#0","tintindex":0},"north":{"uv":[0.625,11.375,0.625,12.375],"rotation":0,"texture":"#0","tintindex":0},"west":{"uv":[9.0,9.125,9.375,10.125],"rotation":0,"texture":"#0","tintindex":0},"up":{"uv":[7.125,1.125,7.125,0.75],"rotation":0,"texture":"#0","tintindex":0},"down":{"uv":[11.25,9.625,11.25,10.0],"rotation":0,"texture":"#0","tintindex":0}}},{"from":[5.714286,12.190476,9.333333],"to":[10.285714,12.190476,11.047619],"rotation":{"angle":0.0,"axis":"y","origin":[7.714286,6.190476,9.047619]},"faces":{"east":{"uv":[4.375,1.125,4.75,1.125],"rotation":0,"texture":"#0","tintindex":0},"south":{"uv":[11.375,0.0,12.375,0.0],"rotation":0,"texture":"#0","tintindex":0},"north":{"uv":[11.25,10.125,12.25,10.125],"rotation":0,"texture":"#0","tintindex":0},"west":{"uv":[9.375,5.375,9.75,5.375],"rotation":0,"texture":"#0","tintindex":0},"up":{"uv":[9.625,1.375,8.625,1.0],"rotation":0,"texture":"#0","tintindex":0},"down":{"uv":[10.125,7.0,9.125,7.375],"rotation":0,"texture":"#0","tintindex":0}}},{"from":[5.714286,13.347981,4.8696613],"to":[10.285714,13.347981,7.7268043],"rotation":{"angle":-22.5,"axis":"x","origin":[8.0,11.062267,7.44109]},"faces":{"east":{"uv":[11.375,0.25,12.0,0.25],"rotation":0,"texture":"#0","tintindex":0},"south":{"uv":[11.375,0.375,12.375,0.375],"rotation":0,"texture":"#0","tintindex":0},"north":{"uv":[11.375,0.125,12.375,0.125],"rotation":0,"texture":"#0","tintindex":0},"west":{"uv":[11.375,0.5,12.0,0.5],"rotation":0,"texture":"#0","tintindex":0},"up":{"uv":[9.25,2.125,8.25,1.5],"rotation":0,"texture":"#0","tintindex":0},"down":{"uv":[4.375,8.25,3.375,8.875],"rotation":0,"texture":"#0","tintindex":0}}},{"from":[5.714286,13.347981,7.1553755],"to":[10.285714,13.347981,10.012519],"rotation":{"angle":-22.5,"axis":"x","origin":[8.0,11.062267,9.726805]},"faces":{"east":{"uv":[11.375,1.25,12.0,1.25],"rotation":0,"texture":"#0","tintindex":0},"south":{"uv":[11.375,1.375,12.375,1.375],"rotation":0,"texture":"#0","tintindex":0},"north":{"uv":[11.375,0.625,12.375,0.625],"rotation":0,"texture":"#0","tintindex":0},"west":{"uv":[11.375,1.5,12.0,1.5],"rotation":0,"texture":"#0","tintindex":0},"up":{"uv":[5.5,8.875,4.5,8.25],"rotation":0,"texture":"#0","tintindex":0},"down":{"uv":[9.25,4.75,8.25,5.375],"rotation":0,"texture":"#0","tintindex":0}}},{"from":[5.212281,7.6190476,6.142792],"to":[5.212281,12.190476,9.571363],"rotation":{"angle":-22.5,"axis":"y","origin":[7.497996,9.904762,6.999935]},"faces":{"east":{"uv":[7.375,1.5,8.125,2.5],"rotation":0,"texture":"#0","tintindex":0},"south":{"uv":[1.375,11.375,1.375,12.375],"rotation":0,"texture":"#0","tintindex":0},"north":{"uv":[0.875,11.375,0.875,12.375],"rotation":0,"texture":"#0","tintindex":0},"west":{"uv":[7.5,5.75,8.25,6.75],"rotation":0,"texture":"#0","tintindex":0},"up":{"uv":[1.5,12.125,1.5,11.375],"rotation":0,"texture":"#0","tintindex":0},"down":{"uv":[1.625,11.375,1.625,12.125],"rotation":0,"texture":"#0","tintindex":0}}},{"from":[10.285714,7.6190476,9.333333],"to":[10.285714,12.190476,11.047619],"rotation":{"angle":0.0,"axis":"y","origin":[7.714286,6.190476,9.047619]},"faces":{"east":{"uv":[5.5,9.25,5.875,10.25],"rotation":0,"texture":"#0","tintindex":0},"south":{"uv":[2.75,11.375,2.75,12.375],"rotation":0,"texture":"#0","tintindex":0},"north":{"uv":[11.375,1.625,11.375,2.625],"rotation":0,"texture":"#0","tintindex":0},"west":{"uv":[9.375,3.75,9.75,4.75],"rotation":0,"texture":"#0","tintindex":0},"up":{"uv":[11.375,3.125,11.375,2.75],"rotation":0,"texture":"#0","tintindex":0},"down":{"uv":[2.875,11.375,2.875,11.75],"rotation":0,"texture":"#0","tintindex":0}}},{"from":[10.787719,7.6190476,6.142792],"to":[10.787719,12.190476,9.571363],"rotation":{"angle":22.5,"axis":"y","origin":[8.502004,9.904762,6.999935]},"faces":{"east":{"uv":[7.5,6.875,8.25,7.875],"rotation":0,"texture":"#0","tintindex":0},"south":{"uv":[3.125,11.375,3.125,12.375],"rotation":0,"texture":"#0","tintindex":0},"north":{"uv":[3.0,11.375,3.0,12.375],"rotation":0,"texture":"#0","tintindex":0},"west":{"uv":[1.125,7.625,1.875,8.625],"rotation":0,"texture":"#0","tintindex":0},"up":{"uv":[3.25,12.125,3.25,11.375],"rotation":0,"texture":"#0","tintindex":0},"down":{"uv":[3.875,11.375,3.875,12.125],"rotation":0,"texture":"#0","tintindex":0}}},{"from":[5.542857,9.047619,3.9619045],"to":[7.257143,10.761905,5.6761904],"rotation":{"angle":0.0,"axis":"y","origin":[7.714286,6.190476,9.047619]},"faces":{"east":{"uv":[10.625,0.75,11.0,1.125],"rotation":0,"texture":"#0","tintindex":0},"south":{"uv":[4.625,10.625,5.0,11.0],"rotation":0,"texture":"#0","tintindex":0},"north":{"uv":[8.375,7.5,8.75,7.875],"rotation":0,"texture":"#0","tintindex":0},"west":{"uv":[10.625,6.125,11.0,6.5],"rotation":0,"texture":"#0","tintindex":0},"up":{"uv":[9.0,11.0,8.625,10.625],"rotation":0,"texture":"#0","tintindex":0},"down":{"uv":[9.5,10.625,9.125,11.0],"rotation":0,"texture":"#0","tintindex":0}}},{"from":[5.942857,9.743076,3.9101772],"to":[6.342857,10.143077,3.9101772],"rotation":{"angle":0.0,"axis":"y","origin":[7.714286,6.190476,9.047619]},"faces":{"east":{"uv":[4.25,2.625,4.25,2.75],"rotation":0,"texture":"#0","tintindex":0},"south":{"uv":[1.125,5.625,1.25,5.75],"rotation":0,"texture":"#0","tintindex":0},"north":{"uv":[5.5,2.375,5.625,2.5],"rotation":0,"texture":"#0","tintindex":0},"west":{"uv":[5.875,4.75,5.875,4.875],"rotation":0,"texture":"#0","tintindex":0},"up":{"uv":[1.5,4.25,1.375,4.25],"rotation":0,"texture":"#0","tintindex":0},"down":{"uv":[4.25,5.875,4.125,5.875],"rotation":0,"texture":"#0","tintindex":0}}},{"from":[9.657143,9.743076,3.9101772],"to":[10.057143,10.143077,3.9101772],"rotation":{"angle":0.0,"axis":"y","origin":[8.285714,6.190476,9.047619]},"faces":{"east":{"uv":[1.125,6.125,1.125,6.25],"rotation":0,"texture":"#0","tintindex":0},"south":{"uv":[1.125,5.875,1.25,6.0],"rotation":0,"texture":"#0","tintindex":0},"north":{"uv":[4.125,5.625,4.25,5.75],"rotation":0,"texture":"#0","tintindex":0},"west":{"uv":[1.25,6.125,1.25,6.25],"rotation":0,"texture":"#0","tintindex":0},"up":{"uv":[6.125,5.875,6.0,5.875],"rotation":0,"texture":"#0","tintindex":0},"down":{"uv":[7.375,5.75,7.25,5.75],"rotation":0,"texture":"#0","tintindex":0}}},{"from":[8.742857,9.047619,3.9619045],"to":[10.457143,10.761905,5.6761904],"rotation":{"angle":0.0,"axis":"y","origin":[8.285714,6.190476,9.047619]},"faces":{"east":{"uv":[10.125,10.625,10.5,11.0],"rotation":0,"texture":"#0","tintindex":0},"south":{"uv":[10.625,10.25,11.0,10.625],"rotation":0,"texture":"#0","tintindex":0},"north":{"uv":[9.625,10.625,10.0,11.0],"rotation":0,"texture":"#0","tintindex":0},"west":{"uv":[0.0,10.75,0.375,11.125],"rotation":0,"texture":"#0","tintindex":0},"up":{"uv":[2.125,11.125,1.75,10.75],"rotation":0,"texture":"#0","tintindex":0},"down":{"uv":[3.75,10.75,3.375,11.125],"rotation":0,"texture":"#0","tintindex":0}}},{"from":[6.5714283,8.190476,0.76190424],"to":[9.428572,11.047619,4.1904764],"rotation":{"angle":0.0,"axis":"y","origin":[7.428571,6.190476,9.047619]},"faces":{"east":{"uv":[8.75,2.25,9.5,2.875],"rotation":0,"texture":"#0","tintindex":0},