{"elements":[{"from":[6.5297127,6.3462124,6.02151],"to":[9.375427,8.049069,8.867225],"rotation":{"angle":0.0,"axis":"y","origin":[6.8179874,9.197641,10.766737]},"faces":{"east":{"uv":[3.25,9.75,3.875,10.125],"rotation":0,"texture":"#0","tintindex":0},"south":{"uv":[4.0,9.75,4.625,10.125],"rotation":0,"texture":"#0","tintindex":0},"north":{"uv":[0.0,9.75,0.625,10.125],"rotation":0,"texture":"#0","tintindex":0},"west":{"uv":[6.0,9.75,6.625,10.125],"rotation":0,"texture":"#0","tintindex":0},"up":{"uv":[4.875,9.625,4.25,9.0],"rotation":0,"texture":"#0","tintindex":0},"down":{"uv":[9.625,8.375,9.0,9.0],"rotation":0,"texture":"#0","tintindex":0}}},{"from":[7.4382844,5.906435,7.15313],"to":[8.581141,7.049292,10.010273],"rotation":{"angle":22.5,"axis":"x","origin":[6.8751307,7.597641,10.595308]},"faces":{"east":{"uv":[10.5,7.375,11.125,7.625],"rotation":0,"texture":"#0","tintindex":0},"south":{"uv":[9.875,4.5,10.125,4.75],"rotation":0,"texture":"#0","tintindex":0},"north":{"uv":[6.75,9.75,7.0,10.0],"rotation":0,"texture":"#0","tintindex":0},"west":{"uv":[10.5,7.75,11.125,8.0],"rotation":0,"texture":"#0","tintindex":0},"up":{"uv":[1.875,9.375,1.625,8.75],"rotation":0,"texture":"#0","tintindex":0},"down":{"uv":[7.375,8.875,7.125,9.5],"rotation":0,"texture":"#0","tintindex":0}}},{"from":[7.1002684,6.340498,5.2444587],"to":[8.814554,8.054784,8.101602],"rotation":{"angle":22.5,"axis":"y","origin":[6.8179874,7.1976414,9.62388]},"faces":{"east":{"uv":[9.75,8.0,10.375,8.375],"rotation":0,"texture":"#0","tintindex":0},"south":{"uv":[8.0,10.75,8.375,11.125],"rotation":0,"texture":"#0","tintindex":0},"north":{"uv":[7.5,10.75,7.875,11.125],"rotation":0,"texture":"#0","tintindex":0},"west":{"uv":[9.75,8.5,10.375,8.875],"rotation":0,"texture":"#0","tintindex":0},"up":{"uv":[10.25,4.375,9.875,3.75],"rotation":0,"texture":"#0","tintindex":0},"down":{"uv":[10.25,5.375,9.875,6.0],"rotation":0,"texture":"#0","tintindex":0}}},{"from":[5.7811413,8.317419,4.810273],"to":[6.923999,9.460276,5.95313],"rotation":{"angle":-22.5,"axis":"x","origin":[6.8179874,7.1976414,9.62388]},"faces":{"east":{"uv":[1.0,10.875,1.25,11.125],"rotation":0,"texture":"#0","tintindex":0},"south":{"uv":[5.125,11.0,5.375,11.25],"rotation":0,"texture":"#0","tintindex":0},"north":{"uv":[5.125,10.625,5.375,10.875],"rotation":0,"texture":"#0","tintindex":0},"west":{"uv":[4.5,11.125,4.75,11.375],"rotation":0,"texture":"#0","tintindex":0},"up":{"uv":[11.375,5.625,11.125,5.375],"rotation":0,"texture":"#0","tintindex":0},"down":{"uv":[5.75,11.125,5.5,11.375],"rotation":0,"texture":"#0","tintindex":0}}},{"from":[8.809713,8.317419,4.810273],"to":[9.95257,9.460276,5.95313],"rotation":{"angle":-22.5,"axis":"x","origin":[9.84656,7.1976414,9.62388]},"faces":{"east":{"uv":[11.125,6.125,11.375,6.375],"rotation":0,"texture":"#0","tintindex":0},"south":{"uv":[8.5,11.125,8.75,11.375],"rotation":0,"texture":"#0","tintindex":0},"north":{"uv":[11.125,5.75,11.375,6.0],"rotation":0,"texture":"#0","tintindex":0},"west":{"uv":[8.875,11.125,9.125,11.375],"rotation":0,"texture":"#0","tintindex":0},"up":{"uv":[9.5,11.375,9.25,11.125],"rotation":0,"texture":"#0","tintindex":0},"down":{"uv":[9.875,11.125,9.625,11.375],"rotation":0,"texture":"#0","tintindex":0}}},{"from":[6.8839273,6.340498,4.36715],"to":[8.598213,8.054784,7.2242928],"rotation":{"angle":-22.5,"axis":"y","origin":[6.6697736,7.1976414,9.1578]},"faces":{"east":{"uv":[9.875,6.125,10.5,6.5],"rotation":0,"texture":"#0","tintindex":0},"south":{"uv":[10.625,10.75,11.0,11.125],"rotation":0,"texture":"#0","tintindex":0},"north":{"uv":[10.75,8.875,11.125,9.25],"rotation":0,"texture":"#0","tintindex":0},"west":{"uv":[10.0,9.0,10.625,9.375],"rotation":0,"texture":"#0","tintindex":0},"up":{"uv":[10.375,10.125,10.0,9.5],"rotation":0,"texture":"#0","tintindex":0},"down":{"uv":[10.5,0.0,10.125,0.625],"rotation":0,"texture":"#0","tintindex":0}}}],"textures":{"0":"modelengine:entity/nocsy_mount_dodo"},"display":{"head":{"translation":[0.0,-6.4,0.0],"scale":[4.0,4.0,4.0]}}}