{"elements":[{"from":[6.7234874,5.3225975,5.908148],"to":[9.58063,9.3225975,9.908148],"rotation":{"angle":0.0,"axis":"y","origin":[9.286641,7.608312,10.087661]},"faces":{"east":{"uv":[5.25,7.25,4.375,8.125],"rotation":0,"texture":"#0","tintindex":0},"south":{"uv":[9.0,5.5,8.375,6.375],"rotation":0,"texture":"#0","tintindex":0},"north":{"uv":[6.25,8.25,5.625,9.125],"rotation":0,"texture":"#0","tintindex":0},"west":{"uv":[4.25,7.25,3.375,8.125],"rotation":0,"texture":"#0","tintindex":0},"up":{"uv":[8.375,7.375,9.0,6.5],"rotation":0,"texture":"#0","tintindex":0},"down":{"uv":[2.0,8.625,2.625,9.5],"rotation":0,"texture":"#0","tintindex":0}}},{"from":[6.7234874,4.1797404,5.908148],"to":[6.7234874,5.3225975,9.908148],"rotation":{"angle":0.0,"axis":"y","origin":[9.286641,7.608312,10.087661]},"faces":{"east":{"uv":[11.0,3.375,10.125,3.625],"rotation":0,"texture":"#0","tintindex":0},"south":{"uv":[8.625,2.25,8.625,2.5],"rotation":0,"texture":"#0","tintindex":0},"north":{"uv":[2.125,7.625,2.125,7.875],"rotation":0,"texture":"#0","tintindex":0},"west":{"uv":[10.75,6.625,9.875,6.875],"rotation":0,"texture":"#0","tintindex":0},"up":{"uv":[4.0,12.25,4.0,11.375],"rotation":0,"texture":"#0","tintindex":0},"down":{"uv":[4.125,11.375,4.125,12.25],"rotation":0,"texture":"#0","tintindex":0}}},{"from":[6.7234874,4.1797404,9.908148],"to":[9.58063,5.3225975,9.908148],"rotation":{"angle":0.0,"axis":"y","origin":[9.286641,7.608312,10.087661]},"faces":{"east":{"uv":[4.75,9.75,4.75,10.0],"rotation":0,"texture":"#0","tintindex":0},"south":{"uv":[4.0,6.875,3.375,7.125],"rotation":0,"texture":"#0","tintindex":0},"north":{"uv":[4.125,2.625,3.5,2.875],"rotation":0,"texture":"#0","tintindex":0},"west":{"uv":[9.625,8.0,9.625,8.25],"rotation":0,"texture":"#0","tintindex":0},"up":{"uv":[11.375,4.0,12.0,4.0],"rotation":0,"texture":"#0","tintindex":0},"down":{"uv":[11.375,4.125,12.0,4.125],"rotation":0,"texture":"#0","tintindex":0}}},{"from":[6.7234874,4.1797404,5.908148],"to":[9.58063,5.3225975,5.908148],"rotation":{"angle":0.0,"axis":"y","origin":[9.286641,7.608312,10.087661]},"faces":{"east":{"uv":[4.625,10.25,4.625,10.5],"rotation":0,"texture":"#0","tintindex":0},"south":{"uv":[11.0,5.75,10.375,6.0],"rotation":0,"texture":"#0","tintindex":0},"north":{"uv":[11.0,5.375,10.375,5.625],"rotation":0,"texture":"#0","tintindex":0},"west":{"uv":[4.875,9.75,4.875,10.0],"rotation":0,"texture":"#0","tintindex":0},"up":{"uv":[11.375,4.25,12.0,4.25],"rotation":0,"texture":"#0","tintindex":0},"down":{"uv":[11.375,4.375,12.0,4.375],"rotation":0,"texture":"#0","tintindex":0}}},{"from":[9.58063,4.1797404,5.908148],"to":[9.58063,5.3225975,9.908148],"rotation":{"angle":0.0,"axis":"y","origin":[9.286641,7.608312,10.087661]},"faces":{"east":{"uv":[11.125,7.0,10.25,7.25],"rotation":0,"texture":"#0","tintindex":0},"south":{"uv":[4.25,11.375,4.25,11.625],"rotation":0,"texture":"#0","tintindex":0},"north":{"uv":[8.5,10.75,8.5,11.0],"rotation":0,"texture":"#0","tintindex":0},"west":{"uv":[11.125,5.0,10.25,5.25],"rotation":0,"texture":"#0","tintindex":0},"up":{"uv":[4.375,12.25,4.375,11.375],"rotation":0,"texture":"#0","tintindex":0},"down":{"uv":[5.125,11.375,5.125,12.25],"rotation":0,"texture":"#0","tintindex":0}}},{"from":[7.294916,1.3456774,8.416911],"to":[9.009202,5.9171057,10.131197],"rotation":{"angle":22.5,"axis":"x","origin":[9.000927,7.3225975,10.887661]},"faces":{"east":{"uv":[2.25,9.625,1.875,10.625],"rotation":0,"texture":"#0","tintindex":0},"south":{"uv":[10.0,1.5,9.625,2.5],"rotation":0,"texture":"#0","tintindex":0},"north":{"uv":[1.75,9.5,1.375,10.5],"rotation":0,"texture":"#0","tintindex":0},"west":{"uv":[9.875,9.125,9.5,10.125],"rotation":0,"texture":"#0","tintindex":0},"up":{"uv":[6.5,11.125,6.875,10.75],"rotation":0,"texture":"#0","tintindex":0},"down":{"uv":[7.0,10.75,7.375,11.125],"rotation":0,"texture":"#0","tintindex":0}}}],"textures":{"0":"modelengine:entity/nocsy_mount_dodo"},"display":{"head":{"translation":[0.0,-6.4,0.0],"scale":[4.0,4.0,4.0]}}}