{"elements":[{"from":[6.6245728,6.3462124,6.02151],"to":[9.470287,8.049069,8.867225],"rotation":{"angle":0.0,"axis":"y","origin":[9.182013,9.197641,10.766737]},"faces":{"east":{"uv":[6.625,9.75,6.0,10.125],"rotation":0,"texture":"#0","tintindex":0},"south":{"uv":[4.625,9.75,4.0,10.125],"rotation":0,"texture":"#0","tintindex":0},"north":{"uv":[0.625,9.75,0.0,10.125],"rotation":0,"texture":"#0","tintindex":0},"west":{"uv":[3.875,9.75,3.25,10.125],"rotation":0,"texture":"#0","tintindex":0},"up":{"uv":[4.25,9.625,4.875,9.0],"rotation":0,"texture":"#0","tintindex":0},"down":{"uv":[9.0,8.375,9.625,9.0],"rotation":0,"texture":"#0","tintindex":0}}},{"from":[7.4188585,5.906435,7.15313],"to":[8.561716,7.049292,10.010273],"rotation":{"angle":22.5,"axis":"x","origin":[9.124869,7.597641,10.595308]},"faces":{"east":{"uv":[11.125,7.75,10.5,8.0],"rotation":0,"texture":"#0","tintindex":0},"south":{"uv":[10.125,4.5,9.875,4.75],"rotation":0,"texture":"#0","tintindex":0},"north":{"uv":[7.0,9.75,6.75,10.0],"rotation":0,"texture":"#0","tintindex":0},"west":{"uv":[11.125,7.375,10.5,7.625],"rotation":0,"texture":"#0","tintindex":0},"up":{"uv":[1.625,9.375,1.875,8.75],"rotation":0,"texture":"#0","tintindex":0},"down":{"uv":[7.125,8.875,7.375,9.5],"rotation":0,"texture":"#0","tintindex":0}}},{"from":[7.185446,6.340498,5.2444587],"to":[8.899732,8.054784,8.101602],"rotation":{"angle":-22.5,"axis":"y","origin":[9.182013,7.1976414,9.62388]},"faces":{"east":{"uv":[10.375,8.5,9.75,8.875],"rotation":0,"texture":"#0","tintindex":0},"south":{"uv":[8.375,10.75,8.0,11.125],"rotation":0,"texture":"#0","tintindex":0},"north":{"uv":[7.875,10.75,7.5,11.125],"rotation":0,"texture":"#0","tintindex":0},"west":{"uv":[10.375,8.0,9.75,8.375],"rotation":0,"texture":"#0","tintindex":0},"up":{"uv":[9.875,4.375,10.25,3.75],"rotation":0,"texture":"#0","tintindex":0},"down":{"uv":[9.875,5.375,10.25,6.0],"rotation":0,"texture":"#0","tintindex":0}}},{"from":[9.076001,8.317419,4.810273],"to":[10.218859,9.460276,5.95313],"rotation":{"angle":-22.5,"axis":"x","origin":[9.182013,7.1976414,9.62388]},"faces":{"east":{"uv":[4.75,11.125,4.5,11.375],"rotation":0,"texture":"#0","tintindex":0},"south":{"uv":[5.375,11.0,5.125,11.25],"rotation":0,"texture":"#0","tintindex":0},"north":{"uv":[5.375,10.625,5.125,10.875],"rotation":0,"texture":"#0","tintindex":0},"west":{"uv":[1.25,10.875,1.0,11.125],"rotation":0,"texture":"#0","tintindex":0},"up":{"uv":[11.125,5.625,11.375,5.375],"rotation":0,"texture":"#0","tintindex":0},"down":{"uv":[5.5,11.125,5.75,11.375],"rotation":0,"texture":"#0","tintindex":0}}},{"from":[6.04743,8.317419,4.810273],"to":[7.190287,9.460276,5.95313],"rotation":{"angle":-22.5,"axis":"x","origin":[6.1534405,7.1976414,9.62388]},"faces":{"east":{"uv":[9.125,11.125,8.875,11.375],"rotation":0,"texture":"#0","tintindex":0},"south":{"uv":[8.75,11.125,8.5,11.375],"rotation":0,"texture":"#0","tintindex":0},"north":{"uv":[11.375,5.75,11.125,6.0],"rotation":0,"texture":"#0","tintindex":0},"west":{"uv":[11.375,6.125,11.125,6.375],"rotation":0,"texture":"#0","tintindex":0},"up":{"uv":[9.25,11.375,9.5,11.125],"rotation":0,"texture":"#0","tintindex":0},"down":{"uv":[9.625,11.125,9.875,11.375],"rotation":0,"texture":"#0","tintindex":0}}},{"from":[7.401787,6.340498,4.36715],"to":[9.116073,8.054784,7.2242928],"rotation":{"angle":22.5,"axis":"y","origin":[9.330227,7.1976414,9.1578]},"faces":{"east":{"uv":[10.625,9.0,10.0,9.375],"rotation":0,"texture":"#0","tintindex":0},"south":{"uv":[11.0,10.75,10.625,11.125],"rotation":0,"texture":"#0","tintindex":0},"north":{"uv":[11.125,8.875,10.75,9.25],"rotation":0,"texture":"#0","tintindex":0},"west":{"uv":[10.5,6.125,9.875,6.5],"rotation":0,"texture":"#0","tintindex":0},"up":{"uv":[10.0,10.125,10.375,9.5],"rotation":0,"texture":"#0","tintindex":0},"down":{"uv":[10.125,0.0,10.5,0.625],"rotation":0,"texture":"#0","tintindex":0}}}],"textures":{"0":"modelengine:entity/nocsy_mount_dodo"},"display":{"head":{"translation":[0.0,-6.4,0.0],"scale":[4.0,4.0,4.0]}}}