{"elements":[{"from":[2.5714283,7.2584796,2.5714283],"to":[13.428572,7.2584796,13.428572],"rotation":{"angle":-45.0,"axis":"y","origin":[8.0,7.2584796,8.0]},"faces":{"east":{"uv":[9.25,4.5,11.625,4.5],"rotation":0,"texture":"#0","tintindex":0},"south":{"uv":[9.25,4.625,11.625,4.625],"rotation":0,"texture":"#0","tintindex":0},"north":{"uv":[9.25,4.375,11.625,4.375],"rotation":0,"texture":"#0","tintindex":0},"west":{"uv":[9.25,8.625,11.625,8.625],"rotation":0,"texture":"#0","tintindex":0},"up":{"uv":[2.375,2.375,0.0,0.0],"rotation":0,"texture":"#0","tintindex":0},"down":{"uv":[2.375,2.5,0.0,4.875],"rotation":0,"texture":"#0","tintindex":0}}},{"from":[3.142857,7.201337,10.571428],"to":[12.857143,7.201337,15.714286],"rotation":{"angle":-22.5,"axis":"x","origin":[5.428571,7.201337,10.571428]},"faces":{"east":{"uv":[0.0,7.25,1.125,7.25],"rotation":0,"texture":"#0","tintindex":0},"south":{"uv":[8.875,9.25,11.0,9.25],"rotation":0,"texture":"#0","tintindex":0},"north":{"uv":[9.25,8.75,11.375,8.75],"rotation":0,"texture":"#0","tintindex":0},"west":{"uv":[2.75,7.375,3.875,7.375],"rotation":0,"texture":"#0","tintindex":0},"up":{"uv":[4.625,1.125,2.5,0.0],"rotation":0,"texture":"#0","tintindex":0},"down":{"uv":[4.625,1.25,2.5,2.375],"rotation":0,"texture":"#0","tintindex":0}}},{"from":[3.142857,7.201337,0.28571415],"to":[12.857143,7.201337,5.428571],"rotation":{"angle":22.5,"axis":"x","origin":[5.428571,7.201337,5.428571]},"faces":{"east":{"uv":[2.75,7.5,3.875,7.5],"rotation":0,"texture":"#0","tintindex":0},"south":{"uv":[9.25,9.0,11.375,9.0],"rotation":0,"texture":"#0","tintindex":0},"north":{"uv":[9.25,8.875,11.375,8.875],"rotation":0,"texture":"#0","tintindex":0},"west":{"uv":[9.25,9.125,10.375,9.125],"rotation":0,"texture":"#0","tintindex":0},"up":{"uv":[4.625,3.625,2.5,2.5],"rotation":0,"texture":"#0","tintindex":0},"down":{"uv":[4.625,3.75,2.5,4.875],"rotation":0,"texture":"#0","tintindex":0}}},{"from":[0.28571415,7.201337,3.142857],"to":[5.428571,7.201337,12.857143],"rotation":{"angle":-22.5,"axis":"z","origin":[5.428571,7.201337,5.428571]},"faces":{"east":{"uv":[8.875,9.5,11.0,9.5],"rotation":0,"texture":"#0","tintindex":0},"south":{"uv":[9.625,3.75,10.75,3.75],"rotation":0,"texture":"#0","tintindex":0},"north":{"uv":[8.875,9.375,10.0,9.375],"rotation":0,"texture":"#0","tintindex":0},"west":{"uv":[9.625,3.875,11.75,3.875],"rotation":0,"texture":"#0","tintindex":0},"up":{"uv":[5.875,2.125,4.75,0.0],"rotation":0,"texture":"#0","tintindex":0},"down":{"uv":[5.875,2.25,4.75,4.375],"rotation":0,"texture":"#0","tintindex":0}}},{"from":[10.571428,7.201337,3.142857],"to":[15.714286,7.201337,12.857143],"rotation":{"angle":22.5,"axis":"z","origin":[10.571428,7.201337,5.428571]},"faces":{"east":{"uv":[9.625,4.125,11.75,4.125],"rotation":0,"texture":"#0","tintindex":0},"south":{"uv":[9.625,4.25,10.75,4.25],"rotation":0,"texture":"#0","tintindex":0},"north":{"uv":[9.625,4.0,10.75,4.0],"rotation":0,"texture":"#0","tintindex":0},"west":{"uv":[9.625,4.75,11.75,4.75],"rotation":0,"texture":"#0","tintindex":0},"up":{"uv":[5.875,6.625,4.75,4.5],"rotation":0,"texture":"#0","tintindex":0},"down":{"uv":[1.125,5.0,0.0,7.125],"rotation":0,"texture":"#0","tintindex":0}}}],"textures":{"0":"modelengine:entity/nocsy_mountpack_ram_egg"},"display":{"head":{"translation":[0.0,-6.4,0.0],"scale":[4.0,4.0,4.0]}}}