{"elements":[{"from":[6.5714283,8.7776985,4.484132],"to":[9.428572,11.063414,7.3412747],"rotation":{"angle":-22.5,"axis":"x","origin":[8.285714,7.7776985,6.1984177]},"faces":{"east":{"uv":[4.0,5.625,4.625,6.125],"rotation":0,"texture":"#0","tintindex":0},"south":{"uv":[0.0,5.75,0.625,6.25],"rotation":0,"texture":"#0","tintindex":0},"north":{"uv":[3.25,5.625,3.875,6.125],"rotation":0,"texture":"#0","tintindex":0},"west":{"uv":[1.25,5.875,1.875,6.375],"rotation":0,"texture":"#0","tintindex":0},"up":{"uv":[5.125,5.5,4.5,4.875],"rotation":0,"texture":"#0","tintindex":0},"down":{"uv":[0.625,5.0,0.0,5.625],"rotation":0,"texture":"#0","tintindex":0}}},{"from":[6.8,8.232811,4.534342],"to":[6.8,9.375669,5.6771994],"rotation":{"angle":22.5,"axis":"x","origin":[6.8,8.804239,5.3914847]},"faces":{"east":{"uv":[1.875,9.75,1.625,10.0],"rotation":270,"texture":"#0","tintindex":0},"south":{"uv":[0.625,5.0,0.0,5.625],"rotation":0,"texture":"#0","tintindex":0},"north":{"uv":[5.125,5.5,4.5,4.875],"rotation":180,"texture":"#0","tintindex":0},"west":{"uv":[1.625,9.75,1.875,10.0],"rotation":270,"texture":"#0","tintindex":0},"up":{"uv":[0.0,5.75,0.625,6.25],"rotation":0,"texture":"#0","tintindex":0},"down":{"uv":[3.25,5.625,3.875,6.125],"rotation":180,"texture":"#0","tintindex":0}}},{"from":[9.2,8.232811,4.534342],"to":[9.2,9.375669,5.6771994],"rotation":{"angle":22.5,"axis":"x","origin":[9.2,8.804239,5.3914847]},"faces":{"east":{"uv":[1.625,10.0,1.875,9.75],"rotation":270,"texture":"#0","tintindex":0},"south":{"uv":[0.0,5.0,0.625,5.625],"rotation":0,"texture":"#0","tintindex":0},"north":{"uv":[4.5,5.5,5.125,4.875],"rotation":180,"texture":"#0","tintindex":0},"west":{"uv":[1.875,10.0,1.625,9.75],"rotation":270,"texture":"#0","tintindex":0},"up":{"uv":[0.625,5.75,0.0,6.25],"rotation":0,"texture":"#0","tintindex":0},"down":{"uv":[3.875,5.625,3.25,6.125],"rotation":180,"texture":"#0","tintindex":0}}},{"from":[5.714286,7.744473,5.8525743],"to":[10.285714,11.744473,10.424004],"rotation":{"angle":0.0,"axis":"y","origin":[8.142858,9.315902,9.56686]},"faces":{"east":{"uv":[1.125,1.0,2.125,1.875],"rotation":0,"texture":"#0","tintindex":0},"south":{"uv":[1.125,2.0,2.125,2.875],"rotation":0,"texture":"#0","tintindex":0},"north":{"uv":[1.125,0.0,2.125,0.875],"rotation":0,"texture":"#0","tintindex":0},"west":{"uv":[0.0,2.25,1.0,3.125],"rotation":0,"texture":"#0","tintindex":0},"up":{"uv":[1.0,1.0,0.0,0.0],"rotation":0,"texture":"#0","tintindex":0},"down":{"uv":[1.0,1.125,0.0,2.125],"rotation":0,"texture":"#0","tintindex":0}}},{"from":[5.428571,10.030188,5.56686],"to":[7.142857,11.173044,7.852575],"rotation":{"angle":22.5,"axis":"x","origin":[6.285714,10.88733,6.538289]},"faces":{"east":{"uv":[5.0,1.25,5.5,1.5],"rotation":0,"texture":"#0","tintindex":0},"south":{"uv":[8.125,3.5,8.5,3.75],"rotation":0,"texture":"#0","tintindex":0},"north":{"uv":[6.375,4.5,6.75,4.75],"rotation":0,"texture":"#0","tintindex":0},"west":{"uv":[7.625,3.875,8.125,4.125],"rotation":0,"texture":"#0","tintindex":0},"up":{"uv":[2.375,6.375,2.0,5.875],"rotation":0,"texture":"#0","tintindex":0},"down":{"uv":[6.25,3.75,5.875,4.25],"rotation":0,"texture":"#0","tintindex":0}}},{"from":[8.857143,10.030188,5.56686],"to":[10.571428,11.173044,7.852575],"rotation":{"angle":22.5,"axis":"x","origin":[9.714286,10.88733,6.538289]},"faces":{"east":{"uv":[8.125,3.875,7.625,4.125],"rotation":0,"texture":"#0","tintindex":0},"south":{"uv":[8.5,3.5,8.125,3.75],"rotation":0,"texture":"#0","tintindex":0},"north":{"uv":[6.75,4.5,6.375,4.75],"rotation":0,"texture":"#0","tintindex":0},"west":{"uv":[5.5,1.25,5.0,1.5],"rotation":0,"texture":"#0","tintindex":0},"up":{"uv":[2.0,6.375,2.375,5.875],"rotation":0,"texture":"#0","tintindex":0},"down":{"uv":[5.875,3.75,6.25,4.25],"rotation":0,"texture":"#0","tintindex":0}}},{"from":[5.542857,8.88733,5.56686],"to":[7.257143,10.601616,7.281146],"rotation":{"angle":0.0,"axis":"y","origin":[8.142858,9.315902,9.56686]},"faces":{"east":{"uv":[6.0,7.5,6.375,7.875],"rotation":0,"texture":"#0","tintindex":0},"south":{"uv":[6.5,7.5,6.875,7.875],"rotation":0,"texture":"#0","tintindex":0},"north":{"uv":[5.5,7.5,5.875,7.875],"rotation":0,"texture":"#0","tintindex":0},"west":{"uv":[7.5,7.125,7.875,7.5],"rotation":0,"texture":"#0","tintindex":0},"up":{"uv":[8.0,0.375,7.625,0.0],"rotation":0,"texture":"#0","tintindex":0},"down":{"uv":[2.125,7.625,1.75,8.0],"rotation":0,"texture":"#0","tintindex":0}}},{"from":[6.0571427,9.287331,5.524003],"to":[6.5142856,10.030188,5.524003],"rotation":{"angle":0.0,"axis":"y","origin":[8.142858,9.315902,9.56686]},"faces":{"east":{"uv":[0.75,4.125,0.75,4.25],"rotation":0,"texture":"#0","tintindex":0},"south":{"uv":[0.875,3.25,1.0,3.375],"rotation":0,"texture":"#0","tintindex":0},"north":{"uv":[2.0,3.0,2.125,3.125],"rotation":0,"texture":"#0","tintindex":0},"west":{"uv":[1.75,4.125,1.75,4.25],"rotation":0,"texture":"#0","tintindex":0},"up":{"uv":[1.0,3.75,0.875,3.75],"rotation":0,"texture":"#0","tintindex":0},"down":{"uv":[4.25,1.625,4.125,1.625],"rotation":0,"texture":"#0","tintindex":0}}},{"from":[9.485714,9.287331,5.524003],"to":[9.942858,10.030188,5.524003],"rotation":{"angle":0.0,"axis":"y","origin":[7.857143,9.315902,9.56686]},"faces":{"east":{"uv":[1.875,4.125,1.875,4.25],"rotation":0,"texture":"#0","tintindex":0},"south":{"uv":[0.875,3.5,1.0,3.625],"rotation":0,"texture":"#0","tintindex":0},"north":{"uv":[2.0,3.25,2.125,3.375],"rotation":0,"texture":"#0","tintindex":0},"west":{"uv":[0.75,4.375,0.75,4.5],"rotation":0,"texture":"#0","tintindex":0},"up":{"uv":[3.0,4.25,2.875,4.25],"rotation":0,"texture":"#0","tintindex":0},"down":{"uv":[4.5,1.625,4.375,1.625],"rotation":0,"texture":"#0","tintindex":0}}},{"from":[8.742857,8.88733,5.56686],"to":[10.457143,10.601616,7.281146],"rotation":{"angle":0.0,"axis":"y","origin":[7.857143,9.315902,9.56686]},"faces":{"east":{"uv":[2.75,7.625,3.125,8.0],"rotation":0,"texture":"#0","tintindex":0},"south":{"uv":[7.625,2.875,8.0,3.25],"rotation":0,"texture":"#0","tintindex":0},"north":{"uv":[2.25,7.625,2.625,8.0],"rotation":0,"texture":"#0","tintindex":0},"west":{"uv":[3.25,7.625,3.625,8.0],"rotation":0,"texture":"#0","tintindex":0},"up":{"uv":[8.0,3.75,7.625,3.375],"rotation":0,"texture":"#0","tintindex":0},"down":{"uv":[4.125,7.625,3.75,8.0],"rotation":0,"texture":"#0","tintindex":0}}},{"from":[9.307143,9.544473,5.809717],"to":[9.307143,9.915901,5.981146],"rotation":{"angle":0.0,"axis":"y","origin":[8.0,9.315902,9.56686]},"faces":{"east":{"uv":[2.0,3.5,2.125,3.625],"rotation":0,"texture":"#0","tintindex":0},"south":{"uv":[1.875,4.375,1.875,4.5],"rotation":0,"texture":"#0","tintindex":0},"north":{"uv":[1.75,4.375,1.75,4.5],"rotation":0,"texture":"#0","tintindex":0},"west":{"uv":[2.875,3.75,3.0,3.875],"rotation":0,"texture":"#0","tintindex":0},"up":{"uv":[3.75,4.5,3.75,4.375],"rotation":0,"texture":"#0","tintindex":0},"down":{"uv":[3.875,4.375,3.875,4.5],"rotation":0,"texture":"#0","tintindex":0}}},{"from":[6.6928573,9.544473,5.881146],"to":[6.6928573,9.915901,6.0525746],"rotation":{"angle":0.0,"axis":"y","origin":[8.0,9.315902,9.56686]},"faces":{"east":{"uv":[1.75,3.875,1.875,4.0],"rotation":0,"texture":"#0","tintindex":0},"south":{"uv":[3.875,4.625,3.875,4.75],"rotation":0,"texture":"#0","tintindex":0},"north":{"uv":[3.75,4.625,3.75,4.75],"rotation":0,"texture":"#0","tintindex":0},"west":{"uv":[2.875,4.0,3.0,4.125],"rotation":0,"texture":"#0","tintindex":0},"up":{"uv":[1.5,4.875,1.5,4.75],"rotation":0,"texture":"#0","tintindex":0},"down":{"uv":[1.625,4.75,1.625,4.875],"rotation":0,"texture":"#0","tintindex":0}}},{"from":[6.857143,7.692797,4.4741573],"to":[9.142858,8.835654,6.7598715],"rotation":{"angle":0.0,"axis":"y","origin":[8.285714,8.264226,5.617015]},"faces":{"east":{"uv":[7.75,4.625,8.25,4.875],"rotation":0,"texture":"#0","tintindex":0},"south":{"uv":[7.875,0.5,8.375,0.75],"rotation":0,"texture":"#0","tintindex":0},"north":{"uv":[7.75,4.25,8.25,4.5],"rotation":0,"texture":"#0","tintindex":0},"west":{"uv":[7.875,6.0,8.375,6.25],