{"elements":[{"from":[8.387193,7.2911434,6.2739706],"to":[9.53005,8.434001,7.9882565],"rotation":{"angle":-45.0,"axis":"y","origin":[8.644336,7.7197146,6.702542]},"faces":{"east":{"uv":[3.375,8.75,3.0,9.0],"rotation":0,"texture":"#0","tintindex":0},"south":{"uv":[5.75,9.125,5.5,9.375],"rotation":0,"texture":"#0","tintindex":0},"north":{"uv":[9.375,4.75,9.125,5.0],"rotation":0,"texture":"#0","tintindex":0},"west":{"uv":[9.125,2.0,8.75,2.25],"rotation":0,"texture":"#0","tintindex":0},"up":{"uv":[8.75,4.125,9.0,3.75],"rotation":0,"texture":"#0","tintindex":0},"down":{"uv":[5.125,8.75,5.375,9.125],"rotation":0,"texture":"#0","tintindex":0}}},{"from":[8.672907,7.2911434,5.4739704],"to":[8.672907,8.319715,7.1882563],"rotation":{"angle":-45.0,"axis":"y","origin":[8.644336,7.7197146,7.1596847]},"faces":{"east":{"uv":[8.75,8.75,8.375,9.0],"rotation":0,"texture":"#0","tintindex":0},"south":{"uv":[9.375,0.875,9.375,1.125],"rotation":0,"texture":"#0","tintindex":0},"north":{"uv":[0.875,9.375,0.875,9.625],"rotation":0,"texture":"#0","tintindex":0},"west":{"uv":[8.25,8.75,7.875,9.0],"rotation":0,"texture":"#0","tintindex":0},"up":{"uv":[1.0,9.75,1.0,9.375],"rotation":0,"texture":"#0","tintindex":0},"down":{"uv":[1.125,9.375,1.125,9.75],"rotation":0,"texture":"#0","tintindex":0}}},{"from":[5.0686417,7.2911434,9.214797],"to":[6.2114987,8.434001,10.929083],"rotation":{"angle":45.0,"axis":"y","origin":[3.0972128,7.7197146,6.5005116]},"faces":{"east":{"uv":[2.875,8.875,2.5,9.125],"rotation":0,"texture":"#0","tintindex":0},"south":{"uv":[8.25,9.125,8.0,9.375],"rotation":0,"texture":"#0","tintindex":0},"north":{"uv":[7.875,9.125,7.625,9.375],"rotation":0,"texture":"#0","tintindex":0},"west":{"uv":[2.375,8.875,2.0,9.125],"rotation":0,"texture":"#0","tintindex":0},"up":{"uv":[3.5,9.25,3.75,8.875],"rotation":0,"texture":"#0","tintindex":0},"down":{"uv":[8.875,4.25,9.125,4.625],"rotation":0,"texture":"#0","tintindex":0}}},{"from":[6.0400705,7.2911434,8.529083],"to":[6.0400705,8.319715,9.67194],"rotation":{"angle":45.0,"axis":"y","origin":[3.0972128,7.7197146,6.9576545]},"faces":{"east":{"uv":[9.5,0.0,9.25,0.25],"rotation":0,"texture":"#0","tintindex":0},"south":{"uv":[9.375,2.625,9.375,2.875],"rotation":0,"texture":"#0","tintindex":0},"north":{"uv":[9.375,2.25,9.375,2.5],"rotation":0,"texture":"#0","tintindex":0},"west":{"uv":[8.625,9.125,8.375,9.375],"rotation":0,"texture":"#0","tintindex":0},"up":{"uv":[3.5,9.625,3.5,9.375],"rotation":0,"texture":"#0","tintindex":0},"down":{"uv":[3.625,9.375,3.625,9.625],"rotation":0,"texture":"#0","tintindex":0}}},{"from":[7.412095,7.288286,6.0330863],"to":[8.5663805,8.442572,8.0388],"rotation":{"angle":0.0,"axis":"y","origin":[3.1635232,7.7197146,6.750229]},"faces":{"east":{"uv":[9.25,7.125,8.875,7.375],"rotation":0,"texture":"#0","tintindex":0},"south":{"uv":[9.5,1.875,9.25,2.125],"rotation":0,"texture":"#0","tintindex":0},"north":{"uv":[9.5,1.5,9.25,1.75],"rotation":0,"texture":"#0","tintindex":0},"west":{"uv":[7.125,8.875,6.75,9.125],"rotation":0,"texture":"#0","tintindex":0},"up":{"uv":[5.875,9.25,6.125,8.875],"rotation":0,"texture":"#0","tintindex":0},"down":{"uv":[7.25,8.875,7.5,9.25],"rotation":0,"texture":"#0","tintindex":0}}},{"from":[7.992095,7.2911434,5.2359433],"to":[7.992095,8.319715,6.950229],"rotation":{"angle":0.0,"axis":"y","origin":[3.1635232,7.7197146,7.2073717]},"faces":{"east":{"uv":[9.25,8.625,8.875,8.875],"rotation":0,"texture":"#0","tintindex":0},"south":{"uv":[3.875,9.375,3.875,9.625],"rotation":0,"texture":"#0","tintindex":0},"north":{"uv":[3.75,9.375,3.75,9.625],"rotation":0,"texture":"#0","tintindex":0},"west":{"uv":[9.25,8.25,8.875,8.5],"rotation":0,"texture":"#0","tintindex":0},"up":{"uv":[4.0,9.75,4.0,9.375],"rotation":0,"texture":"#0","tintindex":0},"down":{"uv":[4.125,9.375,4.125,9.75],"rotation":0,"texture":"#0","tintindex":0}}}],"textures":{"0":"modelengine:entity/nocsy_mount_lizard_baby"},"display":{"head":{"translation":[0.0,-6.4,0.0],"scale":[4.0,4.0,4.0]}}}