{"elements":[{"from":[7.4306154,7.01556,5.7381296],"to":[8.560902,8.145846,7.439844],"rotation":{"angle":0.0,"axis":"y","origin":[9.97033,11.155274,9.506415]},"faces":{"east":{"uv":[3.625,8.125,4.0,8.375],"rotation":0,"texture":"#0","tintindex":0},"south":{"uv":[0.875,9.0,1.125,9.25],"rotation":0,"texture":"#0","tintindex":0},"north":{"uv":[9.0,0.75,9.25,1.0],"rotation":0,"texture":"#0","tintindex":0},"west":{"uv":[8.125,5.0,8.5,5.25],"rotation":0,"texture":"#0","tintindex":0},"up":{"uv":[2.75,5.0,2.5,4.625],"rotation":0,"texture":"#0","tintindex":0},"down":{"uv":[8.375,5.375,8.125,5.75],"rotation":0,"texture":"#0","tintindex":0}}},{"from":[7.9989014,7.06956,4.877844],"to":[7.9989014,8.098132,6.5921297],"rotation":{"angle":0.0,"axis":"y","origin":[9.97033,11.098132,9.506415]},"faces":{"east":{"uv":[8.125,6.375,8.5,6.625],"rotation":0,"texture":"#0","tintindex":0},"south":{"uv":[1.625,5.0,1.625,5.25],"rotation":0,"texture":"#0","tintindex":0},"north":{"uv":[1.5,5.0,1.5,5.25],"rotation":0,"texture":"#0","tintindex":0},"west":{"uv":[7.375,8.125,7.75,8.375],"rotation":0,"texture":"#0","tintindex":0},"up":{"uv":[3.625,5.5,3.625,5.125],"rotation":0,"texture":"#0","tintindex":0},"down":{"uv":[4.375,7.0,4.375,7.375],"rotation":0,"texture":"#0","tintindex":0}}},{"from":[7.1446157,7.0152745,7.45213],"to":[8.853187,7.866703,8.303558],"rotation":{"angle":0.0,"axis":"y","origin":[9.97033,11.155274,9.506415]},"faces":{"east":{"uv":[9.0,1.125,9.25,1.375],"rotation":0,"texture":"#0","tintindex":0},"south":{"uv":[1.125,8.25,1.5,8.5],"rotation":0,"texture":"#0","tintindex":0},"north":{"uv":[0.0,8.25,0.375,8.5],"rotation":0,"texture":"#0","tintindex":0},"west":{"uv":[9.0,2.375,9.25,2.625],"rotation":0,"texture":"#0","tintindex":0},"up":{"uv":[8.625,2.125,8.25,1.875],"rotation":0,"texture":"#0","tintindex":0},"down":{"uv":[8.625,2.25,8.25,2.5],"rotation":0,"texture":"#0","tintindex":0}}},{"from":[6.638434,7.0124173,6.1006064],"to":[7.781291,8.155274,8.386321],"rotation":{"angle":22.5,"axis":"y","origin":[6.832878,7.582126,7.1097484]},"faces":{"east":{"uv":[0.5,8.0,1.0,8.25],"rotation":0,"texture":"#0","tintindex":0},"south":{"uv":[3.875,9.0,4.125,9.25],"rotation":0,"texture":"#0","tintindex":0},"north":{"uv":[9.0,2.75,9.25,3.0],"rotation":0,"texture":"#0","tintindex":0},"west":{"uv":[8.0,0.875,8.5,1.125],"rotation":0,"texture":"#0","tintindex":0},"up":{"uv":[7.25,8.375,7.0,7.875],"rotation":0,"texture":"#0","tintindex":0},"down":{"uv":[5.75,8.0,5.5,8.5],"rotation":0,"texture":"#0","tintindex":0}}},{"from":[7.095577,7.06956,5.2434635],"to":[7.095577,8.098132,6.9577494],"rotation":{"angle":22.5,"axis":"y","origin":[6.832878,7.5249834,7.1097484]},"faces":{"east":{"uv":[8.25,3.875,8.625,4.125],"rotation":0,"texture":"#0","tintindex":0},"south":{"uv":[1.375,5.5,1.375,5.75],"rotation":0,"texture":"#0","tintindex":0},"north":{"uv":[1.25,5.5,1.25,5.75],"rotation":0,"texture":"#0","tintindex":0},"west":{"uv":[4.125,8.25,4.5,8.5],"rotation":0,"texture":"#0","tintindex":0},"up":{"uv":[4.25,8.0,4.25,7.625],"rotation":0,"texture":"#0","tintindex":0},"down":{"uv":[6.875,8.0,6.875,8.375],"rotation":0,"texture":"#0","tintindex":0}}},{"from":[8.774882,7.0124173,7.587011],"to":[9.91774,8.155274,9.872725],"rotation":{"angle":-22.5,"axis":"y","origin":[13.0375805,7.582126,7.167581]},"faces":{"east":{"uv":[5.875,8.0,6.375,8.25],"rotation":0,"texture":"#0","tintindex":0},"south":{"uv":[4.625,9.0,4.875,9.25],"rotation":0,"texture":"#0","tintindex":0},"north":{"uv":[4.25,9.0,4.5,9.25],"rotation":0,"texture":"#0","tintindex":0},"west":{"uv":[8.0,7.0,8.5,7.25],"rotation":0,"texture":"#0","tintindex":0},"up":{"uv":[6.75,8.5,6.5,8.0],"rotation":0,"texture":"#0","tintindex":0},"down":{"uv":[8.25,7.375,8.0,7.875],"rotation":0,"texture":"#0","tintindex":0}}},{"from":[9.232025,7.06956,6.729868],"to":[9.232025,8.098132,8.444154],"rotation":{"angle":-22.5,"axis":"y","origin":[13.0375805,7.5249834,7.167581]},"faces":{"east":{"uv":[4.625,8.25,5.0,8.5],"rotation":0,"texture":"#0","tintindex":0},"south":{"uv":[4.625,6.25,4.625,6.5],"rotation":0,"texture":"#0","tintindex":0},"north":{"uv":[4.5,6.25,4.5,6.5],"rotation":0,"texture":"#0","tintindex":0},"west":{"uv":[0.5,8.375,0.875,8.625],"rotation":0,"texture":"#0","tintindex":0},"up":{"uv":[5.0,9.375,5.0,9.0],"rotation":0,"texture":"#0","tintindex":0},"down":{"uv":[6.625,9.0,6.625,9.375],"rotation":0,"texture":"#0","tintindex":0}}}],"textures":{"0":"modelengine:entity/nocsy_mount_lizard_baby"},"display":{"head":{"translation":[0.0,-6.4,0.0],"scale":[4.0,4.0,4.0]}}}