{"elements":[{"from":[6.46995,7.2911434,6.2739706],"to":[7.6128073,8.434001,7.9882565],"rotation":{"angle":45.0,"axis":"y","origin":[7.3556643,7.7197146,6.702542]},"faces":{"east":{"uv":[8.75,2.0,9.125,2.25],"rotation":0,"texture":"#0","tintindex":0},"south":{"uv":[5.5,9.125,5.75,9.375],"rotation":0,"texture":"#0","tintindex":0},"north":{"uv":[9.125,4.75,9.375,5.0],"rotation":0,"texture":"#0","tintindex":0},"west":{"uv":[3.0,8.75,3.375,9.0],"rotation":0,"texture":"#0","tintindex":0},"up":{"uv":[9.0,4.125,8.75,3.75],"rotation":0,"texture":"#0","tintindex":0},"down":{"uv":[5.375,8.75,5.125,9.125],"rotation":0,"texture":"#0","tintindex":0}}},{"from":[7.327093,7.2911434,5.4739704],"to":[7.327093,8.319715,7.1882563],"rotation":{"angle":45.0,"axis":"y","origin":[7.3556643,7.7197146,7.1596847]},"faces":{"east":{"uv":[7.875,8.75,8.25,9.0],"rotation":0,"texture":"#0","tintindex":0},"south":{"uv":[9.375,0.875,9.375,1.125],"rotation":0,"texture":"#0","tintindex":0},"north":{"uv":[0.875,9.375,0.875,9.625],"rotation":0,"texture":"#0","tintindex":0},"west":{"uv":[8.375,8.75,8.75,9.0],"rotation":0,"texture":"#0","tintindex":0},"up":{"uv":[1.0,9.75,1.0,9.375],"rotation":0,"texture":"#0","tintindex":0},"down":{"uv":[1.125,9.375,1.125,9.75],"rotation":0,"texture":"#0","tintindex":0}}},{"from":[9.788501,7.2911434,9.214797],"to":[10.931358,8.434001,10.929083],"rotation":{"angle":-45.0,"axis":"y","origin":[12.902787,7.7197146,6.5005116]},"faces":{"east":{"uv":[2.0,8.875,2.375,9.125],"rotation":0,"texture":"#0","tintindex":0},"south":{"uv":[8.0,9.125,8.25,9.375],"rotation":0,"texture":"#0","tintindex":0},"north":{"uv":[7.625,9.125,7.875,9.375],"rotation":0,"texture":"#0","tintindex":0},"west":{"uv":[2.5,8.875,2.875,9.125],"rotation":0,"texture":"#0","tintindex":0},"up":{"uv":[3.75,9.25,3.5,8.875],"rotation":0,"texture":"#0","tintindex":0},"down":{"uv":[9.125,4.25,8.875,4.625],"rotation":0,"texture":"#0","tintindex":0}}},{"from":[9.959929,7.2911434,8.529083],"to":[9.959929,8.319715,9.67194],"rotation":{"angle":-45.0,"axis":"y","origin":[12.902787,7.7197146,6.9576545]},"faces":{"east":{"uv":[8.375,9.125,8.625,9.375],"rotation":0,"texture":"#0","tintindex":0},"south":{"uv":[9.375,2.625,9.375,2.875],"rotation":0,"texture":"#0","tintindex":0},"north":{"uv":[9.375,2.25,9.375,2.5],"rotation":0,"texture":"#0","tintindex":0},"west":{"uv":[9.25,0.0,9.5,0.25],"rotation":0,"texture":"#0","tintindex":0},"up":{"uv":[3.5,9.625,3.5,9.375],"rotation":0,"texture":"#0","tintindex":0},"down":{"uv":[3.625,9.375,3.625,9.625],"rotation":0,"texture":"#0","tintindex":0}}},{"from":[7.4336195,7.288286,6.0330863],"to":[8.587905,8.442572,8.0388],"rotation":{"angle":0.0,"axis":"y","origin":[12.836477,7.7197146,6.750229]},"faces":{"east":{"uv":[6.75,8.875,7.125,9.125],"rotation":0,"texture":"#0","tintindex":0},"south":{"uv":[9.25,1.875,9.5,2.125],"rotation":0,"texture":"#0","tintindex":0},"north":{"uv":[9.25,1.5,9.5,1.75],"rotation":0,"texture":"#0","tintindex":0},"west":{"uv":[8.875,7.125,9.25,7.375],"rotation":0,"texture":"#0","tintindex":0},"up":{"uv":[6.125,9.25,5.875,8.875],"rotation":0,"texture":"#0","tintindex":0},"down":{"uv":[7.5,8.875,7.25,9.25],"rotation":0,"texture":"#0","tintindex":0}}},{"from":[8.007905,7.2911434,5.2359433],"to":[8.007905,8.319715,6.950229],"rotation":{"angle":0.0,"axis":"y","origin":[12.836477,7.7197146,7.2073717]},"faces":{"east":{"uv":[8.875,8.25,9.25,8.5],"rotation":0,"texture":"#0","tintindex":0},"south":{"uv":[3.875,9.375,3.875,9.625],"rotation":0,"texture":"#0","tintindex":0},"north":{"uv":[3.75,9.375,3.75,9.625],"rotation":0,"texture":"#0","tintindex":0},"west":{"uv":[8.875,8.625,9.25,8.875],"rotation":0,"texture":"#0","tintindex":0},"up":{"uv":[4.0,9.75,4.0,9.375],"rotation":0,"texture":"#0","tintindex":0},"down":{"uv":[4.125,9.375,4.125,9.75],"rotation":0,"texture":"#0","tintindex":0}}}],"textures":{"0":"modelengine:entity/nocsy_mount_lizard_baby"},"display":{"head":{"translation":[0.0,-6.4,0.0],"scale":[4.0,4.0,4.0]}}}