{"elements":[{"from":[7.428571,6.857143,6.0],"to":[8.571428,8.0,10.0],"rotation":{"angle":22.5,"axis":"y","origin":[8.0,7.428571,8.0]},"faces":{"east":{"uv":[7.5625,0.375,8.0,0.5],"rotation":0,"texture":"#0","tintindex":0},"south":{"uv":[7.0625,8.3125,7.1875,8.4375],"rotation":0,"texture":"#0","tintindex":0},"north":{"uv":[6.875,8.3125,7.0,8.4375],"rotation":0,"texture":"#0","tintindex":0},"west":{"uv":[7.5625,2.5,8.0,2.625],"rotation":0,"texture":"#0","tintindex":0},"up":{"uv":[0.4375,8.0625,0.3125,7.625],"rotation":0,"texture":"#0","tintindex":0},"down":{"uv":[0.625,7.625,0.5,8.0625],"rotation":0,"texture":"#0","tintindex":0}}},{"from":[8.0,6.857143,4.8571424],"to":[8.0,8.0,11.142858],"rotation":{"angle":22.5,"axis":"y","origin":[8.0,7.428571,8.0]},"faces":{"east":{"uv":[6.75,5.5625,7.4375,5.6875],"rotation":0,"texture":"#0","tintindex":0},"south":{"uv":[1.9375,7.25,1.9375,7.375],"rotation":0,"texture":"#0","tintindex":0},"north":{"uv":[2.25,7.0625,2.25,7.1875],"rotation":0,"texture":"#0","tintindex":0},"west":{"uv":[6.75,5.75,7.4375,5.875],"rotation":0,"texture":"#0","tintindex":0},"up":{"uv":[0.9375,9.125,0.9375,8.4375],"rotation":0,"texture":"#0","tintindex":0},"down":{"uv":[1.0,8.4375,1.0,9.125],"rotation":0,"texture":"#0","tintindex":0}}},{"from":[6.857143,6.842857,7.142857],"to":[9.142858,8.571428,9.428572],"rotation":{"angle":0.0,"axis":"y","origin":[8.0,7.428571,8.0]},"faces":{"east":{"uv":[7.75,1.1875,8.0,1.375],"rotation":0,"texture":"#0","tintindex":0},"south":{"uv":[2.25,7.75,2.5,7.9375],"rotation":0,"texture":"#0","tintindex":0},"north":{"uv":[1.0,7.75,1.25,7.9375],"rotation":0,"texture":"#0","tintindex":0},"west":{"uv":[2.5625,7.75,2.8125,7.9375],"rotation":0,"texture":"#0","tintindex":0},"up":{"uv":[1.25,7.6875,1.0,7.4375],"rotation":0,"texture":"#0","tintindex":0},"down":{"uv":[2.5,7.4375,2.25,7.6875],"rotation":0,"texture":"#0","tintindex":0}}},{"from":[7.428571,6.857143,6.0],"to":[8.571428,8.0,8.857143],"rotation":{"angle":-22.5,"axis":"y","origin":[8.0,7.428571,8.0]},"faces":{"east":{"uv":[7.875,4.4375,8.1875,4.5625],"rotation":0,"texture":"#0","tintindex":0},"south":{"uv":[7.25,8.3125,7.375,8.4375],"rotation":0,"texture":"#0","tintindex":0},"north":{"uv":[8.3125,7.1875,8.4375,7.3125],"rotation":0,"texture":"#0","tintindex":0},"west":{"uv":[7.9375,5.1875,8.25,5.3125],"rotation":0,"texture":"#0","tintindex":0},"up":{"uv":[8.0625,7.125,7.9375,6.8125],"rotation":0,"texture":"#0","tintindex":0},"down":{"uv":[7.8125,7.9375,7.6875,8.25],"rotation":0,"texture":"#0","tintindex":0}}},{"from":[8.0,6.857143,4.8571424],"to":[8.0,8.0,6.0],"rotation":{"angle":-22.5,"axis":"y","origin":[8.0,7.428571,8.0]},"faces":{"east":{"uv":[8.375,1.9375,8.5,2.0625],"rotation":0,"texture":"#0","tintindex":0},"south":{"uv":[3.1875,7.25,3.1875,7.375],"rotation":0,"texture":"#0","tintindex":0},"north":{"uv":[3.125,7.25,3.125,7.375],"rotation":0,"texture":"#0","tintindex":0},"west":{"uv":[8.375,2.125,8.5,2.25],"rotation":0,"texture":"#0","tintindex":0},"up":{"uv":[0.3125,7.5625,0.3125,7.4375],"rotation":0,"texture":"#0","tintindex":0},"down":{"uv":[0.375,7.4375,0.375,7.5625],"rotation":0,"texture":"#0","tintindex":0}}}],"textures":{"0":"modelengine:entity/fall_dragon"},"display":{"head":{"translation":[0.0,-6.4,0.0],"scale":[4.0,4.0,4.0]}}}