{"elements":[{"from":[7.428571,6.857143,6.0],"to":[8.571428,8.0,10.0],"rotation":{"angle":-22.5,"axis":"y","origin":[8.0,7.428571,8.0]},"faces":{"east":{"uv":[8.0,0.1875,7.5625,0.3125],"rotation":0,"texture":"#0","tintindex":0},"south":{"uv":[8.4375,5.0625,8.3125,5.1875],"rotation":0,"texture":"#0","tintindex":0},"north":{"uv":[8.4375,4.625,8.3125,4.75],"rotation":0,"texture":"#0","tintindex":0},"west":{"uv":[8.0,0.0,7.5625,0.125],"rotation":0,"texture":"#0","tintindex":0},"up":{"uv":[7.3125,8.0,7.4375,7.5625],"rotation":0,"texture":"#0","tintindex":0},"down":{"uv":[7.5,7.5625,7.625,8.0],"rotation":0,"texture":"#0","tintindex":0}}},{"from":[8.0,6.857143,4.8571424],"to":[8.0,8.0,11.142858],"rotation":{"angle":-22.5,"axis":"y","origin":[8.0,7.428571,8.0]},"faces":{"east":{"uv":[7.5,0.0,6.8125,0.125],"rotation":0,"texture":"#0","tintindex":0},"south":{"uv":[7.75,3.125,7.75,3.25],"rotation":0,"texture":"#0","tintindex":0},"north":{"uv":[7.6875,3.125,7.6875,3.25],"rotation":0,"texture":"#0","tintindex":0},"west":{"uv":[7.4375,6.3125,6.75,6.4375],"rotation":0,"texture":"#0","tintindex":0},"up":{"uv":[1.6875,9.125,1.6875,8.4375],"rotation":0,"texture":"#0","tintindex":0},"down":{"uv":[2.125,8.4375,2.125,9.125],"rotation":0,"texture":"#0","tintindex":0}}},{"from":[7.142857,6.842857,6.857143],"to":[8.857143,8.571428,9.142858],"rotation":{"angle":0.0,"axis":"y","origin":[8.0,7.428571,8.0]},"faces":{"east":{"uv":[8.0,4.625,7.75,4.8125],"rotation":0,"texture":"#0","tintindex":0},"south":{"uv":[3.3125,8.125,3.125,8.3125],"rotation":0,"texture":"#0","tintindex":0},"north":{"uv":[3.0625,8.125,2.875,8.3125],"rotation":0,"texture":"#0","tintindex":0},"west":{"uv":[4.6875,7.75,4.4375,7.9375],"rotation":0,"texture":"#0","tintindex":0},"up":{"uv":[4.75,8.0,4.9375,7.75],"rotation":0,"texture":"#0","tintindex":0},"down":{"uv":[6.25,7.75,6.4375,8.0],"rotation":0,"texture":"#0","tintindex":0}}},{"from":[8.0,6.857143,4.8571424],"to":[8.0,8.0,6.0],"rotation":{"angle":22.5,"axis":"y","origin":[8.0,7.428571,8.0]},"faces":{"east":{"uv":[6.4375,8.3125,6.3125,8.4375],"rotation":0,"texture":"#0","tintindex":0},"south":{"uv":[5.75,6.6875,5.75,6.8125],"rotation":0,"texture":"#0","tintindex":0},"north":{"uv":[2.375,6.5625,2.375,6.6875],"rotation":0,"texture":"#0","tintindex":0},"west":{"uv":[6.25,8.3125,6.125,8.4375],"rotation":0,"texture":"#0","tintindex":0},"up":{"uv":[0.75,7.0,0.75,6.875],"rotation":0,"texture":"#0","tintindex":0},"down":{"uv":[6.625,7.0,6.625,7.125],"rotation":0,"texture":"#0","tintindex":0}}},{"from":[7.428571,6.857143,6.0],"to":[8.571428,8.0,8.857143],"rotation":{"angle":22.5,"axis":"y","origin":[8.0,7.428571,8.0]},"faces":{"east":{"uv":[8.375,0.1875,8.0625,0.3125],"rotation":0,"texture":"#0","tintindex":0},"south":{"uv":[8.5,3.3125,8.375,3.4375],"rotation":0,"texture":"#0","tintindex":0},"north":{"uv":[3.375,8.375,3.25,8.5],"rotation":0,"texture":"#0","tintindex":0},"west":{"uv":[8.375,0.0,8.0625,0.125],"rotation":0,"texture":"#0","tintindex":0},"up":{"uv":[8.0625,1.5,8.1875,1.1875],"rotation":0,"texture":"#0","tintindex":0},"down":{"uv":[3.8125,8.0625,3.9375,8.375],"rotation":0,"texture":"#0","tintindex":0}}}],"textures":{"0":"modelengine:entity/fall_dragon"},"display":{"head":{"translation":[0.0,-6.4,0.0],"scale":[4.0,4.0,4.0]}}}