{"elements":[{"from":[6.0,7.142857,5.142857],"to":[10.0,11.142858,9.714286],"rotation":{"angle":0.0,"axis":"y","origin":[6.5714283,2.5714283,5.714286]},"faces":{"east":{"uv":[5.8125,4.8125,6.3125,5.25],"rotation":0,"texture":"#0","tintindex":0},"south":{"uv":[5.9375,0.0,6.375,0.4375],"rotation":0,"texture":"#0","tintindex":0},"north":{"uv":[5.875,3.125,6.3125,3.5625],"rotation":0,"texture":"#0","tintindex":0},"west":{"uv":[0.0,5.875,0.5,6.3125],"rotation":0,"texture":"#0","tintindex":0},"up":{"uv":[3.9375,6.1875,3.5,5.6875],"rotation":0,"texture":"#0","tintindex":0},"down":{"uv":[1.0,5.875,0.5625,6.375],"rotation":0,"texture":"#0","tintindex":0}}},{"from":[6.857143,7.714286,3.4285712],"to":[9.142858,8.857143,5.142857],"rotation":{"angle":0.0,"axis":"y","origin":[6.5714283,2.5714283,5.714286]},"faces":{"east":{"uv":[7.25,4.625,7.4375,4.75],"rotation":0,"texture":"#0","tintindex":0},"south":{"uv":[8.125,5.6875,8.375,5.8125],"rotation":0,"texture":"#0","tintindex":0},"north":{"uv":[8.125,1.0,8.375,1.125],"rotation":0,"texture":"#0","tintindex":0},"west":{"uv":[8.125,7.375,8.3125,7.5],"rotation":0,"texture":"#0","tintindex":0},"up":{"uv":[7.875,5.375,7.625,5.1875],"rotation":0,"texture":"#0","tintindex":0},"down":{"uv":[7.875,7.25,7.625,7.4375],"rotation":0,"texture":"#0","tintindex":0}}},{"from":[5.428571,7.714286,5.714286],"to":[10.571428,8.857143,8.0],"rotation":{"angle":0.0,"axis":"y","origin":[6.5714283,2.5714283,8.571428]},"faces":{"east":{"uv":[8.125,5.875,8.375,6.0],"rotation":0,"texture":"#0","tintindex":0},"south":{"uv":[7.0625,2.8125,7.625,2.9375],"rotation":0,"texture":"#0","tintindex":0},"north":{"uv":[2.625,7.0625,3.1875,7.1875],"rotation":0,"texture":"#0","tintindex":0},"west":{"uv":[8.125,6.0625,8.375,6.1875],"rotation":0,"texture":"#0","tintindex":0},"up":{"uv":[3.0,6.375,2.4375,6.125],"rotation":0,"texture":"#0","tintindex":0},"down":{"uv":[3.625,6.25,3.0625,6.5],"rotation":0,"texture":"#0","tintindex":0}}},{"from":[7.142857,8.085797,4.15343],"to":[8.857143,9.228655,5.867716],"rotation":{"angle":-22.5,"axis":"x","origin":[8.0,8.657227,5.010573]},"faces":{"east":{"uv":[8.125,7.75,8.3125,7.875],"rotation":0,"texture":"#0","tintindex":0},"south":{"uv":[7.875,8.125,8.0625,8.25],"rotation":0,"texture":"#0","tintindex":0},"north":{"uv":[8.125,7.5625,8.3125,7.6875],"rotation":0,"texture":"#0","tintindex":0},"west":{"uv":[8.125,7.9375,8.3125,8.0625],"rotation":0,"texture":"#0","tintindex":0},"up":{"uv":[4.8125,8.25,4.625,8.0625],"rotation":0,"texture":"#0","tintindex":0},"down":{"uv":[8.25,4.625,8.0625,4.8125],"rotation":0,"texture":"#0","tintindex":0}}},{"from":[7.142857,7.1285715,3.7142854],"to":[8.857143,7.714286,6.5714283],"rotation":{"angle":0.0,"axis":"y","origin":[6.5714283,2.5714283,5.714286]},"faces":{"east":{"uv":[4.75,3.625,5.0625,3.6875],"rotation":0,"texture":"#0","tintindex":0},"south":{"uv":[7.75,1.4375,7.9375,1.5],"rotation":0,"texture":"#0","tintindex":0},"north":{"uv":[7.6875,7.125,7.875,7.1875],"rotation":0,"texture":"#0","tintindex":0},"west":{"uv":[2.75,5.5625,3.0625,5.625],"rotation":0,"texture":"#0","tintindex":0},"up":{"uv":[7.6875,4.9375,7.5,4.625],"rotation":0,"texture":"#0","tintindex":0},"down":{"uv":[5.3125,7.5,5.125,7.8125],"rotation":0,"texture":"#0","tintindex":0}}},{"from":[5.714286,9.571428,4.8571424],"to":[7.428571,10.142858,6.5714283],"rotation":{"angle":-22.5,"axis":"x","origin":[6.285714,9.714286,5.714286]},"faces":{"east":{"uv":[6.0,2.0,6.1875,2.0625],"rotation":0,"texture":"#0","tintindex":0},"south":{"uv":[2.4375,6.0,2.625,6.0625],"rotation":0,"texture":"#0","tintindex":0},"north":{"uv":[3.125,5.5625,3.3125,5.625],"rotation":0,"texture":"#0","tintindex":0},"west":{"uv":[3.0625,6.125,3.25,6.1875],"rotation":0,"texture":"#0","tintindex":0},"up":{"uv":[1.0,6.625,0.8125,6.4375],"rotation":0,"texture":"#0","tintindex":0},"down":{"uv":[8.25,3.125,8.0625,3.3125],"rotation":0,"texture":"#0","tintindex":0}}},{"from":[8.571428,9.571428,4.8571424],"to":[10.285714,10.142858,6.5714283],"rotation":{"angle":-22.5,"axis":"x","origin":[9.714286,9.714286,5.714286]},"faces":{"east":{"uv":[6.75,3.8125,6.9375,3.875],"rotation":0,"texture":"#0","tintindex":0},"south":{"uv":[6.75,5.1875,6.9375,5.25],"rotation":0,"texture":"#0","tintindex":0},"north":{"uv":[2.8125,6.4375,3.0,6.5],"rotation":0,"texture":"#0","tintindex":0},"west":{"uv":[7.0625,3.0,7.25,3.0625],"rotation":0,"texture":"#0","tintindex":0},"up":{"uv":[4.375,8.25,4.1875,8.0625],"rotation":0,"texture":"#0","tintindex":0},"down":{"uv":[8.25,4.1875,8.0625,4.375],"rotation":0,"texture":"#0","tintindex":0}}},{"from":[6.5714283,11.0,6.285714],"to":[9.428572,15.0,6.285714],"rotation":{"angle":22.5,"axis":"x","origin":[8.0,11.714286,6.285714]},"faces":{"east":{"uv":[1.0625,5.875,1.0625,6.3125],"rotation":0,"texture":"#0","tintindex":0},"south":{"uv":[6.375,4.8125,6.6875,5.25],"rotation":0,"texture":"#0","tintindex":0},"north":{"uv":[6.375,3.4375,6.6875,3.875],"rotation":0,"texture":"#0","tintindex":0},"west":{"uv":[2.0625,8.375,2.0625,8.8125],"rotation":0,"texture":"#0","tintindex":0},"up":{"uv":[6.6875,4.125,6.375,4.125],"rotation":0,"texture":"#0","tintindex":0},"down":{"uv":[6.8125,1.9375,6.5,1.9375],"rotation":0,"texture":"#0","tintindex":0}}},{"from":[0.77345896,7.142857,7.226541],"to":[5.916316,12.285715,7.226541],"rotation":{"angle":45.0,"axis":"y","origin":[6.20203,9.428572,7.226541]},"faces":{"east":{"uv":[4.5625,8.375,4.5625,8.9375],"rotation":0,"texture":"#0","tintindex":0},"south":{"uv":[5.1875,4.25,5.75,4.8125],"rotation":0,"texture":"#0","tintindex":0},"north":{"uv":[5.1875,3.625,5.75,4.1875],"rotation":0,"texture":"#0","tintindex":0},"west":{"uv":[5.0,8.375,5.0,8.9375],"rotation":0,"texture":"#0","tintindex":0},"up":{"uv":[8.875,5.25,8.3125,5.25],"rotation":0,"texture":"#0","tintindex":0},"down":{"uv":[8.875,5.3125,8.3125,5.3125],"rotation":0,"texture":"#0","tintindex":0}}},{"from":[3.0591736,7.142857,5.512255],"to":[5.916316,9.428572,5.512255],"rotation":{"angle":45.0,"axis":"y","origin":[6.20203,9.428572,5.512255]},"faces":{"east":{"uv":[5.9375,0.5,5.9375,0.75],"rotation":0,"texture":"#0","tintindex":0},"south":{"uv":[0.0,6.8125,0.3125,7.0625],"rotation":0,"texture":"#0","tintindex":0},"north":{"uv":[5.375,6.6875,5.6875,6.9375],"rotation":0,"texture":"#0","tintindex":0},"west":{"uv":[2.3125,6.5625,2.3125,6.8125],"rotation":0,"texture":"#0","tintindex":0},"up":{"uv":[7.1875,4.75,6.875,4.75],"rotation":0,"texture":"#0","tintindex":0},"down":{"uv":[0.3125,7.125,0.0,7.125],"rotation":0,"texture":"#0","tintindex":0}}},{"from":[10.083684,7.142857,5.512255],"to":[12.940826,9.428572,5.512255],"rotation":{"angle":-45.0,"axis":"y","origin":[9.79797,9.428572,5.512255]},"faces":{"east":{"uv":[2.3125,6.5625,2.3125,6.8125],"rotation":0,"texture":"#0","tintindex":0},"south":{"uv":[0.3125,6.8125,0.0,7.0625],"rotation":0,"texture":"#0","tintindex":0},"north":{"uv":[5.6875,6.6875,5.375,6.9375],"rotation":0,"texture":"#0","tintindex":0},"west":{"uv":[5.9375,0.5,5.9375,0.75],"rotation":0,"texture":"#0","tintindex":0},"up":{"uv":[6.875,4.75,7.1875,4.75],"rotation":0,"texture":"#0","tintindex":0},"down":{"uv":[0.0,7.125,0.3125,7.125],"rotation":0,"texture":"#0","tintindex":0}}},{"from":[10.083684,7.142857,7.226541],"to":[15.2265415,12.285715,7.226541],"rotation":{"angle":-45.0,"axis":"y","origin":[9.79797,9.428572,7.226541]},"faces":{"east":{"uv":[5.0,8.375,5.0,8.9375],"rotation":0,"texture":"#0","tintindex":0},"south":{"uv":[5.75,4.25,5.1875,4.8125],"rotation":0,"texture":"#0","tintindex":0},"north":{"uv":[5.75,3.625,5.1875,4.1875],"rotation":0,"texture":"#0","tintindex":0},"west":{"uv":[4.5625,8.375,4.5625,8.9375],"rotation":0,"texture":"#0","tintindex":0},"up":{"uv":[8.3125,5.25,8.875,5.25],"rotation":0,"texture":"#0","tintindex":0},"down":{"uv":[8.3125,5.3125,8.875,5.3125],"rotation":0,"texture":"#0","tintindex":0}}}],"textures":{"0":"modelengine:entity/fall_dragon"},"display":{"head":{"translation":[0.0,-6.4,0.0],"scale":[4.0,4.0,4.0]}}}