{"elements":[{"from":[6.9882298,7.5477176,6.857143],"to":[8.702516,10.976289,8.571428],"rotation":{"angle":22.5,"axis":"z","origin":[7.8453727,8.4048605,7.714286]},"faces":{"east":{"uv":[0.75,7.0625,0.9375,7.4375],"rotation":0,"texture":"#0","tintindex":0},"south":{"uv":[2.0,7.0625,2.1875,7.4375],"rotation":0,"texture":"#0","tintindex":0},"north":{"uv":[6.375,7.0,6.5625,7.375],"rotation":0,"texture":"#0","tintindex":0},"west":{"uv":[3.25,7.0625,3.4375,7.4375],"rotation":0,"texture":"#0","tintindex":0},"up":{"uv":[6.3125,8.25,6.125,8.0625],"rotation":0,"texture":"#0","tintindex":0},"down":{"uv":[6.5625,8.0625,6.375,8.25],"rotation":0,"texture":"#0","tintindex":0}}},{"from":[5.63028,9.7875395,7.714286],"to":[9.058851,14.358969,7.714286],"rotation":{"angle":22.5,"axis":"x","origin":[8.773137,10.644683,7.714286]},"faces":{"east":{"uv":[6.5,8.3125,6.5,8.8125],"rotation":0,"texture":"#0","tintindex":0},"south":{"uv":[4.5,6.0,4.875,6.5],"rotation":0,"texture":"#0","tintindex":0},"north":{"uv":[2.0,6.0,2.375,6.5],"rotation":0,"texture":"#0","tintindex":0},"west":{"uv":[6.5625,8.3125,6.5625,8.8125],"rotation":0,"texture":"#0","tintindex":0},"up":{"uv":[5.875,0.8125,5.5,0.8125],"rotation":0,"texture":"#0","tintindex":0},"down":{"uv":[6.75,2.8125,6.375,2.8125],"rotation":0,"texture":"#0","tintindex":0}}},{"from":[4.7960835,9.965708,7.285714],"to":[7.6532264,11.108565,8.428572],"rotation":{"angle":0.0,"axis":"y","origin":[6.7960835,10.537136,7.857143]},"faces":{"east":{"uv":[2.625,6.875,2.75,7.0],"rotation":0,"texture":"#0","tintindex":0},"south":{"uv":[7.8125,0.5625,8.125,0.6875],"rotation":0,"texture":"#0","tintindex":0},"north":{"uv":[7.625,2.3125,7.9375,2.4375],"rotation":0,"texture":"#0","tintindex":0},"west":{"uv":[8.1875,0.5625,8.3125,0.6875],"rotation":0,"texture":"#0","tintindex":0},"up":{"uv":[8.125,3.5625,7.8125,3.4375],"rotation":0,"texture":"#0","tintindex":0},"down":{"uv":[8.1875,2.9375,7.875,3.0625],"rotation":0,"texture":"#0","tintindex":0}}},{"from":[4.425166,10.687577,7.428571],"to":[5.568023,14.116149,8.571428],"rotation":{"angle":22.5,"axis":"z","origin":[6.425166,11.2590065,8.0]},"faces":{"east":{"uv":[2.875,7.6875,3.0,8.0625],"rotation":0,"texture":"#0","tintindex":0},"south":{"uv":[3.4375,7.6875,3.5625,8.0625],"rotation":0,"texture":"#0","tintindex":0},"north":{"uv":[7.6875,2.6875,7.8125,3.0625],"rotation":0,"texture":"#0","tintindex":0},"west":{"uv":[3.625,7.6875,3.75,8.0625],"rotation":0,"texture":"#0","tintindex":0},"up":{"uv":[8.375,3.0625,8.25,2.9375],"rotation":0,"texture":"#0","tintindex":0},"down":{"uv":[8.375,3.8125,8.25,3.9375],"rotation":0,"texture":"#0","tintindex":0}}},{"from":[-1.2891197,10.687577,7.428571],"to":[4.9965944,18.11615,7.428571],"rotation":{"angle":22.5,"axis":"y","origin":[6.425166,11.2590065,8.0]},"faces":{"east":{"uv":[7.4375,8.3125,7.4375,9.125],"rotation":0,"texture":"#0","tintindex":0},"south":{"uv":[1.875,4.6875,2.5625,5.5],"rotation":0,"texture":"#0","tintindex":0},"north":{"uv":[1.125,4.6875,1.8125,5.5],"rotation":0,"texture":"#0","tintindex":0},"west":{"uv":[7.5,8.3125,7.5,9.125],"rotation":0,"texture":"#0","tintindex":0},"up":{"uv":[8.875,5.625,8.1875,5.625],"rotation":0,"texture":"#0","tintindex":0},"down":{"uv":[8.875,6.6875,8.1875,6.6875],"rotation":0,"texture":"#0","tintindex":0}}},{"from":[3.5504608,12.32443,7.5714283],"to":[4.6933184,15.181574,8.714286],"rotation":{"angle":-22.5,"axis":"z","origin":[5.550461,12.89586,8.142858]},"faces":{"east":{"uv":[7.9375,1.75,8.0625,2.0625],"rotation":0,"texture":"#0","tintindex":0},"south":{"uv":[7.9375,5.6875,8.0625,6.0],"rotation":0,"texture":"#0","tintindex":0},"north":{"uv":[6.1875,6.625,6.3125,6.9375],"rotation":0,"texture":"#0","tintindex":0},"west":{"uv":[7.9375,6.0625,8.0625,6.375],"rotation":0,"texture":"#0","tintindex":0},"up":{"uv":[8.375,4.125,8.25,4.0],"rotation":0,"texture":"#0","tintindex":0},"down":{"uv":[8.375,4.4375,8.25,4.5625],"rotation":0,"texture":"#0","tintindex":0}}},{"from":[4.1218896,14.610146,7.714286],"to":[5.2647467,16.324432,8.857143],"rotation":{"angle":-22.5,"axis":"z","origin":[5.550461,12.89586,8.285714]},"faces":{"east":{"uv":[8.125,8.125,8.25,8.3125],"rotation":0,"texture":"#0","tintindex":0},"south":{"uv":[0.0,8.1875,0.125,8.375],"rotation":0,"texture":"#0","tintindex":0},"north":{"uv":[3.625,8.125,3.75,8.3125],"rotation":0,"texture":"#0","tintindex":0},"west":{"uv":[0.9375,8.1875,1.0625,8.375],"rotation":0,"texture":"#0","tintindex":0},"up":{"uv":[8.4375,3.25,8.3125,3.125],"rotation":0,"texture":"#0","tintindex":0},"down":{"uv":[4.3125,8.3125,4.1875,8.4375],"rotation":0,"texture":"#0","tintindex":0}}},{"from":[6.857143,15.428572,8.142858],"to":[7.428571,18.285715,8.714286],"rotation":{"angle":22.5,"axis":"z","origin":[5.142857,13.714286,8.0]},"faces":{"east":{"uv":[0.1875,7.75,0.25,8.0625],"rotation":0,"texture":"#0","tintindex":0},"south":{"uv":[6.625,8.0625,6.6875,8.375],"rotation":0,"texture":"#0","tintindex":0},"north":{"uv":[5.8125,6.25,5.875,6.5625],"rotation":0,"texture":"#0","tintindex":0},"west":{"uv":[7.5625,8.0625,7.625,8.375],"rotation":0,"texture":"#0","tintindex":0},"up":{"uv":[5.875,5.625,5.8125,5.5625],"rotation":0,"texture":"#0","tintindex":0},"down":{"uv":[4.5625,5.875,4.5,5.9375],"rotation":0,"texture":"#0","tintindex":0}}},{"from":[5.714286,14.857143,8.428572],"to":[10.857143,23.428572,8.428572],"rotation":{"angle":22.5,"axis":"z","origin":[5.142857,13.714286,8.0]},"faces":{"east":{"uv":[8.0625,8.3125,8.0625,9.25],"rotation":0,"texture":"#0","tintindex":0},"south":{"uv":[4.75,0.875,5.3125,1.8125],"rotation":0,"texture":"#0","tintindex":0},"north":{"uv":[3.375,4.6875,3.9375,5.625],"rotation":0,"texture":"#0","tintindex":0},"west":{"uv":[1.5,8.375,1.5,9.3125],"rotation":0,"texture":"#0","tintindex":0},"up":{"uv":[8.75,6.75,8.1875,6.75],"rotation":0,"texture":"#0","tintindex":0},"down":{"uv":[8.875,4.375,8.3125,4.375],"rotation":0,"texture":"#0","tintindex":0}}}],"textures":{"0":"modelengine:entity/fall_dragon"},"display":{"head":{"translation":[0.0,-6.4,0.0],"scale":[4.0,4.0,4.0]}}}