{"elements":[{"from":[7.2974844,7.5477176,6.857143],"to":[9.01177,10.976289,8.571428],"rotation":{"angle":-22.5,"axis":"z","origin":[8.154628,8.4048605,7.714286]},"faces":{"east":{"uv":[3.4375,7.0625,3.25,7.4375],"rotation":0,"texture":"#0","tintindex":0},"south":{"uv":[2.1875,7.0625,2.0,7.4375],"rotation":0,"texture":"#0","tintindex":0},"north":{"uv":[6.5625,7.0,6.375,7.375],"rotation":0,"texture":"#0","tintindex":0},"west":{"uv":[0.9375,7.0625,0.75,7.4375],"rotation":0,"texture":"#0","tintindex":0},"up":{"uv":[6.125,8.25,6.3125,8.0625],"rotation":0,"texture":"#0","tintindex":0},"down":{"uv":[6.375,8.0625,6.5625,8.25],"rotation":0,"texture":"#0","tintindex":0}}},{"from":[6.9411483,9.7875395,7.714286],"to":[10.36972,14.358969,7.714286],"rotation":{"angle":22.5,"axis":"x","origin":[7.226863,10.644683,7.714286]},"faces":{"east":{"uv":[6.5625,8.3125,6.5625,8.8125],"rotation":0,"texture":"#0","tintindex":0},"south":{"uv":[4.875,6.0,4.5,6.5],"rotation":0,"texture":"#0","tintindex":0},"north":{"uv":[2.375,6.0,2.0,6.5],"rotation":0,"texture":"#0","tintindex":0},"west":{"uv":[6.5,8.3125,6.5,8.8125],"rotation":0,"texture":"#0","tintindex":0},"up":{"uv":[5.5,0.8125,5.875,0.8125],"rotation":0,"texture":"#0","tintindex":0},"down":{"uv":[6.375,2.8125,6.75,2.8125],"rotation":0,"texture":"#0","tintindex":0}}},{"from":[8.346774,9.965708,7.285714],"to":[11.203917,11.108565,8.428572],"rotation":{"angle":0.0,"axis":"y","origin":[9.203917,10.537136,7.857143]},"faces":{"east":{"uv":[8.3125,0.5625,8.1875,0.6875],"rotation":0,"texture":"#0","tintindex":0},"south":{"uv":[8.125,0.5625,7.8125,0.6875],"rotation":0,"texture":"#0","tintindex":0},"north":{"uv":[7.9375,2.3125,7.625,2.4375],"rotation":0,"texture":"#0","tintindex":0},"west":{"uv":[2.75,6.875,2.625,7.0],"rotation":0,"texture":"#0","tintindex":0},"up":{"uv":[7.8125,3.5625,8.125,3.4375],"rotation":0,"texture":"#0","tintindex":0},"down":{"uv":[7.875,2.9375,8.1875,3.0625],"rotation":0,"texture":"#0","tintindex":0}}},{"from":[10.431976,10.687577,7.428571],"to":[11.574834,14.116149,8.571428],"rotation":{"angle":-22.5,"axis":"z","origin":[9.574834,11.2590065,8.0]},"faces":{"east":{"uv":[3.75,7.6875,3.625,8.0625],"rotation":0,"texture":"#0","tintindex":0},"south":{"uv":[3.5625,7.6875,3.4375,8.0625],"rotation":0,"texture":"#0","tintindex":0},"north":{"uv":[7.8125,2.6875,7.6875,3.0625],"rotation":0,"texture":"#0","tintindex":0},"west":{"uv":[3.0,7.6875,2.875,8.0625],"rotation":0,"texture":"#0","tintindex":0},"up":{"uv":[8.25,3.0625,8.375,2.9375],"rotation":0,"texture":"#0","tintindex":0},"down":{"uv":[8.25,3.8125,8.375,3.9375],"rotation":0,"texture":"#0","tintindex":0}}},{"from":[11.003406,10.687577,7.428571],"to":[17.28912,18.11615,7.428571],"rotation":{"angle":-22.5,"axis":"y","origin":[9.574834,11.2590065,8.0]},"faces":{"east":{"uv":[7.5,8.3125,7.5,9.125],"rotation":0,"texture":"#0","tintindex":0},"south":{"uv":[2.5625,4.6875,1.875,5.5],"rotation":0,"texture":"#0","tintindex":0},"north":{"uv":[1.8125,4.6875,1.125,5.5],"rotation":0,"texture":"#0","tintindex":0},"west":{"uv":[7.4375,8.3125,7.4375,9.125],"rotation":0,"texture":"#0","tintindex":0},"up":{"uv":[8.1875,5.625,8.875,5.625],"rotation":0,"texture":"#0","tintindex":0},"down":{"uv":[8.1875,6.6875,8.875,6.6875],"rotation":0,"texture":"#0","tintindex":0}}},{"from":[11.306682,12.32443,7.5714283],"to":[12.449539,15.181574,8.714286],"rotation":{"angle":22.5,"axis":"z","origin":[10.449539,12.89586,8.142858]},"faces":{"east":{"uv":[8.0625,6.0625,7.9375,6.375],"rotation":0,"texture":"#0","tintindex":0},"south":{"uv":[8.0625,5.6875,7.9375,6.0],"rotation":0,"texture":"#0","tintindex":0},"north":{"uv":[6.3125,6.625,6.1875,6.9375],"rotation":0,"texture":"#0","tintindex":0},"west":{"uv":[8.0625,1.75,7.9375,2.0625],"rotation":0,"texture":"#0","tintindex":0},"up":{"uv":[8.25,4.125,8.375,4.0],"rotation":0,"texture":"#0","tintindex":0},"down":{"uv":[8.25,4.4375,8.375,4.5625],"rotation":0,"texture":"#0","tintindex":0}}},{"from":[10.735253,14.610146,7.714286],"to":[11.878111,16.324432,8.857143],"rotation":{"angle":22.5,"axis":"z","origin":[10.449539,12.89586,8.285714]},"faces":{"east":{"uv":[1.0625,8.1875,0.9375,8.375],"rotation":0,"texture":"#0","tintindex":0},"south":{"uv":[0.125,8.1875,0.0,8.375],"rotation":0,"texture":"#0","tintindex":0},"north":{"uv":[3.75,8.125,3.625,8.3125],"rotation":0,"texture":"#0","tintindex":0},"west":{"uv":[8.25,8.125,8.125,8.3125],"rotation":0,"texture":"#0","tintindex":0},"up":{"uv":[8.3125,3.25,8.4375,3.125],"rotation":0,"texture":"#0","tintindex":0},"down":{"uv":[4.1875,8.3125,4.3125,8.4375],"rotation":0,"texture":"#0","tintindex":0}}},{"from":[8.571428,15.428572,8.142858],"to":[9.142858,18.285715,8.714286],"rotation":{"angle":-22.5,"axis":"z","origin":[10.857143,13.714286,8.0]},"faces":{"east":{"uv":[7.625,8.0625,7.5625,8.375],"rotation":0,"texture":"#0","tintindex":0},"south":{"uv":[6.6875,8.0625,6.625,8.375],"rotation":0,"texture":"#0","tintindex":0},"north":{"uv":[5.875,6.25,5.8125,6.5625],"rotation":0,"texture":"#0","tintindex":0},"west":{"uv":[0.25,7.75,0.1875,8.0625],"rotation":0,"texture":"#0","tintindex":0},"up":{"uv":[5.8125,5.625,5.875,5.5625],"rotation":0,"texture":"#0","tintindex":0},"down":{"uv":[4.5,5.875,4.5625,5.9375],"rotation":0,"texture":"#0","tintindex":0}}},{"from":[5.142857,14.857143,8.428572],"to":[10.285714,23.428572,8.428572],"rotation":{"angle":-22.5,"axis":"z","origin":[10.857143,13.714286,8.0]},"faces":{"east":{"uv":[1.5,8.375,1.5,9.3125],"rotation":0,"texture":"#0","tintindex":0},"south":{"uv":[5.3125,0.875,4.75,1.8125],"rotation":0,"texture":"#0","tintindex":0},"north":{"uv":[3.9375,4.6875,3.375,5.625],"rotation":0,"texture":"#0","tintindex":0},"west":{"uv":[8.0625,8.3125,8.0625,9.25],"rotation":0,"texture":"#0","tintindex":0},"up":{"uv":[8.1875,6.75,8.75,6.75],"rotation":0,"texture":"#0","tintindex":0},"down":{"uv":[8.3125,4.375,8.875,4.375],"rotation":0,"texture":"#0","tintindex":0}}}],"textures":{"0":"modelengine:entity/fall_dragon"},"display":{"head":{"translation":[0.0,-6.4,0.0],"scale":[4.0,4.0,4.0]}}}