{"elements":[{"from":[6.857143,4.0,6.285714],"to":[9.142858,6.285714,8.571428],"rotation":{"angle":0.0,"axis":"y","origin":[7.142857,3.7142854,8.571428]},"faces":{"east":{"uv":[7.3125,5.1875,7.5625,5.4375],"rotation":0,"texture":"#0","tintindex":0},"south":{"uv":[5.375,7.3125,5.625,7.5625],"rotation":0,"texture":"#0","tintindex":0},"north":{"uv":[7.3125,2.1875,7.5625,2.4375],"rotation":0,"texture":"#0","tintindex":0},"west":{"uv":[7.3125,7.25,7.5625,7.5],"rotation":0,"texture":"#0","tintindex":0},"up":{"uv":[7.625,2.0625,7.375,1.8125],"rotation":0,"texture":"#0","tintindex":0},"down":{"uv":[7.625,3.0,7.375,3.25],"rotation":0,"texture":"#0","tintindex":0}}},{"from":[6.857143,6.285714,5.428571],"to":[9.142858,10.285714,9.428572],"rotation":{"angle":0.0,"axis":"y","origin":[7.142857,4.0,8.571428]},"faces":{"east":{"uv":[5.9375,5.5625,6.375,6.0],"rotation":0,"texture":"#0","tintindex":0},"south":{"uv":[1.6875,6.375,1.9375,6.8125],"rotation":0,"texture":"#0","tintindex":0},"north":{"uv":[3.6875,6.25,3.9375,6.6875],"rotation":0,"texture":"#0","tintindex":0},"west":{"uv":[6.0,0.5,6.4375,0.9375],"rotation":0,"texture":"#0","tintindex":0},"up":{"uv":[6.6875,6.0,6.4375,5.5625],"rotation":0,"texture":"#0","tintindex":0},"down":{"uv":[6.75,0.4375,6.5,0.875],"rotation":0,"texture":"#0","tintindex":0}}}],"textures":{"0":"modelengine:entity/fall_dragon"},"display":{"head":{"translation":[0.0,-6.4,0.0],"scale":[4.0,4.0,4.0]}}}