{"elements":[{"from":[7.142857,4.8571424,6.857143],"to":[8.857143,8.857143,9.142858],"rotation":{"angle":0.0,"axis":"y","origin":[8.857143,3.7142854,8.571428]},"faces":{"east":{"uv":[6.75,1.4375,6.5,1.875],"rotation":0,"texture":"#0","tintindex":0},"south":{"uv":[5.3125,6.5625,5.125,7.0],"rotation":0,"texture":"#0","tintindex":0},"north":{"uv":[3.625,6.5625,3.4375,7.0],"rotation":0,"texture":"#0","tintindex":0},"west":{"uv":[6.75,0.9375,6.5,1.375],"rotation":0,"texture":"#0","tintindex":0},"up":{"uv":[7.6875,2.0,7.875,1.75],"rotation":0,"texture":"#0","tintindex":0},"down":{"uv":[5.75,7.6875,5.9375,7.9375],"rotation":0,"texture":"#0","tintindex":0}}},{"from":[6.857143,7.428571,6.5714283],"to":[9.142858,9.714286,9.428572],"rotation":{"angle":0.0,"axis":"y","origin":[8.857143,4.0,8.571428]},"faces":{"east":{"uv":[0.6875,6.875,0.375,7.125],"rotation":0,"texture":"#0","tintindex":0},"south":{"uv":[0.25,7.4375,0.0,7.6875],"rotation":0,"texture":"#0","tintindex":0},"north":{"uv":[6.25,7.375,6.0,7.625],"rotation":0,"texture":"#0","tintindex":0},"west":{"uv":[7.125,1.5625,6.8125,1.8125],"rotation":0,"texture":"#0","tintindex":0},"up":{"uv":[1.6875,7.1875,1.9375,6.875],"rotation":0,"texture":"#0","tintindex":0},"down":{"uv":[2.3125,6.875,2.5625,7.1875],"rotation":0,"texture":"#0","tintindex":0}}}],"textures":{"0":"modelengine:entity/fall_dragon"},"display":{"head":{"translation":[0.0,-6.4,0.0],"scale":[4.0,4.0,4.0]}}}