{"elements":[{"from":[6.5714283,6.5714283,6.857143],"to":[9.428572,9.428572,16.57143],"rotation":{"angle":0.0,"axis":"y","origin":[8.0,7.142857,13.142858]},"faces":{"east":{"uv":[4.75,2.875,5.8125,3.1875],"rotation":0,"texture":"#0","tintindex":0},"south":{"uv":[0.8125,6.6875,1.125,7.0],"rotation":0,"texture":"#0","tintindex":0},"north":{"uv":[5.8125,6.625,6.125,6.9375],"rotation":0,"texture":"#0","tintindex":0},"west":{"uv":[4.75,3.25,5.8125,3.5625],"rotation":0,"texture":"#0","tintindex":0},"up":{"uv":[4.9375,5.9375,4.625,4.875],"rotation":0,"texture":"#0","tintindex":0},"down":{"uv":[5.3125,4.875,5.0,5.9375],"rotation":0,"texture":"#0","tintindex":0}}},{"from":[8.0,9.428572,8.0],"to":[8.0,12.285715,16.57143],"rotation":{"angle":0.0,"axis":"y","origin":[8.0,7.142857,13.142858]},"faces":{"east":{"uv":[5.375,2.125,6.3125,2.4375],"rotation":0,"texture":"#0","tintindex":0},"south":{"uv":[5.5625,8.375,5.5625,8.6875],"rotation":0,"texture":"#0","tintindex":0},"north":{"uv":[5.5,8.375,5.5,8.6875],"rotation":0,"texture":"#0","tintindex":0},"west":{"uv":[5.375,2.5,6.3125,2.8125],"rotation":0,"texture":"#0","tintindex":0},"up":{"uv":[5.75,9.3125,5.75,8.375],"rotation":0,"texture":"#0","tintindex":0},"down":{"uv":[5.8125,8.375,5.8125,9.3125],"rotation":0,"texture":"#0","tintindex":0}}}],"textures":{"0":"modelengine:entity/fall_dragon"},"display":{"head":{"translation":[0.0,-6.4,0.0],"scale":[4.0,4.0,4.0]}}}