{"elements":[{"from":[7.142857,7.142857,6.857143],"to":[8.857143,8.857143,17.142857],"rotation":{"angle":0.0,"axis":"y","origin":[8.0,7.142857,13.142858]},"faces":{"east":{"uv":[5.8125,5.3125,6.9375,5.5],"rotation":0,"texture":"#0","tintindex":0},"south":{"uv":[0.1875,8.125,0.375,8.3125],"rotation":0,"texture":"#0","tintindex":0},"north":{"uv":[7.3125,8.0625,7.5,8.25],"rotation":0,"texture":"#0","tintindex":0},"west":{"uv":[5.875,2.875,7.0,3.0625],"rotation":0,"texture":"#0","tintindex":0},"up":{"uv":[4.1875,7.0,4.0,5.875],"rotation":0,"texture":"#0","tintindex":0},"down":{"uv":[4.4375,5.875,4.25,7.0],"rotation":0,"texture":"#0","tintindex":0}}},{"from":[8.0,8.857143,8.0],"to":[8.0,11.142858,17.142857],"rotation":{"angle":0.0,"axis":"y","origin":[8.0,7.142857,13.142858]},"faces":{"east":{"uv":[5.8125,4.1875,6.8125,4.4375],"rotation":0,"texture":"#0","tintindex":0},"south":{"uv":[3.3125,7.8125,3.3125,8.0625],"rotation":0,"texture":"#0","tintindex":0},"north":{"uv":[0.6875,7.1875,0.6875,7.4375],"rotation":0,"texture":"#0","tintindex":0},"west":{"uv":[5.8125,4.5,6.8125,4.75],"rotation":0,"texture":"#0","tintindex":0},"up":{"uv":[5.875,9.375,5.875,8.375],"rotation":0,"texture":"#0","tintindex":0},"down":{"uv":[5.9375,8.375,5.9375,9.375],"rotation":0,"texture":"#0","tintindex":0}}}],"textures":{"0":"modelengine:entity/fall_dragon"},"display":{"head":{"translation":[0.0,-6.4,0.0],"scale":[4.0,4.0,4.0]}}}