{"elements":[{"from":[8.285714,5.142857,7.142857],"to":[9.428572,8.571428,8.857143],"rotation":{"angle":0.0,"axis":"y","origin":[8.0,2.2857141,8.571428]},"faces":{"east":{"uv":[4.0,7.0625,4.1875,7.4375],"rotation":0,"texture":"#0","tintindex":0},"south":{"uv":[5.5625,7.6875,5.6875,8.0625],"rotation":0,"texture":"#0","tintindex":0},"north":{"uv":[7.6875,5.4375,7.8125,5.8125],"rotation":0,"texture":"#0","tintindex":0},"west":{"uv":[4.25,7.0625,4.4375,7.4375],"rotation":0,"texture":"#0","tintindex":0},"up":{"uv":[1.25,8.375,1.125,8.1875],"rotation":0,"texture":"#0","tintindex":0},"down":{"uv":[1.6875,8.1875,1.5625,8.375],"rotation":0,"texture":"#0","tintindex":0}}}],"textures":{"0":"modelengine:entity/fall_dragon"},"display":{"head":{"translation":[0.0,-6.4,0.0],"scale":[4.0,4.0,4.0]}}}