{"elements":[{"from":[6.285714,3.4285712,7.1571426],"to":[8.0,5.714286,8.857143],"rotation":{"angle":0.0,"axis":"y","origin":[8.0,0.5714283,8.571428]},"faces":{"east":{"uv":[7.875,6.8125,7.6875,7.0625],"rotation":0,"texture":"#0","tintindex":0},"south":{"uv":[7.875,6.1875,7.6875,6.4375],"rotation":0,"texture":"#0","tintindex":0},"north":{"uv":[7.875,5.875,7.6875,6.125],"rotation":0,"texture":"#0","tintindex":0},"west":{"uv":[6.1875,7.6875,6.0,7.9375],"rotation":0,"texture":"#0","tintindex":0},"up":{"uv":[0.4375,8.3125,0.625,8.125],"rotation":0,"texture":"#0","tintindex":0},"down":{"uv":[0.6875,8.125,0.875,8.3125],"rotation":0,"texture":"#0","tintindex":0}}},{"from":[6.0,5.714286,6.5714283],"to":[8.285714,8.0,9.428572],"rotation":{"angle":0.0,"axis":"y","origin":[8.0,2.8571424,8.571428]},"faces":{"east":{"uv":[7.125,0.875,6.8125,1.125],"rotation":0,"texture":"#0","tintindex":0},"south":{"uv":[5.9375,7.375,5.6875,7.625],"rotation":0,"texture":"#0","tintindex":0},"north":{"uv":[3.75,7.375,3.5,7.625],"rotation":0,"texture":"#0","tintindex":0},"west":{"uv":[7.125,0.5625,6.8125,0.8125],"rotation":0,"texture":"#0","tintindex":0},"up":{"uv":[3.6875,7.0625,3.9375,6.75],"rotation":0,"texture":"#0","tintindex":0},"down":{"uv":[6.8125,1.1875,7.0625,1.5],"rotation":0,"texture":"#0","tintindex":0}}},{"from":[7.714286,6.285714,8.857143],"to":[7.714286,9.714286,11.714286],"rotation":{"angle":0.0,"axis":"y","origin":[8.0,2.8571424,8.571428]},"faces":{"east":{"uv":[6.75,0.0,6.4375,0.375],"rotation":0,"texture":"#0","tintindex":0},"south":{"uv":[5.375,8.375,5.375,8.75],"rotation":0,"texture":"#0","tintindex":0},"north":{"uv":[5.3125,8.375,5.3125,8.75],"rotation":0,"texture":"#0","tintindex":0},"west":{"uv":[6.6875,6.0625,6.375,6.4375],"rotation":0,"texture":"#0","tintindex":0},"up":{"uv":[3.9375,7.4375,3.9375,7.125],"rotation":0,"texture":"#0","tintindex":0},"down":{"uv":[5.4375,8.375,5.4375,8.6875],"rotation":0,"texture":"#0","tintindex":0}}}],"textures":{"0":"modelengine:entity/fall_dragon"},"display":{"head":{"translation":[0.0,-6.4,0.0],"scale":[4.0,4.0,4.0]}}}