{"elements":[{"from":[8.0,7.428571,8.0],"to":[13.142858,8.571428,10.285714],"rotation":{"angle":0.0,"axis":"y","origin":[-0.57142925,-1.1428576,8.857143]},"faces":{"east":{"uv":[8.375,6.8125,8.125,6.9375],"rotation":0,"texture":"#0","tintindex":0},"south":{"uv":[7.75,0.5625,7.1875,0.6875],"rotation":0,"texture":"#0","tintindex":0},"north":{"uv":[7.6875,1.375,7.125,1.5],"rotation":0,"texture":"#0","tintindex":0},"west":{"uv":[8.375,6.25,8.125,6.375],"rotation":0,"texture":"#0","tintindex":0},"up":{"uv":[1.0625,6.625,1.625,6.375],"rotation":0,"texture":"#0","tintindex":0},"down":{"uv":[6.375,2.0,6.9375,2.25],"rotation":0,"texture":"#0","tintindex":0}}},{"from":[13.142858,7.428571,8.0],"to":[19.428572,8.571428,9.142858],"rotation":{"angle":0.0,"axis":"y","origin":[-0.57142925,-1.1428576,8.857143]},"faces":{"east":{"uv":[8.4375,8.3125,8.3125,8.4375],"rotation":0,"texture":"#0","tintindex":0},"south":{"uv":[7.0625,3.9375,6.375,4.0625],"rotation":0,"texture":"#0","tintindex":0},"north":{"uv":[7.0625,2.625,6.375,2.75],"rotation":0,"texture":"#0","tintindex":0},"west":{"uv":[8.4375,8.125,8.3125,8.25],"rotation":0,"texture":"#0","tintindex":0},"up":{"uv":[6.6875,6.625,7.375,6.5],"rotation":0,"texture":"#0","tintindex":0},"down":{"uv":[6.6875,6.6875,7.375,6.8125],"rotation":0,"texture":"#0","tintindex":0}}},{"from":[8.0,8.0,8.285714],"to":[29.142859,8.0,24.857143],"rotation":{"angle":0.0,"axis":"y","origin":[-0.57142925,8.0,8.857143]},"faces":{"east":{"uv":[10.1875,5.5,8.375,5.5],"rotation":0,"texture":"#0","tintindex":0},"south":{"uv":[10.6875,5.4375,8.375,5.4375],"rotation":0,"texture":"#0","tintindex":0},"north":{"uv":[10.6875,5.0,8.375,5.0],"rotation":0,"texture":"#0","tintindex":0},"west":{"uv":[10.1875,5.375,8.375,5.375],"rotation":0,"texture":"#0","tintindex":0},"up":{"uv":[0.0,1.8125,2.3125,0.0],"rotation":0,"texture":"#0","tintindex":0},"down":{"uv":[0.0,1.875,2.3125,3.6875],"rotation":0,"texture":"#0","tintindex":0}}}],"textures":{"0":"modelengine:entity/fall_dragon"},"display":{"head":{"translation":[0.0,-6.4,0.0],"scale":[4.0,4.0,4.0]}}}