{"elements":[{"from":[2.8571424,7.428571,8.0],"to":[8.0,8.571428,10.285714],"rotation":{"angle":0.0,"axis":"y","origin":[16.57143,-1.1428576,8.857143]},"faces":{"east":{"uv":[8.125,6.25,8.375,6.375],"rotation":0,"texture":"#0","tintindex":0},"south":{"uv":[7.1875,0.5625,7.75,0.6875],"rotation":0,"texture":"#0","tintindex":0},"north":{"uv":[7.125,1.375,7.6875,1.5],"rotation":0,"texture":"#0","tintindex":0},"west":{"uv":[8.125,6.8125,8.375,6.9375],"rotation":0,"texture":"#0","tintindex":0},"up":{"uv":[1.625,6.625,1.0625,6.375],"rotation":0,"texture":"#0","tintindex":0},"down":{"uv":[6.9375,2.0,6.375,2.25],"rotation":0,"texture":"#0","tintindex":0}}},{"from":[-3.4285717,7.428571,8.0],"to":[2.8571424,8.571428,9.142858],"rotation":{"angle":0.0,"axis":"y","origin":[16.57143,-1.1428576,8.857143]},"faces":{"east":{"uv":[8.3125,8.125,8.4375,8.25],"rotation":0,"texture":"#0","tintindex":0},"south":{"uv":[6.375,3.9375,7.0625,4.0625],"rotation":0,"texture":"#0","tintindex":0},"north":{"uv":[6.375,2.625,7.0625,2.75],"rotation":0,"texture":"#0","tintindex":0},"west":{"uv":[8.3125,8.3125,8.4375,8.4375],"rotation":0,"texture":"#0","tintindex":0},"up":{"uv":[7.375,6.625,6.6875,6.5],"rotation":0,"texture":"#0","tintindex":0},"down":{"uv":[7.375,6.6875,6.6875,6.8125],"rotation":0,"texture":"#0","tintindex":0}}},{"from":[-13.1428585,8.0,8.285714],"to":[8.0,8.0,24.857143],"rotation":{"angle":0.0,"axis":"y","origin":[16.57143,8.0,8.857143]},"faces":{"east":{"uv":[8.375,5.375,10.1875,5.375],"rotation":0,"texture":"#0","tintindex":0},"south":{"uv":[8.375,5.4375,10.6875,5.4375],"rotation":0,"texture":"#0","tintindex":0},"north":{"uv":[8.375,5.0,10.6875,5.0],"rotation":0,"texture":"#0","tintindex":0},"west":{"uv":[8.375,5.5,10.1875,5.5],"rotation":0,"texture":"#0","tintindex":0},"up":{"uv":[2.3125,1.8125,0.0,0.0],"rotation":0,"texture":"#0","tintindex":0},"down":{"uv":[2.3125,1.875,0.0,3.6875],"rotation":0,"texture":"#0","tintindex":0}}}],"textures":{"0":"modelengine:entity/fall_dragon"},"display":{"head":{"translation":[0.0,-6.4,0.0],"scale":[4.0,4.0,4.0]}}}