{"elements":[{"from":[3.7142854,3.912794,-2.4463797],"to":[11.714286,11.912794,11.839335],"rotation":{"angle":0.0,"axis":"y","origin":[8.0,6.484223,6.696478]},"faces":{"east":{"uv":[0.0,5.375,1.5625,6.25],"rotation":0,"texture":"#0","tintindex":0},"south":{"uv":[0.0,7.375,0.875,8.25],"rotation":0,"texture":"#0","tintindex":0},"north":{"uv":[2.125,7.3125,3.0,8.1875],"rotation":0,"texture":"#0","tintindex":0},"west":{"uv":[1.5625,5.375,3.125,6.25],"rotation":0,"texture":"#0","tintindex":0},"up":{"uv":[6.4375,5.3125,5.5625,3.75],"rotation":0,"texture":"#0","tintindex":0},"down":{"uv":[6.4375,5.3125,5.5625,6.875],"rotation":0,"texture":"#0","tintindex":0}}},{"from":[7.714286,11.912794,-4.1606655],"to":[7.714286,15.341366,11.839335],"rotation":{"angle":0.0,"axis":"y","origin":[8.0,6.484223,6.696478]},"faces":{"east":{"uv":[9.1875,3.3125,7.4375,3.6875],"rotation":0,"texture":"#0","tintindex":0},"south":{"uv":[0.0,0.0,0.0,0.375],"rotation":0,"texture":"#0","tintindex":0},"north":{"uv":[0.0,0.0,0.0,0.375],"rotation":0,"texture":"#0","tintindex":0},"west":{"uv":[7.4375,3.3125,9.1875,3.6875],"rotation":0,"texture":"#0","tintindex":0},"up":{"uv":[0.0,1.75,0.0,0.0],"rotation":0,"texture":"#0","tintindex":0},"down":{"uv":[0.0,0.0,0.0,1.75],"rotation":0,"texture":"#0","tintindex":0}}},{"from":[3.142857,3.4798656,-11.205158],"to":[12.857143,14.337009,-0.91944313],"rotation":{"angle":22.5,"axis":"x","origin":[7.714286,6.9084373,-5.7765856]},"faces":{"east":{"uv":[5.875,0.0,7.0,1.1875],"rotation":0,"texture":"#0","tintindex":0},"south":{"uv":[4.1875,6.0625,5.25,7.25],"rotation":0,"texture":"#0","tintindex":0},"north":{"uv":[5.875,2.375,6.9375,3.5625],"rotation":0,"texture":"#0","tintindex":0},"west":{"uv":[5.875,1.1875,7.0,2.375],"rotation":0,"texture":"#0","tintindex":0},"up":{"uv":[1.0625,7.375,0.0,6.25],"rotation":0,"texture":"#0","tintindex":0},"down":{"uv":[2.125,6.25,1.0625,7.375],"rotation":0,"texture":"#0","tintindex":0}}},{"from":[3.142857,4.0,-12.857143],"to":[12.857143,4.0,-7.714287],"rotation":{"angle":45.0,"axis":"x","origin":[8.0,4.0,-10.285715]},"faces":{"east":{"uv":[0.0,0.0,0.5625,0.0],"rotation":0,"texture":"#0","tintindex":0},"south":{"uv":[0.0,0.0,1.0625,0.0],"rotation":0,"texture":"#0","tintindex":0},"north":{"uv":[0.0,0.0,1.0625,0.0],"rotation":0,"texture":"#0","tintindex":0},"west":{"uv":[0.0,0.0,0.5625,0.0],"rotation":0,"texture":"#0","tintindex":0},"up":{"uv":[7.25,8.3125,6.1875,7.75],"rotation":0,"texture":"#0","tintindex":0},"down":{"uv":[8.875,0.9375,7.8125,1.5],"rotation":0,"texture":"#0","tintindex":0}}}],"textures":{"0":"modelengine:entity/lr_gryffin"},"display":{"head":{"translation":[0.0,-6.4,0.0],"scale":[4.0,4.0,4.0]}}}