{"elements":[{"from":[5.142857,2.2857141,4.0],"to":[9.714286,10.857143,12.0],"rotation":{"angle":0.0,"axis":"y","origin":[12.571428,-1.7142859,0.5714283]},"faces":{"east":{"uv":[6.9375,2.375,7.8125,3.3125],"rotation":0,"texture":"#0","tintindex":0},"south":{"uv":[3.0,8.25,3.5,9.1875],"rotation":0,"texture":"#0","tintindex":0},"north":{"uv":[2.5,8.1875,3.0,9.125],"rotation":0,"texture":"#0","tintindex":0},"west":{"uv":[7.0,0.0,7.875,0.9375],"rotation":0,"texture":"#0","tintindex":0},"up":{"uv":[5.0,9.125,4.5,8.25],"rotation":0,"texture":"#0","tintindex":0},"down":{"uv":[6.5,8.3125,6.0,9.1875],"rotation":0,"texture":"#0","tintindex":0}}},{"from":[5.714286,1.1428566,8.0],"to":[9.142858,5.142857,13.714286],"rotation":{"angle":0.0,"axis":"y","origin":[12.571428,-1.7142859,0.5714283]},"faces":{"east":{"uv":[1.875,8.9375,2.5,9.375],"rotation":0,"texture":"#0","tintindex":0},"south":{"uv":[9.25,0.0,9.625,0.4375],"rotation":0,"texture":"#0","tintindex":0},"north":{"uv":[9.0,9.1875,9.375,9.625],"rotation":0,"texture":"#0","tintindex":0},"west":{"uv":[8.9375,2.1875,9.5625,2.625],"rotation":0,"texture":"#0","tintindex":0},"up":{"uv":[5.9375,9.6875,5.5625,9.0625],"rotation":0,"texture":"#0","tintindex":0},"down":{"uv":[2.875,9.125,2.5,9.75],"rotation":0,"texture":"#0","tintindex":0}}},{"from":[5.4708714,2.2857141,11.934754],"to":[5.4708714,10.857143,13.64904],"rotation":{"angle":22.5,"axis":"y","origin":[5.4708714,6.5714283,12.791897]},"faces":{"east":{"uv":[10.125,3.875,10.3125,4.8125],"rotation":0,"texture":"#0","tintindex":0},"south":{"uv":[3.0,8.25,3.0,9.1875],"rotation":0,"texture":"#0","tintindex":0},"north":{"uv":[2.5,8.1875,2.5,9.125],"rotation":0,"texture":"#0","tintindex":0},"west":{"uv":[10.3125,3.875,10.125,4.8125],"rotation":0,"texture":"#0","tintindex":0},"up":{"uv":[4.5,8.4375,4.5,8.25],"rotation":0,"texture":"#0","tintindex":0},"down":{"uv":[6.0,8.3125,6.0,8.5],"rotation":0,"texture":"#0","tintindex":0}}}],"textures":{"0":"modelengine:entity/lr_gryffin"},"display":{"head":{"translation":[0.0,-6.4,0.0],"scale":[4.0,4.0,4.0]}}}