{"elements":[{"from":[6.285714,1.8707051,3.5149632],"to":[9.714286,8.15642,8.086392],"rotation":{"angle":0.0,"axis":"y","origin":[9.714286,7.013562,1.8006773]},"faces":{"east":{"uv":[9.25,7.625,8.75,8.3125],"rotation":0,"texture":"#0","tintindex":0},"south":{"uv":[9.3125,5.8125,8.9375,6.5],"rotation":0,"texture":"#0","tintindex":0},"north":{"uv":[9.3125,2.625,8.9375,3.3125],"rotation":0,"texture":"#0","tintindex":0},"west":{"uv":[9.25,1.5,8.75,2.1875],"rotation":0,"texture":"#0","tintindex":0},"up":{"uv":[2.875,9.6875,3.25,9.1875],"rotation":0,"texture":"#0","tintindex":0},"down":{"uv":[3.25,9.1875,3.625,9.6875],"rotation":0,"texture":"#0","tintindex":0}}},{"from":[6.285714,0.15641928,3.5149632],"to":[9.714286,1.8707051,8.086392],"rotation":{"angle":0.0,"axis":"y","origin":[9.714286,7.013562,1.8006773]},"faces":{"east":{"uv":[10.125,1.6875,9.625,1.875],"rotation":0,"texture":"#0","tintindex":0},"south":{"uv":[10.125,3.25,9.75,3.4375],"rotation":0,"texture":"#0","tintindex":0},"north":{"uv":[2.875,9.75,2.5,9.9375],"rotation":0,"texture":"#0","tintindex":0},"west":{"uv":[6.375,3.5625,5.875,3.75],"rotation":0,"texture":"#0","tintindex":0},"up":{"uv":[3.625,9.6875,4.0,9.1875],"rotation":0,"texture":"#0","tintindex":0},"down":{"uv":[4.0,9.1875,4.375,9.6875],"rotation":0,"texture":"#0","tintindex":0}}},{"from":[6.857143,-2.7007246,4.6578207],"to":[9.142858,3.0135622,7.5149636],"rotation":{"angle":0.0,"axis":"y","origin":[2.2857141,0.7278476,6.3721066]},"faces":{"east":{"uv":[2.125,7.375,1.8125,8.0],"rotation":0,"texture":"#0","tintindex":0},"south":{"uv":[5.25,7.25,5.0,7.875],"rotation":0,"texture":"#0","tintindex":0},"north":{"uv":[6.4375,6.875,6.1875,7.5],"rotation":0,"texture":"#0","tintindex":0},"west":{"uv":[5.5625,6.0625,5.25,6.6875],"rotation":0,"texture":"#0","tintindex":0},"up":{"uv":[8.5,7.9375,8.75,7.625],"rotation":0,"texture":"#0","tintindex":0},"down":{"uv":[9.6875,3.625,9.9375,3.9375],"rotation":0,"texture":"#0","tintindex":0}}},{"from":[9.276934,3.0135622,7.9993973],"to":[9.276934,8.15642,10.285111],"rotation":{"angle":-22.5,"axis":"y","origin":[9.276934,5.8707047,9.142255]},"faces":{"east":{"uv":[2.125,9.375,1.875,9.9375],"rotation":0,"texture":"#0","tintindex":0},"south":{"uv":[0.0,0.0,0.0,0.5625],"rotation":0,"texture":"#0","tintindex":0},"north":{"uv":[0.0,0.0,0.0,0.5625],"rotation":0,"texture":"#0","tintindex":0},"west":{"uv":[9.5625,6.0,9.3125,6.5625],"rotation":0,"texture":"#0","tintindex":0},"up":{"uv":[0.0,0.25,0.0,0.0],"rotation":0,"texture":"#0","tintindex":0},"down":{"uv":[0.0,0.0,0.0,0.25],"rotation":0,"texture":"#0","tintindex":0}}},{"from":[8.024093,-4.2833996,12.10346],"to":[8.024093,-1.9976854,14.3891735],"rotation":{"angle":45.0,"axis":"x","origin":[8.024093,-1.9976854,11.532031]},"faces":{"east":{"uv":[9.875,10.0,9.625,9.75],"rotation":270,"texture":"#0","tintindex":0},"south":{"uv":[0.0,0.25,0.0,0.0],"rotation":0,"texture":"#0","tintindex":0},"north":{"uv":[0.0,0.0,0.0,0.25],"rotation":180,"texture":"#0","tintindex":0},"west":{"uv":[9.625,10.0,9.375,9.75],"rotation":90,"texture":"#0","tintindex":0},"up":{"uv":[0.0,0.0,0.0,0.25],"rotation":0,"texture":"#0","tintindex":0},"down":{"uv":[0.0,0.0,0.0,0.25],"rotation":180,"texture":"#0","tintindex":0}}},{"from":[7.16695,-4.2833996,10.960603],"to":[8.881236,-1.9976854,12.674889],"rotation":{"angle":45.0,"axis":"x","origin":[8.024093,-1.9976854,11.532031]},"faces":{"east":{"uv":[10.0,3.625,9.75,3.4375],"rotation":270,"texture":"#0","tintindex":0},"south":{"uv":[9.9375,1.625,10.125,1.375],"rotation":0,"texture":"#0","tintindex":0},"north":{"uv":[9.9375,1.125,10.125,1.375],"rotation":180,"texture":"#0","tintindex":0},"west":{"uv":[4.125,8.25,3.875,8.0625],"rotation":90,"texture":"#0","tintindex":0},"up":{"uv":[9.9375,5.3125,10.125,5.5],"rotation":0,"texture":"#0","tintindex":0},"down":{"uv":[9.9375,6.0,10.125,6.1875],"rotation":180,"texture":"#0","tintindex":0}}},{"from":[7.16695,-6.5691147,8.674889],"to":[8.881236,-1.9976854,10.960603],"rotation":{"angle":45.0,"axis":"x","origin":[8.024093,-1.9976854,11.532031]},"faces":{"east":{"uv":[9.875,9.75,9.375,9.5],"rotation":270,"texture":"#0","tintindex":0},"south":{"uv":[3.25,10.1875,3.4375,9.6875],"rotation":0,"texture":"#0","tintindex":0},"north":{"uv":[3.0625,9.6875,3.25,10.1875],"rotation":180,"texture":"#0","tintindex":0},"west":{"uv":[9.9375,7.5,9.4375,7.25],"rotation":90,"texture":"#0","tintindex":0},"up":{"uv":[9.875,9.5625,10.0625,9.8125],"rotation":0,"texture":"#0","tintindex":0},"down":{"uv":[9.875,9.8125,10.0625,10.0625],"rotation":180,"texture":"#0","tintindex":0}}},{"from":[6.285714,-5.557867,4.086392],"to":[9.714286,-2.7007246,7.5149636],"rotation":{"angle":0.0,"axis":"y","origin":[2.2857141,-1.557867,6.3721066]},"faces":{"east":{"uv":[10.0,0.0,9.625,0.3125],"rotation":0,"texture":"#0","tintindex":0},"south":{"uv":[9.9375,7.8125,9.5625,8.125],"rotation":0,"texture":"#0","tintindex":0},"north":{"uv":[9.9375,6.0,9.5625,6.3125],"rotation":0,"texture":"#0","tintindex":0},"west":{"uv":[9.9375,7.5,9.5625,7.8125],"rotation":0,"texture":"#0","tintindex":0},"up":{"uv":[3.125,7.5,3.5,7.125],"rotation":0,"texture":"#0","tintindex":0},"down":{"uv":[2.125,9.375,2.5,9.75],"rotation":0,"texture":"#0","tintindex":0}}}],"textures":{"0":"modelengine:entity/lr_gryffin"},"display":{"head":{"translation":[0.0,-6.4,0.0],"scale":[4.0,4.0,4.0]}}}