{"elements":[{"from":[6.285714,2.2857141,4.0],"to":[10.857143,10.857143,12.0],"rotation":{"angle":0.0,"axis":"y","origin":[3.4285712,-1.7142859,0.5714283]},"faces":{"east":{"uv":[7.875,0.0,7.0,0.9375],"rotation":0,"texture":"#0","tintindex":0},"south":{"uv":[3.5,8.25,3.0,9.1875],"rotation":0,"texture":"#0","tintindex":0},"north":{"uv":[3.0,8.1875,2.5,9.125],"rotation":0,"texture":"#0","tintindex":0},"west":{"uv":[7.8125,2.375,6.9375,3.3125],"rotation":0,"texture":"#0","tintindex":0},"up":{"uv":[4.5,9.125,5.0,8.25],"rotation":0,"texture":"#0","tintindex":0},"down":{"uv":[6.0,8.3125,6.5,9.1875],"rotation":0,"texture":"#0","tintindex":0}}},{"from":[6.857143,1.1428566,8.0],"to":[10.285714,5.142857,13.714286],"rotation":{"angle":0.0,"axis":"y","origin":[3.4285712,-1.7142859,0.5714283]},"faces":{"east":{"uv":[9.5625,2.1875,8.9375,2.625],"rotation":0,"texture":"#0","tintindex":0},"south":{"uv":[9.625,0.0,9.25,0.4375],"rotation":0,"texture":"#0","tintindex":0},"north":{"uv":[9.375,9.1875,9.0,9.625],"rotation":0,"texture":"#0","tintindex":0},"west":{"uv":[2.5,8.9375,1.875,9.375],"rotation":0,"texture":"#0","tintindex":0},"up":{"uv":[5.5625,9.6875,5.9375,9.0625],"rotation":0,"texture":"#0","tintindex":0},"down":{"uv":[2.5,9.125,2.875,9.75],"rotation":0,"texture":"#0","tintindex":0}}},{"from":[10.529129,2.2857141,11.934754],"to":[10.529129,10.857143,13.64904],"rotation":{"angle":-22.5,"axis":"y","origin":[10.529129,6.5714283,12.791897]},"faces":{"east":{"uv":[10.125,3.875,10.3125,4.8125],"rotation":0,"texture":"#0","tintindex":0},"south":{"uv":[3.0,8.25,3.0,9.1875],"rotation":0,"texture":"#0","tintindex":0},"north":{"uv":[2.5,8.1875,2.5,9.125],"rotation":0,"texture":"#0","tintindex":0},"west":{"uv":[10.3125,3.875,10.125,4.8125],"rotation":0,"texture":"#0","tintindex":0},"up":{"uv":[4.5,8.4375,4.5,8.25],"rotation":0,"texture":"#0","tintindex":0},"down":{"uv":[6.0,8.3125,6.0,8.5],"rotation":0,"texture":"#0","tintindex":0}}}],"textures":{"0":"modelengine:entity/lr_gryffin"},"display":{"head":{"translation":[0.0,-6.4,0.0],"scale":[4.0,4.0,4.0]}}}