{"elements":[{"from":[6.970974,8.428793,11.714286],"to":[6.970974,19.285936,16.285715],"rotation":{"angle":0.0,"axis":"y","origin":[6.970974,8.428793,8.857143]},"faces":{"east":{"uv":[6.0,7.875,5.5,9.0625],"rotation":0,"texture":"#0","tintindex":0},"south":{"uv":[0.0,0.0,0.0,1.1875],"rotation":0,"texture":"#0","tintindex":0},"north":{"uv":[0.0,0.0,0.0,1.1875],"rotation":0,"texture":"#0","tintindex":0},"west":{"uv":[5.5,7.875,5.0,9.0625],"rotation":0,"texture":"#0","tintindex":0},"up":{"uv":[0.0,0.5,0.0,0.0],"rotation":0,"texture":"#0","tintindex":0},"down":{"uv":[0.0,0.0,0.0,0.5],"rotation":0,"texture":"#0","tintindex":0}}},{"from":[6.0962257,10.714508,16.111944],"to":[6.0962257,19.285936,20.683372],"rotation":{"angle":-22.5,"axis":"y","origin":[6.0962257,13.857365,18.397657]},"faces":{"east":{"uv":[4.5,8.25,4.0,9.1875],"rotation":0,"texture":"#0","tintindex":0},"south":{"uv":[0.0,0.0,0.0,0.9375],"rotation":0,"texture":"#0","tintindex":0},"north":{"uv":[0.0,0.0,0.0,0.9375],"rotation":0,"texture":"#0","tintindex":0},"west":{"uv":[4.0,8.25,3.5,9.1875],"rotation":0,"texture":"#0","tintindex":0},"up":{"uv":[0.0,0.5,0.0,0.0],"rotation":0,"texture":"#0","tintindex":0},"down":{"uv":[0.0,0.0,0.0,0.5],"rotation":0,"texture":"#0","tintindex":0}}},{"from":[6.9704027,7.8573647,7.714286],"to":[9.256117,19.285936,11.714286],"rotation":{"angle":0.0,"axis":"y","origin":[8.11326,7.8573647,8.857143]},"faces":{"east":{"uv":[8.5,6.6875,8.0625,7.9375],"rotation":0,"texture":"#0","tintindex":0},"south":{"uv":[9.125,3.6875,8.875,4.9375],"rotation":0,"texture":"#0","tintindex":0},"north":{"uv":[7.3125,8.8125,7.0625,10.0625],"rotation":0,"texture":"#0","tintindex":0},"west":{"uv":[8.4375,5.4375,8.0,6.6875],"rotation":0,"texture":"#0","tintindex":0},"up":{"uv":[4.625,10.0,4.875,9.5625],"rotation":0,"texture":"#0","tintindex":0},"down":{"uv":[1.3125,9.625,1.5625,10.0625],"rotation":0,"texture":"#0","tintindex":0}}},{"from":[6.883936,7.1520786,7.714286],"to":[6.883936,14.58065,16.285715],"rotation":{"angle":22.5,"axis":"z","origin":[8.0267935,8.294936,8.857143]},"faces":{"east":{"uv":[8.3125,4.625,7.375,5.4375],"rotation":0,"texture":"#0","tintindex":0},"south":{"uv":[0.0,0.0,0.0,0.8125],"rotation":0,"texture":"#0","tintindex":0},"north":{"uv":[0.0,0.0,0.0,0.8125],"rotation":0,"texture":"#0","tintindex":0},"west":{"uv":[1.8125,7.375,0.875,8.1875],"rotation":0,"texture":"#0","tintindex":0},"up":{"uv":[0.0,0.9375,0.0,0.0],"rotation":0,"texture":"#0","tintindex":0},"down":{"uv":[0.0,0.0,0.0,0.9375],"rotation":0,"texture":"#0","tintindex":0}}}],"textures":{"0":"modelengine:entity/lr_gryffin"},"display":{"head":{"translation":[0.0,-6.4,0.0],"scale":[4.0,4.0,4.0]}}}