{"elements":[{"from":[7.142857,7.142857,8.0],"to":[8.857143,8.857143,14.285715],"rotation":{"angle":0.0,"axis":"y","origin":[8.571428,3.4285712,2.8571424]},"faces":{"east":{"uv":[7.4375,4.4375,8.125,4.625],"rotation":0,"texture":"#0","tintindex":0},"south":{"uv":[2.125,9.9375,2.3125,10.125],"rotation":0,"texture":"#0","tintindex":0},"north":{"uv":[8.125,4.4375,8.3125,4.625],"rotation":0,"texture":"#0","tintindex":0},"west":{"uv":[7.875,0.75,8.5625,0.9375],"rotation":0,"texture":"#0","tintindex":0},"up":{"uv":[7.8125,9.9375,7.625,9.25],"rotation":0,"texture":"#0","tintindex":0},"down":{"uv":[0.1875,9.4375,0.0,10.125],"rotation":0,"texture":"#0","tintindex":0}}}],"textures":{"0":"modelengine:entity/lr_gryffin"},"display":{"head":{"translation":[0.0,-6.4,0.0],"scale":[4.0,4.0,4.0]}}}