{"elements":[{"from":[6.0,7.025515,5.124727],"to":[10.0,11.025516,9.124727],"rotation":{"angle":0.0,"axis":"y","origin":[7.714286,1.3112292,9.696156]},"faces":{"east":{"uv":[2.25,2.875,3.125,3.75],"rotation":0,"texture":"#0","tintindex":0},"south":{"uv":[3.0,0.875,3.875,1.75],"rotation":0,"texture":"#0","tintindex":0},"north":{"uv":[1.25,2.875,2.125,3.75],"rotation":0,"texture":"#0","tintindex":0},"west":{"uv":[3.0,1.875,3.875,2.75],"rotation":0,"texture":"#0","tintindex":0},"up":{"uv":[4.125,3.75,3.25,2.875],"rotation":0,"texture":"#0","tintindex":0},"down":{"uv":[0.875,3.75,0.0,4.625],"rotation":0,"texture":"#0","tintindex":0}}},{"from":[5.082392,7.025515,6.3092813],"to":[5.082392,11.025516,10.309281],"rotation":{"angle":-22.5,"axis":"y","origin":[7.082392,9.025516,8.309281]},"faces":{"east":{"uv":[1.0,3.875,1.875,4.75],"rotation":0,"texture":"#0","tintindex":0},"south":{"uv":[4.5,8.625,4.5,9.5],"rotation":0,"texture":"#0","tintindex":0},"north":{"uv":[1.875,8.5,1.875,9.375],"rotation":0,"texture":"#0","tintindex":0},"west":{"uv":[2.0,3.875,2.875,4.75],"rotation":0,"texture":"#0","tintindex":0},"up":{"uv":[4.625,9.5,4.625,8.625],"rotation":0,"texture":"#0","tintindex":0},"down":{"uv":[5.5,8.625,5.5,9.5],"rotation":0,"texture":"#0","tintindex":0}}},{"from":[5.082392,7.025515,8.023567],"to":[5.082392,11.025516,12.023567],"rotation":{"angle":-22.5,"axis":"y","origin":[7.082392,9.025516,10.023567]},"faces":{"east":{"uv":[3.0,3.875,3.875,4.75],"rotation":0,"texture":"#0","tintindex":0},"south":{"uv":[5.75,8.625,5.75,9.5],"rotation":0,"texture":"#0","tintindex":0},"north":{"uv":[5.625,8.625,5.625,9.5],"rotation":0,"texture":"#0","tintindex":0},"west":{"uv":[4.0,0.0,4.875,0.875],"rotation":0,"texture":"#0","tintindex":0},"up":{"uv":[5.875,9.5,5.875,8.625],"rotation":0,"texture":"#0","tintindex":0},"down":{"uv":[6.0,8.625,6.0,9.5],"rotation":0,"texture":"#0","tintindex":0}}},{"from":[10.917608,7.025515,8.023567],"to":[10.917608,11.025516,12.023567],"rotation":{"angle":22.5,"axis":"y","origin":[8.917608,9.025516,10.023567]},"faces":{"east":{"uv":[4.0,1.0,4.875,1.875],"rotation":0,"texture":"#0","tintindex":0},"south":{"uv":[6.25,8.625,6.25,9.5],"rotation":0,"texture":"#0","tintindex":0},"north":{"uv":[6.125,8.625,6.125,9.5],"rotation":0,"texture":"#0","tintindex":0},"west":{"uv":[4.0,3.875,4.875,4.75],"rotation":0,"texture":"#0","tintindex":0},"up":{"uv":[6.375,9.5,6.375,8.625],"rotation":0,"texture":"#0","tintindex":0},"down":{"uv":[6.5,8.625,6.5,9.5],"rotation":0,"texture":"#0","tintindex":0}}},{"from":[10.917608,7.025515,6.3092813],"to":[10.917608,11.025516,10.309281],"rotation":{"angle":22.5,"axis":"y","origin":[8.917608,9.025516,8.309281]},"faces":{"east":{"uv":[4.25,2.0,5.125,2.875],"rotation":0,"texture":"#0","tintindex":0},"south":{"uv":[6.75,8.625,6.75,9.5],"rotation":0,"texture":"#0","tintindex":0},"north":{"uv":[6.625,8.625,6.625,9.5],"rotation":0,"texture":"#0","tintindex":0},"west":{"uv":[0.0,4.75,0.875,5.625],"rotation":0,"texture":"#0","tintindex":0},"up":{"uv":[6.875,9.5,6.875,8.625],"rotation":0,"texture":"#0","tintindex":0},"down":{"uv":[7.0,8.625,7.0,9.5],"rotation":0,"texture":"#0","tintindex":0}}},{"from":[6.0,11.943123,5.737853],"to":[10.0,11.943123,9.166425],"rotation":{"angle":-22.5,"axis":"x","origin":[8.0,9.943123,7.737853]},"faces":{"east":{"uv":[8.5,8.0,9.25,8.0],"rotation":0,"texture":"#0","tintindex":0},"south":{"uv":[8.5,8.125,9.375,8.125],"rotation":0,"texture":"#0","tintindex":0},"north":{"uv":[8.125,4.75,9.0,4.75],"rotation":0,"texture":"#0","tintindex":0},"west":{"uv":[8.625,4.875,9.375,4.875],"rotation":0,"texture":"#0","tintindex":0},"up":{"uv":[0.875,6.5,0.0,5.75],"rotation":0,"texture":"#0","tintindex":0},"down":{"uv":[6.625,5.625,5.75,6.375],"rotation":0,"texture":"#0","tintindex":0}}},{"from":[6.0,12.237294,6.908743],"to":[10.0,12.237294,10.337315],"rotation":{"angle":-45.0,"axis":"x","origin":[8.0,12.237294,8.623029]},"faces":{"east":{"uv":[8.625,5.125,9.375,5.125],"rotation":0,"texture":"#0","tintindex":0},"south":{"uv":[8.625,5.25,9.5,5.25],"rotation":0,"texture":"#0","tintindex":0},"north":{"uv":[8.625,5.0,9.5,5.0],"rotation":0,"texture":"#0","tintindex":0},"west":{"uv":[8.625,5.375,9.375,5.375],"rotation":0,"texture":"#0","tintindex":0},"up":{"uv":[1.875,6.625,1.0,5.875],"rotation":0,"texture":"#0","tintindex":0},"down":{"uv":[2.875,5.875,2.0,6.625],"rotation":0,"texture":"#0","tintindex":0}}},{"from":[5.714286,8.168372,4.9532986],"to":[7.428571,9.882658,6.667584],"rotation":{"angle":0.0,"axis":"y","origin":[7.714286,1.3112292,9.696156]},"faces":{"east":{"uv":[4.5,7.5,4.875,7.875],"rotation":0,"texture":"#0","tintindex":0},"south":{"uv":[7.5,4.875,7.875,5.25],"rotation":0,"texture":"#0","tintindex":0},"north":{"uv":[6.125,5.125,6.5,5.5],"rotation":0,"texture":"#0","tintindex":0},"west":{"uv":[7.5,5.375,7.875,5.75],"rotation":0,"texture":"#0","tintindex":0},"up":{"uv":[7.875,6.25,7.5,5.875],"rotation":0,"texture":"#0","tintindex":0},"down":{"uv":[0.875,7.625,0.5,8.0],"rotation":0,"texture":"#0","tintindex":0}}},{"from":[6.1142855,8.7398,4.9390125],"to":[6.6857142,9.31123,4.9390125],"rotation":{"angle":0.0,"axis":"y","origin":[7.7714286,1.3112292,9.696156]},"faces":{"east":{"uv":[2.875,0.875,2.875,1.0],"rotation":0,"texture":"#0","tintindex":0},"south":{"uv":[4.0,2.25,4.125,2.375],"rotation":0,"texture":"#0","tintindex":0},"north":{"uv":[4.0,2.0,4.125,2.125],"rotation":0,"texture":"#0","tintindex":0},"west":{"uv":[5.25,2.625,5.25,2.75],"rotation":0,"texture":"#0","tintindex":0},"up":{"uv":[1.125,3.75,1.0,3.75],"rotation":0,"texture":"#0","tintindex":0},"down":{"uv":[4.125,2.75,4.0,2.75],"rotation":0,"texture":"#0","tintindex":0}}},{"from":[9.314285,8.7398,4.9390125],"to":[9.885715,9.31123,4.9390125],"rotation":{"angle":0.0,"axis":"y","origin":[8.228572,1.3112292,9.696156]},"faces":{"east":{"uv":[6.125,1.5,6.125,1.625],"rotation":0,"texture":"#0","tintindex":0},"south":{"uv":[5.0,1.75,5.125,1.875],"rotation":0,"texture":"#0","tintindex":0},"north":{"uv":[4.0,2.5,4.125,2.625],"rotation":0,"texture":"#0","tintindex":0},"west":{"uv":[6.25,1.5,6.25,1.625],"rotation":0,"texture":"#0","tintindex":0},"up":{"uv":[4.0,6.5,3.875,6.5],"rotation":0,"texture":"#0","tintindex":0},"down":{"uv":[0.875,6.625,0.75,6.625],"rotation":0,"texture":"#0","tintindex":0}}},{"from":[8.571428,8.168372,4.9532986],"to":[10.285714,9.882658,6.667584],"rotation":{"angle":0.0,"axis":"y","origin":[7.714286,1.3112292,9.696156]},"faces":{"east":{"uv":[1.5,7.625,1.875,8.0],"rotation":0,"texture":"#0","tintindex":0},"south":{"uv":[2.0,7.625,2.375,8.0],"rotation":0,"texture":"#0","tintindex":0},"north":{"uv":[1.0,7.625,1.375,8.0],"rotation":0,"texture":"#0","tintindex":0},"west":{"uv":[7.625,2.875,8.0,3.25],"rotation":0,"texture":"#0","tintindex":0},"up":{"uv":[8.0,3.75,7.625,3.375],"rotation":0,"texture":"#0","tintindex":0},"down":{"uv":[4.25,7.625,3.875,8.0],"rotation":0,"texture":"#0","tintindex":0}}},{"from":[6.5714283,7.139801,3.410441],"to":[9.428572,9.425515,8.553299],"rotation":{"angle":0.0,"axis":"y","origin":[7.714286,1.3112292,9.696156]},"faces":{"east":{"uv":[3.0,5.875,4.125,6.375],"rotation":0,"texture":"#0","tintindex":0},"south":{"uv":[6.75,5.75,7.375,6.25],"rotation":0,"texture":"#0","tintindex":0},"north":{"uv":[6.75,5.125,7.375,5.625],"rotation":0,"texture":"#0","tintindex":0},"west":{"uv":[6.125,0.0,7.25,0.5],"rotation":0,"texture":"#0","tintindex":0},"up":{"uv":[6.0,3.75,5.375,2.625],"rotation":0,"texture":"#0","tintindex":0},"down":{"uv":[5.625,5.625,5.0,6.75],"rotation":0,"texture":"#0","tintindex":0}}},{"from":[7.142857,6.739801,3.410441],"to":[8.857143,7.311229,3.410441],"rotation":{"angle":0.0,"axis":"y","origin":[7.714286,1.3112292,9.696156]},"faces":{"east":{"uv":[4.125,6.5,4.125,6.625],"rotation":0,"texture":"#0","tintindex":0},"south":{"uv":[7.0,4.875,7.375,5.0],"rotation":0,"texture":"#0","tintindex":0},"north":{"uv":[3.5,0.625,3.875,0.75],"rotation":0,"texture":"#0","tintindex":0},"west":{"uv":[6.625,5.125,6.625,5.25],