{"elements":[{"from":[6.293538,5.9464884,6.5882335],"to":[8.579252,8.803632,10.016806],"rotation":{"angle":0.0,"axis":"y","origin":[9.72211,7.660774,6.5882335]},"faces":{"east":{"uv":[6.125,4.375,6.875,5.0],"rotation":0,"texture":"#0","tintindex":0},"south":{"uv":[7.25,1.25,7.75,1.875],"rotation":0,"texture":"#0","tintindex":0},"north":{"uv":[7.0,4.125,7.5,4.75],"rotation":0,"texture":"#0","tintindex":0},"west":{"uv":[6.375,1.5,7.125,2.125],"rotation":0,"texture":"#0","tintindex":0},"up":{"uv":[1.25,7.5,0.75,6.75],"rotation":0,"texture":"#0","tintindex":0},"down":{"uv":[1.875,6.75,1.375,7.5],"rotation":0,"texture":"#0","tintindex":0}}},{"from":[8.579252,5.37506,6.5882335],"to":[8.579252,5.9464884,10.016806],"rotation":{"angle":0.0,"axis":"y","origin":[9.72211,7.660774,6.5882335]},"faces":{"east":{"uv":[8.125,4.5,8.875,4.625],"rotation":0,"texture":"#0","tintindex":0},"south":{"uv":[6.875,4.125,6.875,4.25],"rotation":0,"texture":"#0","tintindex":0},"north":{"uv":[6.625,5.375,6.625,5.5],"rotation":0,"texture":"#0","tintindex":0},"west":{"uv":[8.25,0.5,9.0,0.625],"rotation":0,"texture":"#0","tintindex":0},"up":{"uv":[2.375,9.5,2.375,8.75],"rotation":0,"texture":"#0","tintindex":0},"down":{"uv":[2.5,8.75,2.5,9.5],"rotation":0,"texture":"#0","tintindex":0}}},{"from":[6.293538,5.37506,10.016806],"to":[8.579252,5.9464884,10.016806],"rotation":{"angle":0.0,"axis":"y","origin":[9.72211,7.660774,6.5882335]},"faces":{"east":{"uv":[7.0,1.25,7.0,1.375],"rotation":0,"texture":"#0","tintindex":0},"south":{"uv":[8.375,5.625,8.875,5.75],"rotation":0,"texture":"#0","tintindex":0},"north":{"uv":[8.375,1.375,8.875,1.5],"rotation":0,"texture":"#0","tintindex":0},"west":{"uv":[7.125,1.25,7.125,1.375],"rotation":0,"texture":"#0","tintindex":0},"up":{"uv":[9.125,5.5,8.625,5.5],"rotation":0,"texture":"#0","tintindex":0},"down":{"uv":[9.125,8.25,8.625,8.25],"rotation":0,"texture":"#0","tintindex":0}}},{"from":[6.293538,5.37506,6.5882335],"to":[6.293538,5.9464884,10.016806],"rotation":{"angle":0.0,"axis":"y","origin":[9.72211,7.660774,6.5882335]},"faces":{"east":{"uv":[8.25,0.75,9.0,0.875],"rotation":0,"texture":"#0","tintindex":0},"south":{"uv":[0.5,7.375,0.5,7.5],"rotation":0,"texture":"#0","tintindex":0},"north":{"uv":[7.25,2.0,7.25,2.125],"rotation":0,"texture":"#0","tintindex":0},"west":{"uv":[8.25,2.0,9.0,2.125],"rotation":0,"texture":"#0","tintindex":0},"up":{"uv":[2.625,9.5,2.625,8.75],"rotation":0,"texture":"#0","tintindex":0},"down":{"uv":[2.75,8.75,2.75,9.5],"rotation":0,"texture":"#0","tintindex":0}}},{"from":[6.293538,5.37506,6.5882335],"to":[8.579252,5.9464884,6.5882335],"rotation":{"angle":0.0,"axis":"y","origin":[9.72211,7.660774,6.5882335]},"faces":{"east":{"uv":[0.625,7.375,0.625,7.5],"rotation":0,"texture":"#0","tintindex":0},"south":{"uv":[8.375,6.125,8.875,6.25],"rotation":0,"texture":"#0","tintindex":0},"north":{"uv":[8.375,5.875,8.875,6.0],"rotation":0,"texture":"#0","tintindex":0},"west":{"uv":[7.375,2.0,7.375,2.125],"rotation":0,"texture":"#0","tintindex":0},"up":{"uv":[9.125,8.375,8.625,8.375],"rotation":0,"texture":"#0","tintindex":0},"down":{"uv":[3.375,8.75,2.875,8.75],"rotation":0,"texture":"#0","tintindex":0}}},{"from":[6.6363955,4.2322025,7.1596622],"to":[8.350681,6.517917,8.873948],"rotation":{"angle":22.5,"axis":"x","origin":[7.4935384,4.8036313,8.016805]},"faces":{"east":{"uv":[5.875,7.25,6.25,7.75],"rotation":0,"texture":"#0","tintindex":0},"south":{"uv":[6.375,7.25,6.75,7.75],"rotation":0,"texture":"#0","tintindex":0},"north":{"uv":[3.5,0.0,3.875,0.5],"rotation":0,"texture":"#0","tintindex":0},"west":{"uv":[6.875,7.25,7.25,7.75],"rotation":0,"texture":"#0","tintindex":0},"up":{"uv":[8.0,4.25,7.625,3.875],"rotation":0,"texture":"#0","tintindex":0},"down":{"uv":[8.0,4.375,7.625,4.75],"rotation":0,"texture":"#0","tintindex":0}}},{"from":[6.2995167,3.9476857,5.7316933],"to":[6.2995167,5.090543,6.874551],"rotation":{"angle":0.0,"axis":"y","origin":[6.0709453,4.5191145,5.7316933]},"faces":{"east":{"uv":[5.125,8.375,5.375,8.625],"rotation":0,"texture":"#0","tintindex":0},"south":{"uv":[5.125,7.5,5.125,7.75],"rotation":0,"texture":"#0","tintindex":0},"north":{"uv":[5.0,7.5,5.0,7.75],"rotation":0,"texture":"#0","tintindex":0},"west":{"uv":[0.75,8.5,1.0,8.75],"rotation":0,"texture":"#0","tintindex":0},"up":{"uv":[2.5,7.875,2.5,7.625],"rotation":0,"texture":"#0","tintindex":0},"down":{"uv":[4.375,7.625,4.375,7.875],"rotation":0,"texture":"#0","tintindex":0}}},{"from":[8.585231,3.9476857,5.7316933],"to":[8.585231,5.090543,6.874551],"rotation":{"angle":0.0,"axis":"y","origin":[8.585231,4.5191145,6.303122]},"faces":{"east":{"uv":[1.125,8.5,1.375,8.75],"rotation":0,"texture":"#0","tintindex":0},"south":{"uv":[4.875,8.0,4.875,8.25],"rotation":0,"texture":"#0","tintindex":0},"north":{"uv":[4.75,8.0,4.75,8.25],"rotation":0,"texture":"#0","tintindex":0},"west":{"uv":[1.5,8.5,1.75,8.75],"rotation":0,"texture":"#0","tintindex":0},"up":{"uv":[3.5,9.0,3.5,8.75],"rotation":0,"texture":"#0","tintindex":0},"down":{"uv":[8.75,3.5,8.75,3.75],"rotation":0,"texture":"#0","tintindex":0}}},{"from":[6.024459,3.9476857,6.0850406],"to":[7.167316,5.090543,8.370755],"rotation":{"angle":22.5,"axis":"y","origin":[6.8816013,4.5191145,6.9421835]},"faces":{"east":{"uv":[2.5,8.0,3.0,8.25],"rotation":0,"texture":"#0","tintindex":0},"south":{"uv":[8.5,2.875,8.75,3.125],"rotation":0,"texture":"#0","tintindex":0},"north":{"uv":[8.5,1.625,8.75,1.875],"rotation":0,"texture":"#0","tintindex":0},"west":{"uv":[3.125,8.0,3.625,8.25],"rotation":0,"texture":"#0","tintindex":0},"up":{"uv":[0.25,8.5,0.0,8.0],"rotation":0,"texture":"#0","tintindex":0},"down":{"uv":[4.625,8.0,4.375,8.5],"rotation":0,"texture":"#0","tintindex":0}}},{"from":[6.64211,3.9534001,6.881454],"to":[8.344967,5.0848284,8.5843115],"rotation":{"angle":0.0,"axis":"y","origin":[7.4935384,4.5191145,7.161454]},"faces":{"east":{"uv":[5.5,8.25,5.875,8.5],"rotation":0,"texture":"#0","tintindex":0},"south":{"uv":[6.0,8.25,6.375,8.5],"rotation":0,"texture":"#0","tintindex":0},"north":{"uv":[5.25,6.875,5.625,7.125],"rotation":0,"texture":"#0","tintindex":0},"west":{"uv":[6.5,8.25,6.875,8.5],"rotation":0,"texture":"#0","tintindex":0},"up":{"uv":[7.75,8.0,7.375,7.625],"rotation":0,"texture":"#0","tintindex":0},"down":{"uv":[8.125,0.625,7.75,1.0],"rotation":0,"texture":"#0","tintindex":0}}},{"from":[7.819761,3.9476857,6.0850406],"to":[8.962618,5.090543,8.370755],"rotation":{"angle":-22.5,"axis":"y","origin":[8.105475,4.5191145,6.9421835]},"faces":{"east":{"uv":[8.0,4.875,8.5,5.125],"rotation":0,"texture":"#0","tintindex":0},"south":{"uv":[8.5,3.875,8.75,4.125],"rotation":0,"texture":"#0","tintindex":0},"north":{"uv":[3.75,8.5,4.0,8.75],"rotation":0,"texture":"#0","tintindex":0},"west":{"uv":[8.0,5.25,8.5,5.5],"rotation":0,"texture":"#0","tintindex":0},"up":{"uv":[8.25,6.125,8.0,5.625],"rotation":0,"texture":"#0","tintindex":0},"down":{"uv":[0.625,8.125,0.375,8.625],"rotation":0,"texture":"#0","tintindex":0}}}],"textures":{"0":"modelengine:entity/nocsy_mount_dodo_baby"},"display":{"head":{"translation":[0.0,-6.4,0.0],"scale":[4.0,4.0,4.0]}}}