{"elements":[{"from":[7.7085714,7.4228573,7.4228573],"to":[10.005714,8.577143,8.577143],"rotation":{"angle":0.0,"axis":"y","origin":[7.142857,6.857143,9.142858]},"faces":{"east":{"uv":[3.375,8.375,3.625,8.625],"rotation":0,"texture":"#0","tintindex":0},"south":{"uv":[7.875,7.125,8.375,7.375],"rotation":0,"texture":"#0","tintindex":0},"north":{"uv":[7.875,6.75,8.375,7.0],"rotation":0,"texture":"#0","tintindex":0},"west":{"uv":[4.75,8.375,5.0,8.625],"rotation":0,"texture":"#0","tintindex":0},"up":{"uv":[8.375,7.75,7.875,7.5],"rotation":0,"texture":"#0","tintindex":0},"down":{"uv":[8.375,7.875,7.875,8.125],"rotation":0,"texture":"#0","tintindex":0}}},{"from":[10.0342865,4.7485714,7.194286],"to":[10.0342865,8.748571,11.194286],"rotation":{"angle":0.0,"axis":"y","origin":[7.1485715,6.862857,9.137143]},"faces":{"east":{"uv":[3.0,4.875,3.875,5.75],"rotation":0,"texture":"#0","tintindex":0},"south":{"uv":[2.0,8.75,2.0,9.625],"rotation":0,"texture":"#0","tintindex":0},"north":{"uv":[0.625,8.75,0.625,9.625],"rotation":0,"texture":"#0","tintindex":0},"west":{"uv":[4.0,4.875,4.875,5.75],"rotation":0,"texture":"#0","tintindex":0},"up":{"uv":[2.125,9.625,2.125,8.75],"rotation":0,"texture":"#0","tintindex":0},"down":{"uv":[2.25,8.75,2.25,9.625],"rotation":0,"texture":"#0","tintindex":0}}}],"textures":{"0":"modelengine:entity/nocsy_mount_dodo_baby"},"display":{"head":{"translation":[0.0,-6.4,0.0],"scale":[4.0,4.0,4.0]}}}