{"elements":[{"from":[7.4207473,5.9464884,6.5882335],"to":[9.706462,8.803632,10.016806],"rotation":{"angle":0.0,"axis":"y","origin":[6.27789,7.660774,6.5882335]},"faces":{"east":{"uv":[3.0,6.5,3.75,7.125],"rotation":0,"texture":"#0","tintindex":0},"south":{"uv":[3.25,7.25,3.75,7.875],"rotation":0,"texture":"#0","tintindex":0},"north":{"uv":[2.625,7.25,3.125,7.875],"rotation":0,"texture":"#0","tintindex":0},"west":{"uv":[5.75,6.5,6.5,7.125],"rotation":0,"texture":"#0","tintindex":0},"up":{"uv":[2.5,7.5,2.0,6.75],"rotation":0,"texture":"#0","tintindex":0},"down":{"uv":[4.375,6.75,3.875,7.5],"rotation":0,"texture":"#0","tintindex":0}}},{"from":[7.4207473,5.37506,6.5882335],"to":[7.4207473,5.9464884,10.016806],"rotation":{"angle":0.0,"axis":"y","origin":[6.27789,7.660774,6.5882335]},"faces":{"east":{"uv":[8.25,2.25,9.0,2.375],"rotation":0,"texture":"#0","tintindex":0},"south":{"uv":[7.625,2.0,7.625,2.125],"rotation":0,"texture":"#0","tintindex":0},"north":{"uv":[7.5,2.0,7.5,2.125],"rotation":0,"texture":"#0","tintindex":0},"west":{"uv":[7.75,8.25,8.5,8.375],"rotation":0,"texture":"#0","tintindex":0},"up":{"uv":[3.625,9.5,3.625,8.75],"rotation":0,"texture":"#0","tintindex":0},"down":{"uv":[4.75,8.75,4.75,9.5],"rotation":0,"texture":"#0","tintindex":0}}},{"from":[7.4207473,5.37506,10.016806],"to":[9.706462,5.9464884,10.016806],"rotation":{"angle":0.0,"axis":"y","origin":[6.27789,7.660774,6.5882335]},"faces":{"east":{"uv":[2.375,8.125,2.375,8.25],"rotation":0,"texture":"#0","tintindex":0},"south":{"uv":[8.5,4.25,9.0,4.375],"rotation":0,"texture":"#0","tintindex":0},"north":{"uv":[8.5,3.25,9.0,3.375],"rotation":0,"texture":"#0","tintindex":0},"west":{"uv":[4.875,8.75,4.875,8.875],"rotation":0,"texture":"#0","tintindex":0},"up":{"uv":[1.25,8.875,0.75,8.875],"rotation":0,"texture":"#0","tintindex":0},"down":{"uv":[9.375,1.0,8.875,1.0],"rotation":0,"texture":"#0","tintindex":0}}},{"from":[9.706462,5.37506,6.5882335],"to":[9.706462,5.9464884,10.016806],"rotation":{"angle":0.0,"axis":"y","origin":[6.27789,7.660774,6.5882335]},"faces":{"east":{"uv":[8.375,0.0,9.125,0.125],"rotation":0,"texture":"#0","tintindex":0},"south":{"uv":[5.125,8.75,5.125,8.875],"rotation":0,"texture":"#0","tintindex":0},"north":{"uv":[5.0,8.75,5.0,8.875],"rotation":0,"texture":"#0","tintindex":0},"west":{"uv":[8.375,0.25,9.125,0.375],"rotation":0,"texture":"#0","tintindex":0},"up":{"uv":[5.25,9.5,5.25,8.75],"rotation":0,"texture":"#0","tintindex":0},"down":{"uv":[5.375,8.75,5.375,9.5],"rotation":0,"texture":"#0","tintindex":0}}},{"from":[7.4207473,5.37506,6.5882335],"to":[9.706462,5.9464884,6.5882335],"rotation":{"angle":0.0,"axis":"y","origin":[6.27789,7.660774,6.5882335]},"faces":{"east":{"uv":[7.375,8.75,7.375,8.875],"rotation":0,"texture":"#0","tintindex":0},"south":{"uv":[8.5,6.625,9.0,6.75],"rotation":0,"texture":"#0","tintindex":0},"north":{"uv":[8.5,6.375,9.0,6.5],"rotation":0,"texture":"#0","tintindex":0},"west":{"uv":[7.5,8.75,7.5,8.875],"rotation":0,"texture":"#0","tintindex":0},"up":{"uv":[9.375,1.125,8.875,1.125],"rotation":0,"texture":"#0","tintindex":0},"down":{"uv":[9.375,1.25,8.875,1.25],"rotation":0,"texture":"#0","tintindex":0}}},{"from":[7.6493187,4.2322025,7.1596622],"to":[9.363605,6.517917,8.873948],"rotation":{"angle":22.5,"axis":"x","origin":[8.506462,4.8036313,8.016805]},"faces":{"east":{"uv":[7.375,0.0,7.75,0.5],"rotation":0,"texture":"#0","tintindex":0},"south":{"uv":[7.375,6.375,7.75,6.875],"rotation":0,"texture":"#0","tintindex":0},"north":{"uv":[0.0,7.375,0.375,7.875],"rotation":0,"texture":"#0","tintindex":0},"west":{"uv":[7.375,7.0,7.75,7.5],"rotation":0,"texture":"#0","tintindex":0},"up":{"uv":[8.125,2.375,7.75,2.0],"rotation":0,"texture":"#0","tintindex":0},"down":{"uv":[8.25,0.0,7.875,0.375],"rotation":0,"texture":"#0","tintindex":0}}},{"from":[9.700483,3.9476857,5.7316933],"to":[9.700483,5.090543,6.874551],"rotation":{"angle":0.0,"axis":"y","origin":[9.929054,4.5191145,5.7316933]},"faces":{"east":{"uv":[8.5,6.875,8.75,7.125],"rotation":0,"texture":"#0","tintindex":0},"south":{"uv":[1.375,8.875,1.375,9.125],"rotation":0,"texture":"#0","tintindex":0},"north":{"uv":[7.625,8.75,7.625,9.0],"rotation":0,"texture":"#0","tintindex":0},"west":{"uv":[8.5,7.25,8.75,7.5],"rotation":0,"texture":"#0","tintindex":0},"up":{"uv":[1.5,9.125,1.5,8.875],"rotation":0,"texture":"#0","tintindex":0},"down":{"uv":[1.625,8.875,1.625,9.125],"rotation":0,"texture":"#0","tintindex":0}}},{"from":[7.4147687,3.9476857,5.7316933],"to":[7.4147687,5.090543,6.874551],"rotation":{"angle":0.0,"axis":"y","origin":[7.4147687,4.5191145,6.303122]},"faces":{"east":{"uv":[8.5,7.625,8.75,7.875],"rotation":0,"texture":"#0","tintindex":0},"south":{"uv":[1.75,8.875,1.75,9.125],"rotation":0,"texture":"#0","tintindex":0},"north":{"uv":[8.875,1.625,8.875,1.875],"rotation":0,"texture":"#0","tintindex":0},"west":{"uv":[7.75,8.5,8.0,8.75],"rotation":0,"texture":"#0","tintindex":0},"up":{"uv":[8.875,2.75,8.875,2.5],"rotation":0,"texture":"#0","tintindex":0},"down":{"uv":[2.875,8.875,2.875,9.125],"rotation":0,"texture":"#0","tintindex":0}}},{"from":[8.8326845,3.9476857,6.0850406],"to":[9.975541,5.090543,8.370755],"rotation":{"angle":-22.5,"axis":"y","origin":[9.118399,4.5191145,6.9421835]},"faces":{"east":{"uv":[0.75,8.125,1.25,8.375],"rotation":0,"texture":"#0","tintindex":0},"south":{"uv":[8.5,8.5,8.75,8.75],"rotation":0,"texture":"#0","tintindex":0},"north":{"uv":[8.125,8.5,8.375,8.75],"rotation":0,"texture":"#0","tintindex":0},"west":{"uv":[1.375,8.125,1.875,8.375],"rotation":0,"texture":"#0","tintindex":0},"up":{"uv":[2.25,8.625,2.0,8.125],"rotation":0,"texture":"#0","tintindex":0},"down":{"uv":[8.375,2.875,8.125,3.375],"rotation":0,"texture":"#0","tintindex":0}}},{"from":[7.655033,3.9534001,6.881454],"to":[9.35789,5.0848284,8.5843115],"rotation":{"angle":0.0,"axis":"y","origin":[8.506462,4.5191145,7.161454]},"faces":{"east":{"uv":[2.375,8.375,2.75,8.625],"rotation":0,"texture":"#0","tintindex":0},"south":{"uv":[8.375,2.5,8.75,2.75],"rotation":0,"texture":"#0","tintindex":0},"north":{"uv":[8.375,1.0,8.75,1.25],"rotation":0,"texture":"#0","tintindex":0},"west":{"uv":[2.875,8.375,3.25,8.625],"rotation":0,"texture":"#0","tintindex":0},"up":{"uv":[8.25,1.5,7.875,1.125],"rotation":0,"texture":"#0","tintindex":0},"down":{"uv":[5.375,7.875,5.0,8.25],"rotation":0,"texture":"#0","tintindex":0}}},{"from":[7.037382,3.9476857,6.0850406],"to":[8.180239,5.090543,8.370755],"rotation":{"angle":22.5,"axis":"y","origin":[7.894525,4.5191145,6.9421835]},"faces":{"east":{"uv":[8.125,3.5,8.625,3.75],"rotation":0,"texture":"#0","tintindex":0},"south":{"uv":[4.125,8.625,4.375,8.875],"rotation":0,"texture":"#0","tintindex":0},"north":{"uv":[0.0,8.625,0.25,8.875],"rotation":0,"texture":"#0","tintindex":0},"west":{"uv":[3.75,8.125,4.25,8.375],"rotation":0,"texture":"#0","tintindex":0},"up":{"uv":[8.375,4.375,8.125,3.875],"rotation":0,"texture":"#0","tintindex":0},"down":{"uv":[7.625,8.125,7.375,8.625],"rotation":0,"texture":"#0","tintindex":0}}}],"textures":{"0":"modelengine:entity/nocsy_mount_dodo_baby"},"display":{"head":{"translation":[0.0,-6.4,0.0],"scale":[4.0,4.0,4.0]}}}