{"elements":[{"from":[5.1485715,7.346261,5.1485715],"to":[10.851429,13.620546,10.851429],"rotation":{"angle":0.0,"axis":"y","origin":[5.142857,7.3405466,7.428571]},"faces":{"east":{"uv":[2.625,5.0,3.875,6.375],"rotation":0,"texture":"#0","tintindex":0},"south":{"uv":[6.0,0.0,7.25,1.375],"rotation":0,"texture":"#0","tintindex":0},"north":{"uv":[1.25,5.0,2.5,6.375],"rotation":0,"texture":"#0","tintindex":0},"west":{"uv":[6.0,1.5,7.25,2.875],"rotation":0,"texture":"#0","tintindex":0},"up":{"uv":[7.25,4.25,6.0,3.0],"rotation":0,"texture":"#0","tintindex":0},"down":{"uv":[7.25,4.375,6.0,5.625],"rotation":0,"texture":"#0","tintindex":0}}},{"from":[5.0158668,12.789629,5.1485715],"to":[6.1472955,15.063915,10.851429],"rotation":{"angle":-45.0,"axis":"z","origin":[6.1530094,13.06963,8.0]},"faces":{"east":{"uv":[5.375,7.5,6.625,8.0],"rotation":0,"texture":"#0","tintindex":0},"south":{"uv":[9.25,7.375,9.5,7.875],"rotation":0,"texture":"#0","tintindex":0},"north":{"uv":[9.25,3.75,9.5,4.25],"rotation":0,"texture":"#0","tintindex":0},"west":{"uv":[2.75,7.625,4.0,8.125],"rotation":0,"texture":"#0","tintindex":0},"up":{"uv":[5.0,10.0,4.75,8.75],"rotation":0,"texture":"#0","tintindex":0},"down":{"uv":[9.0,4.75,8.75,6.0],"rotation":0,"texture":"#0","tintindex":0}}},{"from":[6.7642856,13.577679,5.142857],"to":[9.235714,15.291965,10.857143],"rotation":{"angle":0.0,"axis":"y","origin":[5.235714,7.2919645,7.428571]},"faces":{"east":{"uv":[0.0,8.25,1.25,8.625],"rotation":0,"texture":"#0","tintindex":0},"south":{"uv":[4.125,7.625,4.625,8.0],"rotation":0,"texture":"#0","tintindex":0},"north":{"uv":[5.375,6.75,5.875,7.125],"rotation":0,"texture":"#0","tintindex":0},"west":{"uv":[1.375,8.25,2.625,8.625],"rotation":0,"texture":"#0","tintindex":0},"up":{"uv":[4.5,6.25,4.0,5.0],"rotation":0,"texture":"#0","tintindex":0},"down":{"uv":[7.25,7.5,6.75,8.75],"rotation":0,"texture":"#0","tintindex":0}}},{"from":[9.852705,12.789629,5.1485715],"to":[10.984133,15.063915,10.851429],"rotation":{"angle":45.0,"axis":"z","origin":[9.846991,13.06963,8.0]},"faces":{"east":{"uv":[7.375,7.875,8.625,8.375],"rotation":0,"texture":"#0","tintindex":0},"south":{"uv":[8.5,9.25,8.75,9.75],"rotation":0,"texture":"#0","tintindex":0},"north":{"uv":[9.25,8.0,9.5,8.5],"rotation":0,"texture":"#0","tintindex":0},"west":{"uv":[4.125,8.125,5.375,8.625],"rotation":0,"texture":"#0","tintindex":0},"up":{"uv":[5.375,10.0,5.125,8.75],"rotation":0,"texture":"#0","tintindex":0},"down":{"uv":[9.0,6.125,8.75,7.375],"rotation":0,"texture":"#0","tintindex":0}}},{"from":[5.142857,8.151195,3.503974],"to":[10.857143,11.579766,5.21826],"rotation":{"angle":-22.5,"axis":"x","origin":[8.0,11.86548,6.3611174]},"faces":{"east":{"uv":[8.75,7.5,9.125,8.25],"rotation":0,"texture":"#0","tintindex":0},"south":{"uv":[1.25,6.5,2.5,7.25],"rotation":0,"texture":"#0","tintindex":0},"north":{"uv":[6.0,5.75,7.25,6.5],"rotation":0,"texture":"#0","tintindex":0},"west":{"uv":[8.75,8.375,9.125,9.125],"rotation":0,"texture":"#0","tintindex":0},"up":{"uv":[4.0,8.625,2.75,8.25],"rotation":0,"texture":"#0","tintindex":0},"down":{"uv":[8.625,8.5,7.375,8.875],"rotation":0,"texture":"#0","tintindex":0}}},{"from":[5.1485715,9.289974,4.275056],"to":[10.851429,12.707117,5.977913],"rotation":{"angle":22.5,"axis":"x","origin":[8.0,10.998546,7.126484]},"faces":{"east":{"uv":[6.5,8.875,6.875,9.625],"rotation":0,"texture":"#0","tintindex":0},"south":{"uv":[6.0,6.625,7.25,7.375],"rotation":0,"texture":"#0","tintindex":0},"north":{"uv":[2.625,6.5,3.875,7.25],"rotation":0,"texture":"#0","tintindex":0},"west":{"uv":[7.0,9.0,7.375,9.75],"rotation":0,"texture":"#0","tintindex":0},"up":{"uv":[1.25,9.125,0.0,8.75],"rotation":0,"texture":"#0","tintindex":0},"down":{"uv":[10.0,0.0,8.75,0.375],"rotation":0,"texture":"#0","tintindex":0}}},{"from":[5.1485715,9.289974,10.022087],"to":[10.851429,12.707117,11.724944],"rotation":{"angle":-22.5,"axis":"x","origin":[8.0,10.998546,8.873516]},"faces":{"east":{"uv":[7.5,9.0,7.875,9.75],"rotation":0,"texture":"#0","tintindex":0},"south":{"uv":[0.0,7.375,1.25,8.125],"rotation":0,"texture":"#0","tintindex":0},"north":{"uv":[4.0,6.75,5.25,7.5],"rotation":0,"texture":"#0","tintindex":0},"west":{"uv":[8.0,9.0,8.375,9.75],"rotation":0,"texture":"#0","tintindex":0},"up":{"uv":[10.0,0.875,8.75,0.5],"rotation":0,"texture":"#0","tintindex":0},"down":{"uv":[10.0,1.0,8.75,1.375],"rotation":0,"texture":"#0","tintindex":0}}},{"from":[5.142857,8.151195,10.78174],"to":[10.857143,11.579766,12.496026],"rotation":{"angle":22.5,"axis":"x","origin":[8.0,11.86548,9.638883]},"faces":{"east":{"uv":[9.125,4.75,9.5,5.5],"rotation":0,"texture":"#0","tintindex":0},"south":{"uv":[7.375,0.875,8.625,1.625],"rotation":0,"texture":"#0","tintindex":0},"north":{"uv":[7.375,0.0,8.625,0.75],"rotation":0,"texture":"#0","tintindex":0},"west":{"uv":[9.125,5.625,9.5,6.375],"rotation":0,"texture":"#0","tintindex":0},"up":{"uv":[2.625,9.125,1.375,8.75],"rotation":0,"texture":"#0","tintindex":0},"down":{"uv":[10.0,1.5,8.75,1.875],"rotation":0,"texture":"#0","tintindex":0}}},{"from":[4.275056,9.289974,5.1485715],"to":[5.977913,12.707117,10.851429],"rotation":{"angle":-22.5,"axis":"z","origin":[7.126484,10.998546,8.0]},"faces":{"east":{"uv":[1.375,7.375,2.625,8.125],"rotation":0,"texture":"#0","tintindex":0},"south":{"uv":[0.0,9.25,0.375,10.0],"rotation":0,"texture":"#0","tintindex":0},"north":{"uv":[9.125,6.5,9.5,7.25],"rotation":0,"texture":"#0","tintindex":0},"west":{"uv":[7.375,1.75,8.625,2.5],"rotation":0,"texture":"#0","tintindex":0},"up":{"uv":[5.875,9.375,5.5,8.125],"rotation":0,"texture":"#0","tintindex":0},"down":{"uv":[6.375,8.125,6.0,9.375],"rotation":0,"texture":"#0","tintindex":0}}},{"from":[3.503974,8.151195,5.142857],"to":[5.21826,11.579766,10.857143],"rotation":{"angle":22.5,"axis":"z","origin":[6.3611174,11.86548,8.0]},"faces":{"east":{"uv":[7.375,2.625,8.625,3.375],"rotation":0,"texture":"#0","tintindex":0},"south":{"uv":[1.0,9.25,1.375,10.0],"rotation":0,"texture":"#0","tintindex":0},"north":{"uv":[0.5,9.25,0.875,10.0],"rotation":0,"texture":"#0","tintindex":0},"west":{"uv":[7.375,3.5,8.625,4.25],"rotation":0,"texture":"#0","tintindex":0},"up":{"uv":[9.125,3.25,8.75,2.0],"rotation":0,"texture":"#0","tintindex":0},"down":{"uv":[3.125,8.75,2.75,10.0],"rotation":0,"texture":"#0","tintindex":0}}},{"from":[10.022087,9.289974,5.1485715],"to":[11.724944,12.707117,10.851429],"rotation":{"angle":22.5,"axis":"z","origin":[8.873516,10.998546,8.0]},"faces":{"east":{"uv":[7.375,4.375,8.625,5.125],"rotation":0,"texture":"#0","tintindex":0},"south":{"uv":[2.0,9.25,2.375,10.0],"rotation":0,"texture":"#0","tintindex":0},"north":{"uv":[1.5,9.25,1.875,10.0],"rotation":0,"texture":"#0","tintindex":0},"west":{"uv":[7.375,5.25,8.625,6.0],"rotation":0,"texture":"#0","tintindex":0},"up":{"uv":[3.625,10.0,3.25,8.75],"rotation":0,"texture":"#0","tintindex":0},"down":{"uv":[9.125,3.375,8.75,4.625],"rotation":0,"texture":"#0","tintindex":0}}},{"from":[10.78174,8.151195,5.142857],"to":[12.496026,11.579766,10.857143],"rotation":{"angle":-22.5,"axis":"z","origin":[9.638883,11.86548,8.0]},"faces":{"east":{"uv":[7.375,6.125,8.625,6.875],"rotation":0,"texture":"#0","tintindex":0},"south":{"uv":[9.25,2.875,9.625,3.625],"rotation":0,"texture":"#0","tintindex":0},"north":{"uv":[9.25,2.0,9.625,2.75],"rotation":0,"texture":"#0","tintindex":0},"west":{"uv":[7.375,7.0,8.625,7.75],"rotation":0,"texture":"#0","tintindex":0},"up":{"uv":[4.125,10.0,3.75,8.75],"rotation":0,"texture":"#0","tintindex":0},"down":{"uv":[4.625,8.75,4.25,10.0],"rotation":0,"texture":"#0","tintindex":0}}}],"textures":{"0":"modelengine:entity/nocsy_mountpack_moth_egg"},"display":{"head":{"translation":[0.0,-6.4,0.0],"scale":[4.0,4.0,4.0]}}}