{"elements":[{"from":[5.4342856,3.4661255,4.1258097],"to":[10.565714,5.740411,8.68581],"rotation":{"angle":-45.0,"axis":"x","origin":[8.285714,5.746125,6.40581]},"faces":{"east":{"uv":[7.9375,3.3125,8.4375,3.5625],"rotation":0,"texture":"#0","tintindex":0},"south":{"uv":[7.375,6.25,7.9375,6.5],"rotation":0,"texture":"#0","tintindex":0},"north":{"uv":[7.375,5.9375,7.9375,6.1875],"rotation":0,"texture":"#0","tintindex":0},"west":{"uv":[8.0,4.5625,8.5,4.8125],"rotation":0,"texture":"#0","tintindex":0},"up":{"uv":[3.0625,5.1875,2.5,4.6875],"rotation":0,"texture":"#0","tintindex":0},"down":{"uv":[3.6875,4.6875,3.125,5.1875],"rotation":0,"texture":"#0","tintindex":0}}},{"from":[5.428571,2.5136366,0.69152355],"to":[10.571428,9.37078,6.40581],"rotation":{"angle":0.0,"axis":"y","origin":[8.285714,6.799351,3.548667]},"faces":{"east":{"uv":[2.125,2.5625,2.75,3.3125],"rotation":0,"texture":"#0","tintindex":0},"south":{"uv":[2.125,3.875,2.6875,4.625],"rotation":0,"texture":"#0","tintindex":0},"north":{"uv":[0.0,3.875,0.5625,4.625],"rotation":0,"texture":"#0","tintindex":0},"west":{"uv":[2.8125,2.5625,3.4375,3.3125],"rotation":0,"texture":"#0","tintindex":0},"up":{"uv":[4.5,2.25,3.9375,1.625],"rotation":0,"texture":"#0","tintindex":0},"down":{"uv":[4.5625,3.875,4.0,4.5],"rotation":0,"texture":"#0","tintindex":0}}},{"from":[5.428571,-0.14147568,1.9586749],"to":[10.571428,-0.14147568,4.815818],"rotation":{"angle":45.0,"axis":"x","origin":[8.285714,2.7156677,4.5301037]},"faces":{"east":{"uv":[4.9375,3.5,5.25,3.5],"rotation":0,"texture":"#0","tintindex":0},"south":{"uv":[8.5,1.8125,9.0625,1.8125],"rotation":0,"texture":"#0","tintindex":0},"north":{"uv":[2.875,2.5,3.4375,2.5],"rotation":0,"texture":"#0","tintindex":0},"west":{"uv":[5.4375,3.4375,5.75,3.4375],"rotation":0,"texture":"#0","tintindex":0},"up":{"uv":[4.0625,3.3125,3.5,3.0],"rotation":0,"texture":"#0","tintindex":0},"down":{"uv":[6.875,0.9375,6.3125,1.25],"rotation":0,"texture":"#0","tintindex":0}}},{"from":[5.428571,-0.14147568,4.815818],"to":[10.571428,-0.14147568,7.6729608],"rotation":{"angle":45.0,"axis":"x","origin":[8.285714,2.7156677,7.3872466]},"faces":{"east":{"uv":[5.875,4.6875,6.1875,4.6875],"rotation":0,"texture":"#0","tintindex":0},"south":{"uv":[8.625,1.0625,9.1875,1.0625],"rotation":0,"texture":"#0","tintindex":0},"north":{"uv":[8.5625,4.8125,9.125,4.8125],"rotation":0,"texture":"#0","tintindex":0},"west":{"uv":[6.3125,1.3125,6.625,1.3125],"rotation":0,"texture":"#0","tintindex":0},"up":{"uv":[6.875,4.25,6.3125,3.9375],"rotation":0,"texture":"#0","tintindex":0},"down":{"uv":[6.875,4.3125,6.3125,4.625],"rotation":0,"texture":"#0","tintindex":0}}},{"from":[5.101746,2.5848613,0.69152355],"to":[5.101746,7.15629,6.40581],"rotation":{"angle":-22.5,"axis":"z","origin":[7.958889,6.870576,3.548667]},"faces":{"east":{"uv":[4.25,3.0,4.875,3.5],"rotation":0,"texture":"#0","tintindex":0},"south":{"uv":[3.5625,5.875,3.5625,6.375],"rotation":0,"texture":"#0","tintindex":0},"north":{"uv":[5.8125,0.0,5.8125,0.5],"rotation":0,"texture":"#0","tintindex":0},"west":{"uv":[4.5625,0.0,5.1875,0.5],"rotation":0,"texture":"#0","tintindex":0},"up":{"uv":[1.8125,9.125,1.8125,8.5],"rotation":0,"texture":"#0","tintindex":0},"down":{"uv":[0.25,8.6875,0.25,9.3125],"rotation":0,"texture":"#0","tintindex":0}}},{"from":[5.101746,-0.27228165,0.69152355],"to":[5.101746,4.2991476,6.40581],"rotation":{"angle":-22.5,"axis":"z","origin":[7.958889,4.013433,3.548667]},"faces":{"east":{"uv":[4.5625,0.5625,5.1875,1.0625],"rotation":0,"texture":"#0","tintindex":0},"south":{"uv":[7.9375,8.6875,7.9375,9.1875],"rotation":0,"texture":"#0","tintindex":0},"north":{"uv":[7.0625,8.6875,7.0625,9.1875],"rotation":0,"texture":"#0","tintindex":0},"west":{"uv":[4.5625,1.125,5.1875,1.625],"rotation":0,"texture":"#0","tintindex":0},"up":{"uv":[8.625,9.3125,8.625,8.6875],"rotation":0,"texture":"#0","tintindex":0},"down":{"uv":[8.6875,8.6875,8.6875,9.3125],"rotation":0,"texture":"#0","tintindex":0}}},{"from":[10.898254,2.5848613,0.69152355],"to":[10.898254,7.15629,6.40581],"rotation":{"angle":22.5,"axis":"z","origin":[8.041111,6.870576,3.548667]},"faces":{"east":{"uv":[4.5625,1.6875,5.1875,2.1875],"rotation":0,"texture":"#0","tintindex":0},"south":{"uv":[1.9375,8.75,1.9375,9.25],"rotation":0,"texture":"#0","tintindex":0},"north":{"uv":[1.875,8.75,1.875,9.25],"rotation":0,"texture":"#0","tintindex":0},"west":{"uv":[4.5625,2.25,5.1875,2.75],"rotation":0,"texture":"#0","tintindex":0},"up":{"uv":[2.0,9.375,2.0,8.75],"rotation":0,"texture":"#0","tintindex":0},"down":{"uv":[2.0625,8.75,2.0625,9.375],"rotation":0,"texture":"#0","tintindex":0}}},{"from":[10.898254,-0.27228165,0.69152355],"to":[10.898254,4.2991476,6.40581],"rotation":{"angle":22.5,"axis":"z","origin":[8.041111,4.013433,3.548667]},"faces":{"east":{"uv":[4.0,4.5625,4.625,5.0625],"rotation":0,"texture":"#0","tintindex":0},"south":{"uv":[8.75,2.9375,8.75,3.4375],"rotation":0,"texture":"#0","tintindex":0},"north":{"uv":[2.125,8.75,2.125,9.25],"rotation":0,"texture":"#0","tintindex":0},"west":{"uv":[4.625,3.5625,5.25,4.0625],"rotation":0,"texture":"#0","tintindex":0},"up":{"uv":[4.9375,9.375,4.9375,8.75],"rotation":0,"texture":"#0","tintindex":0},"down":{"uv":[5.0,8.75,5.0,9.375],"rotation":0,"texture":"#0","tintindex":0}}},{"from":[5.428571,4.056494,0.69152355],"to":[10.571428,8.056495,0.69152355],"rotation":{"angle":22.5,"axis":"x","origin":[8.0,8.056495,0.69152355]},"faces":{"east":{"uv":[8.75,3.9375,8.75,4.375],"rotation":0,"texture":"#0","tintindex":0},"south":{"uv":[5.25,1.0625,5.8125,1.5],"rotation":0,"texture":"#0","tintindex":0},"north":{"uv":[5.25,0.5625,5.8125,1.0],"rotation":0,"texture":"#0","tintindex":0},"west":{"uv":[5.0625,8.75,5.0625,9.1875],"rotation":0,"texture":"#0","tintindex":0},"up":{"uv":[9.1875,2.625,8.625,2.625],"rotation":0,"texture":"#0","tintindex":0},"down":{"uv":[9.25,7.3125,8.6875,7.3125],"rotation":0,"texture":"#0","tintindex":0}}},{"from":[5.428571,0.22792244,0.69152355],"to":[10.571428,5.37078,0.69152355],"rotation":{"angle":22.5,"axis":"x","origin":[8.0,5.37078,0.69152355]},"faces":{"east":{"uv":[5.125,8.75,5.125,9.3125],"rotation":0,"texture":"#0","tintindex":0},"south":{"uv":[1.25,4.125,1.8125,4.6875],"rotation":0,"texture":"#0","tintindex":0},"north":{"uv":[0.625,4.125,1.1875,4.6875],"rotation":0,"texture":"#0","tintindex":0},"west":{"uv":[5.1875,8.75,5.1875,9.3125],"rotation":0,"texture":"#0","tintindex":0},"up":{"uv":[9.25,7.375,8.6875,7.375],"rotation":0,"texture":"#0","tintindex":0},"down":{"uv":[9.25,7.4375,8.6875,7.4375],"rotation":0,"texture":"#0","tintindex":0}}},{"from":[5.4342856,5.8642387,1.4135542],"to":[10.565714,12.709953,8.259269],"rotation":{"angle":45.0,"axis":"x","origin":[8.571428,9.572811,4.264983]},"faces":{"east":{"uv":[0.0,1.5,0.75,2.25],"rotation":0,"texture":"#0","tintindex":0},"south":{"uv":[3.375,3.875,3.9375,4.625],"rotation":0,"texture":"#0","tintindex":0},"north":{"uv":[2.75,3.875,3.3125,4.625],"rotation":0,"texture":"#0","tintindex":0},"west":{"uv":[0.8125,1.5,1.5625,2.25],"rotation":0,"texture":"#0","tintindex":0},"up":{"uv":[4.5,0.75,3.9375,0.0],"rotation":0,"texture":"#0","tintindex":0},"down":{"uv":[4.5,0.8125,3.9375,1.5625],"rotation":0,"texture":"#0","tintindex":0}}},{"from":[5.428571,4.7993517,6.40581],"to":[10.571428,9.37078,15.548667],"rotation":{"angle":0.0,"axis":"y","origin":[8.285714,6.799351,3.548667]},"faces":{"east":{"uv":[0.0,2.3125,1.0,2.8125],"rotation":0,"texture":"#0","tintindex":0},"south":{"uv":[1.875,4.6875,2.4375,5.1875],"rotation":0,"texture":"#0","tintindex":0},"north":{"uv":[0.0,4.6875,0.5625,5.1875],"rotation":0,"texture":"#0","tintindex":0},"west":{"uv":[1.0625,2.5625,2.0625,3.0625],"rotation":0,"texture":"#0","tintindex":0},"up":{"uv":[2.1875,2.5,1.625,1.5],"rotation":0,"texture":"#0","tintindex":0},"down":{"uv":[2.8125,1.5,2.25,2.5],"rotation":0,"texture":"#0","tintindex":0}}},{"from":[5.428571,2.6004128,15.985492],"to":[10.571428,4.8861275,15.985492],"rotation":{"angle":-22.5,"axis":"x",