{"elements":[{"from":[8.142858,9.280966,2.4924932],"to":[10.428572,10.995252,5.9210644],"rotation":{"angle":22.5,"axis":"y","origin":[7.714286,12.7095375,4.2067785]},"faces":{"east":{"uv":[2.4375,9.5,2.0625,9.6875],"rotation":0,"texture":"#0","tintindex":0},"south":{"uv":[4.0625,9.5625,3.8125,9.75],"rotation":0,"texture":"#0","tintindex":0},"north":{"uv":[3.8125,9.5625,4.0625,9.75],"rotation":0,"texture":"#0","tintindex":0},"west":{"uv":[5.3125,4.125,4.6875,4.5625],"rotation":0,"texture":"#0","tintindex":0},"up":{"uv":[1.25,9.9375,1.5,9.5625],"rotation":0,"texture":"#0","tintindex":0},"down":{"uv":[3.0625,9.5,3.3125,9.875],"rotation":0,"texture":"#0","tintindex":0}}},{"from":[5.5714283,9.280966,2.4924932],"to":[7.857143,10.995252,5.9210644],"rotation":{"angle":-22.5,"axis":"y","origin":[8.285714,12.7095375,4.2067785]},"faces":{"east":{"uv":[4.6875,4.125,5.3125,4.5625],"rotation":0,"texture":"#0","tintindex":0},"south":{"uv":[3.8125,9.5625,4.0625,9.75],"rotation":0,"texture":"#0","tintindex":0},"north":{"uv":[4.0625,9.5625,3.8125,9.75],"rotation":0,"texture":"#0","tintindex":0},"west":{"uv":[2.0625,9.5,2.4375,9.6875],"rotation":0,"texture":"#0","tintindex":0},"up":{"uv":[1.5,9.9375,1.25,9.5625],"rotation":0,"texture":"#0","tintindex":0},"down":{"uv":[3.3125,9.5,3.0625,9.875],"rotation":0,"texture":"#0","tintindex":0}}},{"from":[6.0,8.7095375,1.9210644],"to":[10.0,12.7095375,7.63535],"rotation":{"angle":0.0,"axis":"y","origin":[8.0,10.7095375,4.7782073]},"faces":{"east":{"uv":[4.6875,4.125,5.3125,4.5625],"rotation":0,"texture":"#0","tintindex":0},"south":{"uv":[6.3125,3.4375,6.75,3.875],"rotation":0,"texture":"#0","tintindex":0},"north":{"uv":[6.3125,0.4375,6.75,0.875],"rotation":0,"texture":"#0","tintindex":0},"west":{"uv":[4.6875,4.625,5.3125,5.0625],"rotation":0,"texture":"#0","tintindex":0},"up":{"uv":[1.0625,5.375,0.625,4.75],"rotation":0,"texture":"#0","tintindex":0},"down":{"uv":[1.5625,4.75,1.125,5.375],"rotation":0,"texture":"#0","tintindex":0}}},{"from":[6.0057144,7.000966,4.7839217],"to":[9.994286,11.560966,9.343922],"rotation":{"angle":0.0,"axis":"y","origin":[8.285714,12.7095375,4.2067785]},"faces":{"east":{"uv":[0.0,5.25,0.5,5.75],"rotation":0,"texture":"#0","tintindex":0},"south":{"uv":[2.0625,5.875,2.5,6.375],"rotation":0,"texture":"#0","tintindex":0},"north":{"uv":[1.5625,5.875,2.0,6.375],"rotation":0,"texture":"#0","tintindex":0},"west":{"uv":[5.25,0.0,5.75,0.5],"rotation":0,"texture":"#0","tintindex":0},"up":{"uv":[3.0,6.375,2.5625,5.875],"rotation":0,"texture":"#0","tintindex":0},"down":{"uv":[3.5,5.875,3.0625,6.375],"rotation":0,"texture":"#0","tintindex":0}}},{"from":[5.4,10.795252,2.6924934],"to":[7.0571427,12.4523945,4.349636],"rotation":{"angle":-22.5,"axis":"y","origin":[5.714286,11.852394,4.492493]},"faces":{"east":{"uv":[2.4375,8.625,2.625,8.8125],"rotation":0,"texture":"#0","tintindex":0},"south":{"uv":[4.3125,8.625,4.5,8.8125],"rotation":0,"texture":"#0","tintindex":0},"north":{"uv":[4.75,6.5,4.9375,6.6875],"rotation":0,"texture":"#0","tintindex":0},"west":{"uv":[6.0625,8.625,6.25,8.8125],"rotation":0,"texture":"#0","tintindex":0},"up":{"uv":[8.8125,8.625,8.625,8.4375],"rotation":0,"texture":"#0","tintindex":0},"down":{"uv":[0.1875,8.6875,0.0,8.875],"rotation":0,"texture":"#0","tintindex":0}}},{"from":[5.8130116,11.16668,3.0725036],"to":[5.8130116,11.680966,3.815361],"rotation":{"angle":-22.5,"axis":"y","origin":[5.8130116,11.509538,3.3582177]},"faces":{"east":{"uv":[4.875,2.8125,4.8125,2.875],"rotation":0,"texture":"#0","tintindex":0},"south":{"uv":[1.5625,2.4375,1.5625,2.5],"rotation":0,"texture":"#0","tintindex":0},"north":{"uv":[1.5625,2.3125,1.5625,2.375],"rotation":0,"texture":"#0","tintindex":0},"west":{"uv":[4.8125,2.8125,4.875,2.875],"rotation":0,"texture":"#0","tintindex":0},"up":{"uv":[4.5,2.375,4.5,2.3125],"rotation":0,"texture":"#0","tintindex":0},"down":{"uv":[4.625,4.125,4.625,4.1875],"rotation":0,"texture":"#0","tintindex":0}}},{"from":[10.186989,11.16668,3.0725036],"to":[10.186989,11.680966,3.815361],"rotation":{"angle":22.5,"axis":"y","origin":[10.186989,11.509538,3.3582177]},"faces":{"east":{"uv":[4.875,2.8125,4.8125,2.875],"rotation":0,"texture":"#0","tintindex":0},"south":{"uv":[1.5625,2.4375,1.5625,2.5],"rotation":0,"texture":"#0","tintindex":0},"north":{"uv":[1.5625,2.3125,1.5625,2.375],"rotation":0,"texture":"#0","tintindex":0},"west":{"uv":[4.8125,2.8125,4.875,2.875],"rotation":0,"texture":"#0","tintindex":0},"up":{"uv":[4.5,2.375,4.5,2.3125],"rotation":0,"texture":"#0","tintindex":0},"down":{"uv":[4.625,4.125,4.625,4.1875],"rotation":0,"texture":"#0","tintindex":0}}},{"from":[5.428571,12.138109,2.7782073],"to":[6.0,12.7095375,6.7782073],"rotation":{"angle":0.0,"axis":"y","origin":[5.714286,12.423823,4.7782073]},"faces":{"east":{"uv":[7.4375,3.3125,7.875,3.375],"rotation":0,"texture":"#0","tintindex":0},"south":{"uv":[7.3125,3.75,7.375,3.8125],"rotation":0,"texture":"#0","tintindex":0},"north":{"uv":[7.3125,0.75,7.375,0.8125],"rotation":0,"texture":"#0","tintindex":0},"west":{"uv":[8.5,1.6875,8.9375,1.75],"rotation":0,"texture":"#0","tintindex":0},"up":{"uv":[3.6875,5.6875,3.625,5.25],"rotation":0,"texture":"#0","tintindex":0},"down":{"uv":[3.6875,7.4375,3.625,7.875],"rotation":0,"texture":"#0","tintindex":0}}},{"from":[5.4412622,10.766681,4.255701],"to":[6.0126905,12.480967,6.541415],"rotation":{"angle":0.0,"axis":"y","origin":[6.298405,11.395252,3.112844]},"faces":{"east":{"uv":[7.75,1.5,8.0,1.6875],"rotation":0,"texture":"#0","tintindex":0},"south":{"uv":[4.1875,6.875,4.25,7.0625],"rotation":0,"texture":"#0","tintindex":0},"north":{"uv":[6.875,2.4375,6.9375,2.625],"rotation":0,"texture":"#0","tintindex":0},"west":{"uv":[8.5,3.6875,8.75,3.875],"rotation":0,"texture":"#0","tintindex":0},"up":{"uv":[4.1875,3.25,4.125,3.0],"rotation":0,"texture":"#0","tintindex":0},"down":{"uv":[5.6875,6.375,5.625,6.625],"rotation":0,"texture":"#0","tintindex":0}}},{"from":[10.0,12.138109,2.7782073],"to":[10.571428,12.7095375,6.7782073],"rotation":{"angle":0.0,"axis":"y","origin":[9.714286,11.623823,3.349636]},"faces":{"east":{"uv":[8.625,0.9375,9.0625,1.0],"rotation":0,"texture":"#0","tintindex":0},"south":{"uv":[7.4375,1.1875,7.5,1.25],"rotation":0,"texture":"#0","tintindex":0},"north":{"uv":[4.0625,7.375,4.125,7.4375],"rotation":0,"texture":"#0","tintindex":0},"west":{"uv":[8.625,2.5,9.0625,2.5625],"rotation":0,"texture":"#0","tintindex":0},"up":{"uv":[4.625,9.0625,4.5625,8.625],"rotation":0,"texture":"#0","tintindex":0},"down":{"uv":[3.5,8.6875,3.4375,9.125],"rotation":0,"texture":"#0","tintindex":0}}},{"from":[9.987309,10.766681,4.255701],"to":[10.558738,12.480967,6.541415],"rotation":{"angle":0.0,"axis":"y","origin":[9.701595,11.395252,3.112844]},"faces":{"east":{"uv":[8.5625,4.5625,8.8125,4.75],"rotation":0,"texture":"#0","tintindex":0},"south":{"uv":[7.5625,5.375,7.625,5.5625],"rotation":0,"texture":"#0","tintindex":0},"north":{"uv":[7.4375,4.0625,7.5,4.25],"rotation":0,"texture":"#0","tintindex":0},"west":{"uv":[8.5625,5.5625,8.8125,5.75],"rotation":0,"texture":"#0","tintindex":0},"up":{"uv":[0.4375,6.6875,0.375,6.4375],"rotation":0,"texture":"#0","tintindex":0},"down":{"uv":[7.0,4.3125,6.9375,4.5625],"rotation":0,"texture":"#0","tintindex":0}}},{"from":[8.942857,10.795252,2.6924934],"to":[10.6,12.4523945,4.349636],"rotation":{"angle":22.5,"axis":"y","origin":[10.285714,11.852394,4.492493]},"faces":{"east":{"uv":[2.9375,8.6875,3.125,8.875],"rotation":0,"texture":"#0","tintindex":0},"south":{"uv":[3.1875,8.6875,3.375,8.875],"rotation":0,"texture":"#0","tintindex":0},"north":{"uv":[2.6875,8.6875,2.875,8.875],"rotation":0,"texture":"#0","tintindex":0},"west":{"uv":[5.25,8.6875,5.4375,8.875],"rotation":0,"texture":"#0","tintindex":0},"up":{"uv":[5.6875,8.875,5.5,8.6875],"rotation":0,"texture":"#0","tintindex":0},"down":{"uv":[6.5,8.6875,6.3125,8.875],"rotation":0,"texture":"#0","tintindex":0}}},{"from":[2.5714283,10.458223,3.7863278],"to":[6.0,10.458223,6.0720425],"rotation":{"angle":22.5,"axis":"x",