{"elements":[{"from":[6.337143,3.3483396,6.2664204],"to":[9.777143,9.074055,10.277849],"rotation":{"angle":0.0,"axis":"y","origin":[7.7714286,6.211197,7.9864206]},"faces":{"east":{"uv":[4.9375,2.8125,5.375,3.4375],"rotation":0,"texture":"#0","tintindex":0},"south":{"uv":[4.5625,5.8125,4.9375,6.4375],"rotation":0,"texture":"#0","tintindex":0},"north":{"uv":[4.125,5.8125,4.5,6.4375],"rotation":0,"texture":"#0","tintindex":0},"west":{"uv":[3.75,5.125,4.1875,5.75],"rotation":0,"texture":"#0","tintindex":0},"up":{"uv":[7.25,2.375,6.875,1.9375],"rotation":0,"texture":"#0","tintindex":0},"down":{"uv":[4.125,6.875,3.75,7.3125],"rotation":0,"texture":"#0","tintindex":0}}},{"from":[6.3394737,3.6564837,5.839448],"to":[9.779474,7.096484,5.850877],"rotation":{"angle":22.5,"axis":"x","origin":[8.059474,6.4621983,8.3737335]},"faces":{"east":{"uv":[7.875,0.0,7.875,0.375],"rotation":0,"texture":"#0","tintindex":0},"south":{"uv":[7.375,7.0,7.75,7.375],"rotation":0,"texture":"#0","tintindex":0},"north":{"uv":[7.375,6.5625,7.75,6.9375],"rotation":0,"texture":"#0","tintindex":0},"west":{"uv":[8.75,8.0,8.75,8.375],"rotation":0,"texture":"#0","tintindex":0},"up":{"uv":[9.125,3.625,8.75,3.625],"rotation":0,"texture":"#0","tintindex":0},"down":{"uv":[9.125,4.4375,8.75,4.4375],"rotation":0,"texture":"#0","tintindex":0}}},{"from":[6.3335304,1.7019906,6.770092],"to":[9.77353,5.1419916,6.781521],"rotation":{"angle":22.5,"axis":"x","origin":[8.053531,6.936277,9.318664]},"faces":{"east":{"uv":[0.875,8.8125,0.875,9.1875],"rotation":0,"texture":"#0","tintindex":0},"south":{"uv":[0.3125,7.4375,0.6875,7.8125],"rotation":0,"texture":"#0","tintindex":0},"north":{"uv":[7.4375,0.0,7.8125,0.375],"rotation":0,"texture":"#0","tintindex":0},"west":{"uv":[0.9375,8.8125,0.9375,9.1875],"rotation":0,"texture":"#0","tintindex":0},"up":{"uv":[9.125,4.5,8.75,4.5],"rotation":0,"texture":"#0","tintindex":0},"down":{"uv":[9.125,4.875,8.75,4.875],"rotation":0,"texture":"#0","tintindex":0}}},{"from":[6.3394737,0.7568598,9.903274],"to":[9.779474,4.19686,9.914702],"rotation":{"angle":-22.5,"axis":"x","origin":[8.059474,6.991145,0.6375594]},"faces":{"east":{"uv":[1.0,8.8125,1.0,9.1875],"rotation":0,"texture":"#0","tintindex":0},"south":{"uv":[7.4375,0.75,7.8125,1.125],"rotation":0,"texture":"#0","tintindex":0},"north":{"uv":[0.75,7.4375,1.125,7.8125],"rotation":0,"texture":"#0","tintindex":0},"west":{"uv":[1.0625,8.8125,1.0625,9.1875],"rotation":0,"texture":"#0","tintindex":0},"up":{"uv":[9.125,4.9375,8.75,4.9375],"rotation":0,"texture":"#0","tintindex":0},"down":{"uv":[9.125,5.0,8.75,5.0],"rotation":0,"texture":"#0","tintindex":0}}},{"from":[6.3335304,-1.1690626,8.986916],"to":[9.77353,2.270938,8.998344],"rotation":{"angle":-22.5,"axis":"x","origin":[8.053531,7.465224,-0.30737114]},"faces":{"east":{"uv":[1.125,8.8125,1.125,9.1875],"rotation":0,"texture":"#0","tintindex":0},"south":{"uv":[1.625,7.4375,2.0,7.8125],"rotation":0,"texture":"#0","tintindex":0},"north":{"uv":[1.1875,7.4375,1.5625,7.8125],"rotation":0,"texture":"#0","tintindex":0},"west":{"uv":[1.1875,8.8125,1.1875,9.1875],"rotation":0,"texture":"#0","tintindex":0},"up":{"uv":[9.125,5.0625,8.75,5.0625],"rotation":0,"texture":"#0","tintindex":0},"down":{"uv":[9.125,5.125,8.75,5.125],"rotation":0,"texture":"#0","tintindex":0}}},{"from":[6.209549,2.7987103,6.2797117],"to":[6.220978,6.2387104,10.291141],"rotation":{"angle":-22.5,"axis":"z","origin":[6.229549,5.9187107,8.285426]},"faces":{"east":{"uv":[6.875,5.9375,7.3125,6.3125],"rotation":0,"texture":"#0","tintindex":0},"south":{"uv":[1.3125,8.8125,1.3125,9.1875],"rotation":0,"texture":"#0","tintindex":0},"north":{"uv":[1.25,8.8125,1.25,9.1875],"rotation":0,"texture":"#0","tintindex":0},"west":{"uv":[6.875,6.375,7.3125,6.75],"rotation":0,"texture":"#0","tintindex":0},"up":{"uv":[1.375,9.25,1.375,8.8125],"rotation":0,"texture":"#0","tintindex":0},"down":{"uv":[1.4375,8.8125,1.4375,9.25],"rotation":0,"texture":"#0","tintindex":0}}},{"from":[5.8548555,4.4377146,6.2664204],"to":[5.866284,7.877715,10.277849],"rotation":{"angle":-22.5,"axis":"z","origin":[6.3034267,6.700572,8.272135]},"faces":{"east":{"uv":[6.875,6.8125,7.3125,7.1875],"rotation":0,"texture":"#0","tintindex":0},"south":{"uv":[8.8125,2.9375,8.8125,3.3125],"rotation":0,"texture":"#0","tintindex":0},"north":{"uv":[1.5,8.8125,1.5,9.1875],"rotation":0,"texture":"#0","tintindex":0},"west":{"uv":[6.9375,0.0,7.375,0.375],"rotation":0,"texture":"#0","tintindex":0},"up":{"uv":[8.8125,4.125,8.8125,3.6875],"rotation":0,"texture":"#0","tintindex":0},"down":{"uv":[8.8125,5.8125,8.8125,6.25],"rotation":0,"texture":"#0","tintindex":0}}},{"from":[10.063641,5.340108,6.266327],"to":[10.075068,8.780108,10.277756],"rotation":{"angle":22.5,"axis":"z","origin":[16.340782,6.7458224,8.272041]},"faces":{"east":{"uv":[6.9375,0.875,7.375,1.25],"rotation":0,"texture":"#0","tintindex":0},"south":{"uv":[8.8125,7.5,8.8125,7.875],"rotation":0,"texture":"#0","tintindex":0},"north":{"uv":[8.8125,6.3125,8.8125,6.6875],"rotation":0,"texture":"#0","tintindex":0},"west":{"uv":[6.9375,3.875,7.375,4.25],"rotation":0,"texture":"#0","tintindex":0},"up":{"uv":[8.8125,8.375,8.8125,7.9375],"rotation":0,"texture":"#0","tintindex":0},"down":{"uv":[8.8125,8.6875,8.8125,9.125],"rotation":0,"texture":"#0","tintindex":0}}},{"from":[6.9142857,2.3682675,6.425144],"to":[9.2,4.653982,11.568002],"rotation":{"angle":22.5,"axis":"x","origin":[8.057143,3.0539823,8.996573]},"faces":{"east":{"uv":[2.0625,7.4375,2.625,7.6875],"rotation":0,"texture":"#0","tintindex":0},"south":{"uv":[8.4375,4.875,8.6875,5.125],"rotation":0,"texture":"#0","tintindex":0},"north":{"uv":[8.4375,1.875,8.6875,2.125],"rotation":0,"texture":"#0","tintindex":0},"west":{"uv":[7.4375,2.375,8.0,2.625],"rotation":0,"texture":"#0","tintindex":0},"up":{"uv":[2.9375,8.0,2.6875,7.4375],"rotation":0,"texture":"#0","tintindex":0},"down":{"uv":[7.6875,2.6875,7.4375,3.25],"rotation":0,"texture":"#0","tintindex":0}}}],"textures":{"0":"modelengine:entity/nocsy_mount_ram"},"display":{"head":{"translation":[0.0,-6.4,0.0],"scale":[4.0,4.0,4.0]}}}