{"elements":[{"from":[6.9142857,3.9968672,7.3089466],"to":[9.2,9.139725,9.594661],"rotation":{"angle":0.0,"axis":"y","origin":[8.285714,5.711153,8.451803]},"faces":{"east":{"uv":[7.6875,7.75,7.9375,8.3125],"rotation":0,"texture":"#0","tintindex":0},"south":{"uv":[7.8125,6.5625,8.0625,7.125],"rotation":0,"texture":"#0","tintindex":0},"north":{"uv":[3.3125,7.75,3.5625,8.3125],"rotation":0,"texture":"#0","tintindex":0},"west":{"uv":[0.3125,7.875,0.5625,8.4375],"rotation":0,"texture":"#0","tintindex":0},"up":{"uv":[8.6875,8.0625,8.4375,7.8125],"rotation":0,"texture":"#0","tintindex":0},"down":{"uv":[8.25,8.4375,8.0,8.6875],"rotation":0,"texture":"#0","tintindex":0}}},{"from":[6.5705585,2.8538365,6.757438],"to":[9.427702,5.1395507,9.043153],"rotation":{"angle":0.0,"axis":"y","origin":[8.285714,5.711153,8.451803]},"faces":{"east":{"uv":[8.4375,8.125,8.6875,8.375],"rotation":0,"texture":"#0","tintindex":0},"south":{"uv":[8.3125,7.1875,8.625,7.4375],"rotation":0,"texture":"#0","tintindex":0},"north":{"uv":[4.25,3.5625,4.5625,3.8125],"rotation":0,"texture":"#0","tintindex":0},"west":{"uv":[8.3125,8.4375,8.5625,8.6875],"rotation":0,"texture":"#0","tintindex":0},"up":{"uv":[8.6875,1.375,8.375,1.125],"rotation":0,"texture":"#0","tintindex":0},"down":{"uv":[3.125,8.375,2.8125,8.625],"rotation":0,"texture":"#0","tintindex":0}}}],"textures":{"0":"modelengine:entity/nocsy_mount_ram"},"display":{"head":{"translation":[0.0,-6.4,0.0],"scale":[4.0,4.0,4.0]}}}