{"elements":[{"from":[5.9942856,3.5963998,6.360747],"to":[8.862857,8.750686,10.372175],"rotation":{"angle":0.0,"axis":"y","origin":[7.428571,6.459257,8.080747]},"faces":{"east":{"uv":[5.25,1.5625,5.6875,2.125],"rotation":0,"texture":"#0","tintindex":0},"south":{"uv":[4.375,6.5,4.6875,7.0625],"rotation":0,"texture":"#0","tintindex":0},"north":{"uv":[0.0,6.4375,0.3125,7.0],"rotation":0,"texture":"#0","tintindex":0},"west":{"uv":[1.625,5.25,2.0625,5.8125],"rotation":0,"texture":"#0","tintindex":0},"up":{"uv":[8.25,0.4375,7.9375,0.0],"rotation":0,"texture":"#0","tintindex":0},"down":{"uv":[8.25,0.5,7.9375,0.9375],"rotation":0,"texture":"#0","tintindex":0}}},{"from":[5.341734,2.1865525,6.360747],"to":[5.353163,7.340839,10.372176],"rotation":{"angle":-22.5,"axis":"z","origin":[6.333163,5.820839,8.366462]},"faces":{"east":{"uv":[2.125,5.25,2.5625,5.8125],"rotation":0,"texture":"#0","tintindex":0},"south":{"uv":[4.125,8.875,4.125,9.4375],"rotation":0,"texture":"#0","tintindex":0},"north":{"uv":[4.0625,8.875,4.0625,9.4375],"rotation":0,"texture":"#0","tintindex":0},"west":{"uv":[5.25,2.1875,5.6875,2.75],"rotation":0,"texture":"#0","tintindex":0},"up":{"uv":[4.1875,9.3125,4.1875,8.875],"rotation":0,"texture":"#0","tintindex":0},"down":{"uv":[4.25,8.875,4.25,9.3125],"rotation":0,"texture":"#0","tintindex":0}}},{"from":[5.998877,0.6294098,6.360747],"to":[6.010306,5.783696,10.372176],"rotation":{"angle":-22.5,"axis":"z","origin":[6.333163,5.820839,8.366462]},"faces":{"east":{"uv":[2.625,5.25,3.0625,5.8125],"rotation":0,"texture":"#0","tintindex":0},"south":{"uv":[4.375,8.875,4.375,9.4375],"rotation":0,"texture":"#0","tintindex":0},"north":{"uv":[4.3125,8.875,4.3125,9.4375],"rotation":0,"texture":"#0","tintindex":0},"west":{"uv":[3.125,5.25,3.5625,5.8125],"rotation":0,"texture":"#0","tintindex":0},"up":{"uv":[4.4375,9.3125,4.4375,8.875],"rotation":0,"texture":"#0","tintindex":0},"down":{"uv":[4.5,8.875,4.5,9.3125],"rotation":0,"texture":"#0","tintindex":0}}},{"from":[9.513171,2.1865525,6.360747],"to":[9.524599,7.340839,10.372176],"rotation":{"angle":22.5,"axis":"z","origin":[8.533171,5.820839,8.366462]},"faces":{"east":{"uv":[5.25,5.125,5.6875,5.6875],"rotation":0,"texture":"#0","tintindex":0},"south":{"uv":[8.875,5.9375,8.875,6.5],"rotation":0,"texture":"#0","tintindex":0},"north":{"uv":[8.875,5.3125,8.875,5.875],"rotation":0,"texture":"#0","tintindex":0},"west":{"uv":[5.3125,3.5,5.75,4.0625],"rotation":0,"texture":"#0","tintindex":0},"up":{"uv":[6.0625,9.3125,6.0625,8.875],"rotation":0,"texture":"#0","tintindex":0},"down":{"uv":[6.125,8.875,6.125,9.3125],"rotation":0,"texture":"#0","tintindex":0}}},{"from":[8.856029,0.6294098,6.360747],"to":[8.867456,5.783696,10.372176],"rotation":{"angle":22.5,"axis":"z","origin":[8.533171,5.820839,8.366462]},"faces":{"east":{"uv":[5.375,4.125,5.8125,4.6875],"rotation":0,"texture":"#0","tintindex":0},"south":{"uv":[6.25,8.875,6.25,9.4375],"rotation":0,"texture":"#0","tintindex":0},"north":{"uv":[6.1875,8.875,6.1875,9.4375],"rotation":0,"texture":"#0","tintindex":0},"west":{"uv":[0.5625,5.4375,1.0,6.0],"rotation":0,"texture":"#0","tintindex":0},"up":{"uv":[8.875,7.0,8.875,6.5625],"rotation":0,"texture":"#0","tintindex":0},"down":{"uv":[7.125,8.875,7.125,9.3125],"rotation":0,"texture":"#0","tintindex":0}}},{"from":[5.9988813,2.1865525,11.017894],"to":[8.867453,7.340839,11.029323],"rotation":{"angle":-22.5,"axis":"x","origin":[8.004596,5.820839,10.037894]},"faces":{"east":{"uv":[7.1875,8.875,7.1875,9.4375],"rotation":0,"texture":"#0","tintindex":0},"south":{"uv":[6.5,6.5625,6.8125,7.125],"rotation":0,"texture":"#0","tintindex":0},"north":{"uv":[6.5,5.9375,6.8125,6.5],"rotation":0,"texture":"#0","tintindex":0},"west":{"uv":[7.25,8.875,7.25,9.4375],"rotation":0,"texture":"#0","tintindex":0},"up":{"uv":[9.1875,0.875,8.875,0.875],"rotation":0,"texture":"#0","tintindex":0},"down":{"uv":[9.1875,1.4375,8.875,1.4375],"rotation":0,"texture":"#0","tintindex":0}}},{"from":[5.9988813,0.6294098,10.360751],"to":[8.867453,5.783696,10.37218],"rotation":{"angle":-22.5,"axis":"x","origin":[8.004596,5.820839,10.037894]},"faces":{"east":{"uv":[7.3125,8.875,7.3125,9.4375],"rotation":0,"texture":"#0","tintindex":0},"south":{"uv":[6.6875,5.3125,7.0,5.875],"rotation":0,"texture":"#0","tintindex":0},"north":{"uv":[6.6875,4.6875,7.0,5.25],"rotation":0,"texture":"#0","tintindex":0},"west":{"uv":[8.875,7.5,8.875,8.0625],"rotation":0,"texture":"#0","tintindex":0},"up":{"uv":[9.1875,1.5,8.875,1.5],"rotation":0,"texture":"#0","tintindex":0},"down":{"uv":[9.1875,1.5625,8.875,1.5625],"rotation":0,"texture":"#0","tintindex":0}}},{"from":[5.9988813,-0.65623856,5.138133],"to":[8.867453,4.498048,5.149562],"rotation":{"angle":22.5,"axis":"x","origin":[8.004596,2.9780478,13.558134]},"faces":{"east":{"uv":[8.875,8.125,8.875,8.6875],"rotation":0,"texture":"#0","tintindex":0},"south":{"uv":[5.125,6.75,5.4375,7.3125],"rotation":0,"texture":"#0","tintindex":0},"north":{"uv":[4.75,6.75,5.0625,7.3125],"rotation":0,"texture":"#0","tintindex":0},"west":{"uv":[8.875,8.75,8.875,9.3125],"rotation":0,"texture":"#0","tintindex":0},"up":{"uv":[9.1875,1.625,8.875,1.625],"rotation":0,"texture":"#0","tintindex":0},"down":{"uv":[9.1875,2.1875,8.875,2.1875],"rotation":0,"texture":"#0","tintindex":0}}},{"from":[5.9988813,-2.2133818,5.7952766],"to":[8.867453,2.9409046,5.806705],"rotation":{"angle":22.5,"axis":"x","origin":[8.004596,2.9780478,13.558134]},"faces":{"east":{"uv":[0.0,8.9375,0.0,9.5],"rotation":0,"texture":"#0","tintindex":0},"south":{"uv":[5.875,6.75,6.1875,7.3125],"rotation":0,"texture":"#0","tintindex":0},"north":{"uv":[5.5,6.75,5.8125,7.3125],"rotation":0,"texture":"#0","tintindex":0},"west":{"uv":[8.9375,0.0,8.9375,0.5625],"rotation":0,"texture":"#0","tintindex":0},"up":{"uv":[9.1875,2.25,8.875,2.25],"rotation":0,"texture":"#0","tintindex":0},"down":{"uv":[9.1875,2.3125,8.875,2.3125],"rotation":0,"texture":"#0","tintindex":0}}}],"textures":{"0":"modelengine:entity/nocsy_mount_ram"},"display":{"head":{"translation":[0.0,-6.4,0.0],"scale":[4.0,4.0,4.0]}}}