{"elements":[{"from":[6.0347977,6.5714283,4.682202],"to":[9.463369,9.428572,9.825059],"rotation":{"angle":-22.5,"axis":"y","origin":[7.577655,6.857143,7.825059]},"faces":{"east":{"uv":[6.375,2.6875,6.9375,3.0],"rotation":0,"texture":"#0","tintindex":0},"south":{"uv":[5.4375,8.0,5.8125,8.3125],"rotation":0,"texture":"#0","tintindex":0},"north":{"uv":[8.0,4.875,8.375,5.1875],"rotation":0,"texture":"#0","tintindex":0},"west":{"uv":[6.375,3.0625,6.9375,3.375],"rotation":0,"texture":"#0","tintindex":0},"up":{"uv":[6.25,4.625,5.875,4.0625],"rotation":0,"texture":"#0","tintindex":0},"down":{"uv":[6.3125,2.8125,5.9375,3.375],"rotation":0,"texture":"#0","tintindex":0}}},{"from":[4.071224,5.714286,6.701746],"to":[9.214082,8.571428,10.130318],"rotation":{"angle":22.5,"axis":"z","origin":[6.642653,5.714286,10.530317]},"faces":{"east":{"uv":[8.0,5.8125,8.375,6.125],"rotation":0,"texture":"#0","tintindex":0},"south":{"uv":[1.25,6.4375,1.8125,6.75],"rotation":0,"texture":"#0","tintindex":0},"north":{"uv":[5.0,6.375,5.5625,6.6875],"rotation":0,"texture":"#0","tintindex":0},"west":{"uv":[8.0,6.1875,8.375,6.5],"rotation":0,"texture":"#0","tintindex":0},"up":{"uv":[6.8125,1.75,6.25,1.375],"rotation":0,"texture":"#0","tintindex":0},"down":{"uv":[6.8125,1.8125,6.25,2.1875],"rotation":0,"texture":"#0","tintindex":0}}},{"from":[3.371873,4.4176655,5.38746],"to":[5.657587,6.7033796,10.530317],"rotation":{"angle":22.5,"axis":"y","origin":[2.4004445,5.50338,8.416032]},"faces":{"east":{"uv":[7.0625,5.625,7.625,5.875],"rotation":0,"texture":"#0","tintindex":0},"south":{"uv":[6.8125,8.375,7.0625,8.625],"rotation":0,"texture":"#0","tintindex":0},"north":{"uv":[6.5,8.375,6.75,8.625],"rotation":0,"texture":"#0","tintindex":0},"west":{"uv":[6.75,7.25,7.3125,7.5],"rotation":0,"texture":"#0","tintindex":0},"up":{"uv":[0.25,7.625,0.0,7.0625],"rotation":0,"texture":"#0","tintindex":0},"down":{"uv":[7.5625,1.75,7.3125,2.3125],"rotation":0,"texture":"#0","tintindex":0}}},{"from":[2.735991,5.5605226,4.8988705],"to":[4.4502773,10.131951,6.6131563],"rotation":{"angle":-22.5,"axis":"x","origin":[4.1788487,5.5605226,7.184585]},"faces":{"east":{"uv":[5.0,5.8125,5.1875,6.3125],"rotation":0,"texture":"#0","tintindex":0},"south":{"uv":[4.6875,8.0,4.875,8.5],"rotation":0,"texture":"#0","tintindex":0},"north":{"uv":[1.875,4.125,2.0625,4.625],"rotation":0,"texture":"#0","tintindex":0},"west":{"uv":[7.125,8.0,7.3125,8.5],"rotation":0,"texture":"#0","tintindex":0},"up":{"uv":[6.75,8.875,6.5625,8.6875],"rotation":0,"texture":"#0","tintindex":0},"down":{"uv":[7.0,8.6875,6.8125,8.875],"rotation":0,"texture":"#0","tintindex":0}}}],"textures":{"0":"modelengine:entity/nocsy_mount_ram"},"display":{"head":{"translation":[0.0,-6.4,0.0],"scale":[4.0,4.0,4.0]}}}