{"elements":[{"from":[6.862857,4.5639534,5.1499624],"to":[9.137143,6.838239,10.281391],"rotation":{"angle":45.0,"axis":"x","origin":[7.714286,3.9868107,8.001391]},"faces":{"east":{"uv":[3.0,7.4375,3.5625,7.6875],"rotation":0,"texture":"#0","tintindex":0},"south":{"uv":[5.75,8.4375,6.0,8.6875],"rotation":0,"texture":"#0","tintindex":0},"north":{"uv":[4.9375,8.4375,5.1875,8.6875],"rotation":0,"texture":"#0","tintindex":0},"west":{"uv":[7.4375,3.75,8.0,4.0],"rotation":0,"texture":"#0","tintindex":0},"up":{"uv":[7.625,8.0,7.375,7.4375],"rotation":0,"texture":"#0","tintindex":0},"down":{"uv":[4.3125,7.5625,4.0625,8.125],"rotation":0,"texture":"#0","tintindex":0}}},{"from":[6.0571427,3.4153824,8.57282],"to":[7.7714286,6.272525,10.858534],"rotation":{"angle":45.0,"axis":"x","origin":[7.714286,3.9868107,8.001391]},"faces":{"east":{"uv":[5.375,4.75,5.625,5.0625],"rotation":0,"texture":"#0","tintindex":0},"south":{"uv":[8.5,2.9375,8.6875,3.25],"rotation":0,"texture":"#0","tintindex":0},"north":{"uv":[1.5625,8.5,1.75,8.8125],"rotation":0,"texture":"#0","tintindex":0},"west":{"uv":[1.25,6.0625,1.5,6.375],"rotation":0,"texture":"#0","tintindex":0},"up":{"uv":[8.75,6.6875,8.5625,6.4375],"rotation":0,"texture":"#0","tintindex":0},"down":{"uv":[8.75,6.75,8.5625,7.0],"rotation":0,"texture":"#0","tintindex":0}}},{"from":[8.057143,3.4153824,8.57282],"to":[9.771429,6.272525,10.858534],"rotation":{"angle":45.0,"axis":"x","origin":[7.714286,3.9868107,8.001391]},"faces":{"east":{"uv":[7.375,8.0625,7.625,8.375],"rotation":0,"texture":"#0","tintindex":0},"south":{"uv":[3.5625,8.5,3.75,8.8125],"rotation":0,"texture":"#0","tintindex":0},"north":{"uv":[8.5,3.3125,8.6875,3.625],"rotation":0,"texture":"#0","tintindex":0},"west":{"uv":[0.0,8.3125,0.25,8.625],"rotation":0,"texture":"#0","tintindex":0},"up":{"uv":[7.3125,8.8125,7.125,8.5625],"rotation":0,"texture":"#0","tintindex":0},"down":{"uv":[8.8125,0.0,8.625,0.25],"rotation":0,"texture":"#0","tintindex":0}}}],"textures":{"0":"modelengine:entity/nocsy_mount_ram"},"display":{"head":{"translation":[0.0,-6.4,0.0],"scale":[4.0,4.0,4.0]}}}