{"elements":[{"from":[6.8,3.9968672,7.3089466],"to":[9.085714,9.139725,9.594661],"rotation":{"angle":0.0,"axis":"y","origin":[7.714286,5.711153,8.451803]},"faces":{"east":{"uv":[0.9375,7.875,1.1875,8.4375],"rotation":0,"texture":"#0","tintindex":0},"south":{"uv":[1.25,7.875,1.5,8.4375],"rotation":0,"texture":"#0","tintindex":0},"north":{"uv":[0.625,7.875,0.875,8.4375],"rotation":0,"texture":"#0","tintindex":0},"west":{"uv":[1.5625,7.875,1.8125,8.4375],"rotation":0,"texture":"#0","tintindex":0},"up":{"uv":[0.5625,8.75,0.3125,8.5],"rotation":0,"texture":"#0","tintindex":0},"down":{"uv":[0.875,8.5,0.625,8.75],"rotation":0,"texture":"#0","tintindex":0}}},{"from":[6.572298,2.8538365,6.757438],"to":[9.429441,5.1395507,9.043153],"rotation":{"angle":0.0,"axis":"y","origin":[7.714286,5.711153,8.451803]},"faces":{"east":{"uv":[0.9375,8.5,1.1875,8.75],"rotation":0,"texture":"#0","tintindex":0},"south":{"uv":[8.375,3.9375,8.6875,4.1875],"rotation":0,"texture":"#0","tintindex":0},"north":{"uv":[3.1875,8.375,3.5,8.625],"rotation":0,"texture":"#0","tintindex":0},"west":{"uv":[1.25,8.5,1.5,8.75],"rotation":0,"texture":"#0","tintindex":0},"up":{"uv":[8.6875,4.5,8.375,4.25],"rotation":0,"texture":"#0","tintindex":0},"down":{"uv":[5.6875,8.375,5.375,8.625],"rotation":0,"texture":"#0","tintindex":0}}}],"textures":{"0":"modelengine:entity/nocsy_mount_ram"},"display":{"head":{"translation":[0.0,-6.4,0.0],"scale":[4.0,4.0,4.0]}}}