{"elements":[{"from":[7.1371427,3.5963998,6.360747],"to":[10.005714,8.750686,10.372175],"rotation":{"angle":0.0,"axis":"y","origin":[8.571428,6.459257,8.080747]},"faces":{"east":{"uv":[1.0625,5.4375,1.5,6.0],"rotation":0,"texture":"#0","tintindex":0},"south":{"uv":[0.75,6.8125,1.0625,7.375],"rotation":0,"texture":"#0","tintindex":0},"north":{"uv":[0.375,6.8125,0.6875,7.375],"rotation":0,"texture":"#0","tintindex":0},"west":{"uv":[5.4375,2.8125,5.875,3.375],"rotation":0,"texture":"#0","tintindex":0},"up":{"uv":[3.9375,8.4375,3.625,8.0],"rotation":0,"texture":"#0","tintindex":0},"down":{"uv":[8.3125,4.0625,8.0,4.5],"rotation":0,"texture":"#0","tintindex":0}}},{"from":[10.646837,2.1865525,6.360747],"to":[10.658266,7.340839,10.372176],"rotation":{"angle":22.5,"axis":"z","origin":[9.666837,5.820839,8.366462]},"faces":{"east":{"uv":[5.75,1.5625,6.1875,2.125],"rotation":0,"texture":"#0","tintindex":0},"south":{"uv":[0.125,8.9375,0.125,9.5],"rotation":0,"texture":"#0","tintindex":0},"north":{"uv":[0.0625,8.9375,0.0625,9.5],"rotation":0,"texture":"#0","tintindex":0},"west":{"uv":[5.75,2.1875,6.1875,2.75],"rotation":0,"texture":"#0","tintindex":0},"up":{"uv":[0.1875,9.375,0.1875,8.9375],"rotation":0,"texture":"#0","tintindex":0},"down":{"uv":[2.1875,8.9375,2.1875,9.375],"rotation":0,"texture":"#0","tintindex":0}}},{"from":[9.989695,0.6294098,6.360747],"to":[10.001123,5.783696,10.372176],"rotation":{"angle":22.5,"axis":"z","origin":[9.666837,5.820839,8.366462]},"faces":{"east":{"uv":[5.75,4.75,6.1875,5.3125],"rotation":0,"texture":"#0","tintindex":0},"south":{"uv":[2.3125,8.9375,2.3125,9.5],"rotation":0,"texture":"#0","tintindex":0},"north":{"uv":[2.25,8.9375,2.25,9.5],"rotation":0,"texture":"#0","tintindex":0},"west":{"uv":[5.25,5.75,5.6875,6.3125],"rotation":0,"texture":"#0","tintindex":0},"up":{"uv":[2.375,9.375,2.375,8.9375],"rotation":0,"texture":"#0","tintindex":0},"down":{"uv":[2.6875,8.9375,2.6875,9.375],"rotation":0,"texture":"#0","tintindex":0}}},{"from":[6.4754004,2.1865525,6.360747],"to":[6.486829,7.340839,10.372176],"rotation":{"angle":-22.5,"axis":"z","origin":[7.4668293,5.820839,8.366462]},"faces":{"east":{"uv":[5.75,5.375,6.1875,5.9375],"rotation":0,"texture":"#0","tintindex":0},"south":{"uv":[2.75,8.9375,2.75,9.5],"rotation":0,"texture":"#0","tintindex":0},"north":{"uv":[8.9375,2.6875,8.9375,3.25],"rotation":0,"texture":"#0","tintindex":0},"west":{"uv":[0.0,5.8125,0.4375,6.375],"rotation":0,"texture":"#0","tintindex":0},"up":{"uv":[2.8125,9.375,2.8125,8.9375],"rotation":0,"texture":"#0","tintindex":0},"down":{"uv":[2.875,8.9375,2.875,9.375],"rotation":0,"texture":"#0","tintindex":0}}},{"from":[7.1325436,0.6294098,6.360747],"to":[7.143972,5.783696,10.372176],"rotation":{"angle":-22.5,"axis":"z","origin":[7.4668293,5.820839,8.366462]},"faces":{"east":{"uv":[5.8125,3.4375,6.25,4.0],"rotation":0,"texture":"#0","tintindex":0},"south":{"uv":[3.0,8.9375,3.0,9.5],"rotation":0,"texture":"#0","tintindex":0},"north":{"uv":[2.9375,8.9375,2.9375,9.5],"rotation":0,"texture":"#0","tintindex":0},"west":{"uv":[3.625,5.8125,4.0625,6.375],"rotation":0,"texture":"#0","tintindex":0},"up":{"uv":[3.0625,9.375,3.0625,8.9375],"rotation":0,"texture":"#0","tintindex":0},"down":{"uv":[3.125,8.9375,3.125,9.375],"rotation":0,"texture":"#0","tintindex":0}}},{"from":[7.1325474,2.1865525,11.017894],"to":[10.001119,7.340839,11.029323],"rotation":{"angle":-22.5,"axis":"x","origin":[7.9954042,5.820839,10.037894]},"faces":{"east":{"uv":[3.1875,8.9375,3.1875,9.5],"rotation":0,"texture":"#0","tintindex":0},"south":{"uv":[1.5,6.8125,1.8125,7.375],"rotation":0,"texture":"#0","tintindex":0},"north":{"uv":[1.125,6.8125,1.4375,7.375],"rotation":0,"texture":"#0","tintindex":0},"west":{"uv":[3.25,8.9375,3.25,9.5],"rotation":0,"texture":"#0","tintindex":0},"up":{"uv":[9.1875,2.375,8.875,2.375],"rotation":0,"texture":"#0","tintindex":0},"down":{"uv":[9.1875,2.4375,8.875,2.4375],"rotation":0,"texture":"#0","tintindex":0}}},{"from":[7.1325474,0.6294098,10.360751],"to":[10.001119,5.783696,10.37218],"rotation":{"angle":-22.5,"axis":"x","origin":[7.9954042,5.820839,10.037894]},"faces":{"east":{"uv":[3.3125,8.9375,3.3125,9.5],"rotation":0,"texture":"#0","tintindex":0},"south":{"uv":[2.25,6.8125,2.5625,7.375],"rotation":0,"texture":"#0","tintindex":0},"north":{"uv":[1.875,6.8125,2.1875,7.375],"rotation":0,"texture":"#0","tintindex":0},"west":{"uv":[3.375,8.9375,3.375,9.5],"rotation":0,"texture":"#0","tintindex":0},"up":{"uv":[9.1875,3.3125,8.875,3.3125],"rotation":0,"texture":"#0","tintindex":0},"down":{"uv":[9.1875,4.5625,8.875,4.5625],"rotation":0,"texture":"#0","tintindex":0}}},{"from":[7.1325474,-0.65623856,5.138133],"to":[10.001119,4.498048,5.149562],"rotation":{"angle":22.5,"axis":"x","origin":[7.9954042,2.9780478,13.558134]},"faces":{"east":{"uv":[4.6875,8.9375,4.6875,9.5],"rotation":0,"texture":"#0","tintindex":0},"south":{"uv":[3.0,6.8125,3.3125,7.375],"rotation":0,"texture":"#0","tintindex":0},"north":{"uv":[2.625,6.8125,2.9375,7.375],"rotation":0,"texture":"#0","tintindex":0},"west":{"uv":[4.75,8.9375,4.75,9.5],"rotation":0,"texture":"#0","tintindex":0},"up":{"uv":[9.1875,4.625,8.875,4.625],"rotation":0,"texture":"#0","tintindex":0},"down":{"uv":[9.1875,4.6875,8.875,4.6875],"rotation":0,"texture":"#0","tintindex":0}}},{"from":[7.1325474,-2.2133818,5.7952766],"to":[10.001119,2.9409046,5.806705],"rotation":{"angle":22.5,"axis":"x","origin":[7.9954042,2.9780478,13.558134]},"faces":{"east":{"uv":[4.8125,8.9375,4.8125,9.5],"rotation":0,"texture":"#0","tintindex":0},"south":{"uv":[6.875,1.3125,7.1875,1.875],"rotation":0,"texture":"#0","tintindex":0},"north":{"uv":[3.375,6.8125,3.6875,7.375],"rotation":0,"texture":"#0","tintindex":0},"west":{"uv":[4.875,8.9375,4.875,9.5],"rotation":0,"texture":"#0","tintindex":0},"up":{"uv":[9.1875,4.75,8.875,4.75],"rotation":0,"texture":"#0","tintindex":0},"down":{"uv":[9.25,0.625,8.9375,0.625],"rotation":0,"texture":"#0","tintindex":0}}}],"textures":{"0":"modelengine:entity/nocsy_mount_ram"},"display":{"head":{"translation":[0.0,-6.4,0.0],"scale":[4.0,4.0,4.0]}}}