{"elements":[{"from":[6.862857,4.5639534,5.1499624],"to":[9.137143,6.838239,10.281391],"rotation":{"angle":45.0,"axis":"x","origin":[8.285714,3.9868107,8.001391]},"faces":{"east":{"uv":[7.75,1.1875,8.3125,1.4375],"rotation":0,"texture":"#0","tintindex":0},"south":{"uv":[8.4375,7.5,8.6875,7.75],"rotation":0,"texture":"#0","tintindex":0},"north":{"uv":[7.375,8.4375,7.625,8.6875],"rotation":0,"texture":"#0","tintindex":0},"west":{"uv":[2.0625,7.75,2.625,8.0],"rotation":0,"texture":"#0","tintindex":0},"up":{"uv":[8.0,3.25,7.75,2.6875],"rotation":0,"texture":"#0","tintindex":0},"down":{"uv":[3.25,7.75,3.0,8.3125],"rotation":0,"texture":"#0","tintindex":0}}},{"from":[8.228572,3.4153824,8.57282],"to":[9.942858,6.272525,10.858534],"rotation":{"angle":45.0,"axis":"x","origin":[8.285714,3.9868107,8.001391]},"faces":{"east":{"uv":[8.3125,0.0,8.5625,0.3125],"rotation":0,"texture":"#0","tintindex":0},"south":{"uv":[4.0625,8.5,4.25,8.8125],"rotation":0,"texture":"#0","tintindex":0},"north":{"uv":[3.8125,8.5,4.0,8.8125],"rotation":0,"texture":"#0","tintindex":0},"west":{"uv":[8.3125,0.375,8.5625,0.6875],"rotation":0,"texture":"#0","tintindex":0},"up":{"uv":[8.8125,0.5625,8.625,0.3125],"rotation":0,"texture":"#0","tintindex":0},"down":{"uv":[8.8125,0.625,8.625,0.875],"rotation":0,"texture":"#0","tintindex":0}}},{"from":[6.2285714,3.4153824,8.57282],"to":[7.9428573,6.272525,10.858534],"rotation":{"angle":45.0,"axis":"x","origin":[8.285714,3.9868107,8.001391]},"faces":{"east":{"uv":[8.3125,0.75,8.5625,1.0625],"rotation":0,"texture":"#0","tintindex":0},"south":{"uv":[8.5625,5.1875,8.75,5.5],"rotation":0,"texture":"#0","tintindex":0},"north":{"uv":[4.6875,8.5625,4.875,8.875],"rotation":0,"texture":"#0","tintindex":0},"west":{"uv":[8.3125,2.3125,8.5625,2.625],"rotation":0,"texture":"#0","tintindex":0},"up":{"uv":[2.375,8.875,2.1875,8.625],"rotation":0,"texture":"#0","tintindex":0},"down":{"uv":[8.8125,2.1875,8.625,2.4375],"rotation":0,"texture":"#0","tintindex":0}}}],"textures":{"0":"modelengine:entity/nocsy_mount_ram"},"display":{"head":{"translation":[0.0,-6.4,0.0],"scale":[4.0,4.0,4.0]}}}