{"elements":[{"from":[6.222857,3.3483396,6.2664204],"to":[9.662857,9.074055,10.277849],"rotation":{"angle":0.0,"axis":"y","origin":[8.228572,6.211197,7.9864206]},"faces":{"east":{"uv":[4.25,5.125,4.6875,5.75],"rotation":0,"texture":"#0","tintindex":0},"south":{"uv":[5.875,0.6875,6.25,1.3125],"rotation":0,"texture":"#0","tintindex":0},"north":{"uv":[5.875,0.0,6.25,0.625],"rotation":0,"texture":"#0","tintindex":0},"west":{"uv":[4.75,5.125,5.1875,5.75],"rotation":0,"texture":"#0","tintindex":0},"up":{"uv":[7.375,2.875,7.0,2.4375],"rotation":0,"texture":"#0","tintindex":0},"down":{"uv":[7.375,2.9375,7.0,3.375],"rotation":0,"texture":"#0","tintindex":0}}},{"from":[6.2205257,3.6564837,5.839448],"to":[9.660526,7.096484,5.850877],"rotation":{"angle":22.5,"axis":"x","origin":[7.940526,6.4621983,8.3737335]},"faces":{"east":{"uv":[8.875,0.0,8.875,0.375],"rotation":0,"texture":"#0","tintindex":0},"south":{"uv":[7.5625,4.5,7.9375,4.875],"rotation":0,"texture":"#0","tintindex":0},"north":{"uv":[7.5625,4.0625,7.9375,4.4375],"rotation":0,"texture":"#0","tintindex":0},"west":{"uv":[8.875,0.4375,8.875,0.8125],"rotation":0,"texture":"#0","tintindex":0},"up":{"uv":[9.1875,3.375,8.8125,3.375],"rotation":0,"texture":"#0","tintindex":0},"down":{"uv":[9.1875,3.4375,8.8125,3.4375],"rotation":0,"texture":"#0","tintindex":0}}},{"from":[6.2264695,1.7019906,6.770092],"to":[9.66647,5.1419916,6.781521],"rotation":{"angle":22.5,"axis":"x","origin":[7.94647,6.936277,9.318664]},"faces":{"east":{"uv":[1.5625,8.875,1.5625,9.25],"rotation":0,"texture":"#0","tintindex":0},"south":{"uv":[6.75,7.5625,7.125,7.9375],"rotation":0,"texture":"#0","tintindex":0},"north":{"uv":[7.5625,4.9375,7.9375,5.3125],"rotation":0,"texture":"#0","tintindex":0},"west":{"uv":[1.625,8.875,1.625,9.25],"rotation":0,"texture":"#0","tintindex":0},"up":{"uv":[9.1875,4.1875,8.8125,4.1875],"rotation":0,"texture":"#0","tintindex":0},"down":{"uv":[9.1875,4.25,8.8125,4.25],"rotation":0,"texture":"#0","tintindex":0}}},{"from":[6.2205257,0.7568598,9.903274],"to":[9.660526,4.19686,9.914702],"rotation":{"angle":-22.5,"axis":"x","origin":[7.940526,6.991145,0.6375594]},"faces":{"east":{"uv":[1.6875,8.875,1.6875,9.25],"rotation":0,"texture":"#0","tintindex":0},"south":{"uv":[6.25,7.625,6.625,8.0],"rotation":0,"texture":"#0","tintindex":0},"north":{"uv":[7.625,1.75,8.0,2.125],"rotation":0,"texture":"#0","tintindex":0},"west":{"uv":[1.75,8.875,1.75,9.25],"rotation":0,"texture":"#0","tintindex":0},"up":{"uv":[9.1875,4.3125,8.8125,4.3125],"rotation":0,"texture":"#0","tintindex":0},"down":{"uv":[9.1875,4.375,8.8125,4.375],"rotation":0,"texture":"#0","tintindex":0}}},{"from":[6.2264695,-1.1690626,8.986916],"to":[9.66647,2.270938,8.998344],"rotation":{"angle":-22.5,"axis":"x","origin":[7.94647,7.465224,-0.30737114]},"faces":{"east":{"uv":[2.4375,8.875,2.4375,9.25],"rotation":0,"texture":"#0","tintindex":0},"south":{"uv":[7.6875,5.375,8.0625,5.75],"rotation":0,"texture":"#0","tintindex":0},"north":{"uv":[5.0,7.6875,5.375,8.0625],"rotation":0,"texture":"#0","tintindex":0},"west":{"uv":[2.5,8.875,2.5,9.25],"rotation":0,"texture":"#0","tintindex":0},"up":{"uv":[9.1875,5.1875,8.8125,5.1875],"rotation":0,"texture":"#0","tintindex":0},"down":{"uv":[9.1875,5.25,8.8125,5.25],"rotation":0,"texture":"#0","tintindex":0}}},{"from":[9.779022,2.7987103,6.2797117],"to":[9.790451,6.2387104,10.291141],"rotation":{"angle":22.5,"axis":"z","origin":[9.770451,5.9187107,8.285426]},"faces":{"east":{"uv":[7.0625,4.3125,7.5,4.6875],"rotation":0,"texture":"#0","tintindex":0},"south":{"uv":[2.625,8.875,2.625,9.25],"rotation":0,"texture":"#0","tintindex":0},"north":{"uv":[2.5625,8.875,2.5625,9.25],"rotation":0,"texture":"#0","tintindex":0},"west":{"uv":[7.0625,4.75,7.5,5.125],"rotation":0,"texture":"#0","tintindex":0},"up":{"uv":[8.875,3.125,8.875,2.6875],"rotation":0,"texture":"#0","tintindex":0},"down":{"uv":[3.5625,8.875,3.5625,9.3125],"rotation":0,"texture":"#0","tintindex":0}}},{"from":[10.133717,4.4377146,6.2664204],"to":[10.145144,7.877715,10.277849],"rotation":{"angle":22.5,"axis":"z","origin":[9.696573,6.700572,8.272135]},"faces":{"east":{"uv":[7.0625,5.1875,7.5,5.5625],"rotation":0,"texture":"#0","tintindex":0},"south":{"uv":[3.6875,8.875,3.6875,9.25],"rotation":0,"texture":"#0","tintindex":0},"north":{"uv":[3.625,8.875,3.625,9.25],"rotation":0,"texture":"#0","tintindex":0},"west":{"uv":[4.1875,7.125,4.625,7.5],"rotation":0,"texture":"#0","tintindex":0},"up":{"uv":[8.875,4.125,8.875,3.6875],"rotation":0,"texture":"#0","tintindex":0},"down":{"uv":[3.75,8.875,3.75,9.3125],"rotation":0,"texture":"#0","tintindex":0}}},{"from":[5.9249315,5.340108,6.266327],"to":[5.93636,8.780108,10.277756],"rotation":{"angle":-22.5,"axis":"z","origin":[-0.34078312,6.7458224,8.272041]},"faces":{"east":{"uv":[6.25,7.1875,6.6875,7.5625],"rotation":0,"texture":"#0","tintindex":0},"south":{"uv":[3.875,8.875,3.875,9.25],"rotation":0,"texture":"#0","tintindex":0},"north":{"uv":[3.8125,8.875,3.8125,9.25],"rotation":0,"texture":"#0","tintindex":0},"west":{"uv":[7.25,1.3125,7.6875,1.6875],"rotation":0,"texture":"#0","tintindex":0},"up":{"uv":[3.9375,9.3125,3.9375,8.875],"rotation":0,"texture":"#0","tintindex":0},"down":{"uv":[4.0,8.875,4.0,9.3125],"rotation":0,"texture":"#0","tintindex":0}}},{"from":[6.8,2.3682675,6.425144],"to":[9.085714,4.653982,11.568002],"rotation":{"angle":22.5,"axis":"x","origin":[7.9428573,3.0539823,8.996573]},"faces":{"east":{"uv":[5.4375,7.6875,6.0,7.9375],"rotation":0,"texture":"#0","tintindex":0},"south":{"uv":[8.4375,6.125,8.6875,6.375],"rotation":0,"texture":"#0","tintindex":0},"north":{"uv":[8.4375,5.8125,8.6875,6.0625],"rotation":0,"texture":"#0","tintindex":0},"west":{"uv":[7.6875,7.4375,8.25,7.6875],"rotation":0,"texture":"#0","tintindex":0},"up":{"uv":[4.625,8.125,4.375,7.5625],"rotation":0,"texture":"#0","tintindex":0},"down":{"uv":[0.25,7.6875,0.0,8.25],"rotation":0,"texture":"#0","tintindex":0}}}],"textures":{"0":"modelengine:entity/nocsy_mount_ram"},"display":{"head":{"translation":[0.0,-6.4,0.0],"scale":[4.0,4.0,4.0]}}}