{"elements":[{"from":[6.5366306,6.5714283,4.682202],"to":[9.965202,9.428572,9.825059],"rotation":{"angle":22.5,"axis":"y","origin":[8.422345,6.857143,7.825059]},"faces":{"east":{"uv":[1.875,6.4375,2.4375,6.75],"rotation":0,"texture":"#0","tintindex":0},"south":{"uv":[8.0,7.75,8.375,8.0625],"rotation":0,"texture":"#0","tintindex":0},"north":{"uv":[6.6875,8.0,7.0625,8.3125],"rotation":0,"texture":"#0","tintindex":0},"west":{"uv":[2.5,6.4375,3.0625,6.75],"rotation":0,"texture":"#0","tintindex":0},"up":{"uv":[6.625,5.25,6.25,4.6875],"rotation":0,"texture":"#0","tintindex":0},"down":{"uv":[6.625,5.3125,6.25,5.875],"rotation":0,"texture":"#0","tintindex":0}}},{"from":[6.785918,5.714286,6.701746],"to":[11.928776,8.571428,10.130318],"rotation":{"angle":-22.5,"axis":"z","origin":[9.357347,5.714286,10.530317]},"faces":{"east":{"uv":[8.0625,1.5,8.4375,1.8125],"rotation":0,"texture":"#0","tintindex":0},"south":{"uv":[3.75,6.5,4.3125,6.8125],"rotation":0,"texture":"#0","tintindex":0},"north":{"uv":[3.125,6.4375,3.6875,6.75],"rotation":0,"texture":"#0","tintindex":0},"west":{"uv":[1.875,8.0625,2.25,8.375],"rotation":0,"texture":"#0","tintindex":0},"up":{"uv":[6.8125,2.625,6.25,2.25],"rotation":0,"texture":"#0","tintindex":0},"down":{"uv":[6.875,0.0,6.3125,0.375],"rotation":0,"texture":"#0","tintindex":0}}},{"from":[10.342413,4.4176655,5.38746],"to":[12.628127,6.7033796,10.530317],"rotation":{"angle":-22.5,"axis":"y","origin":[13.599556,5.50338,8.416032]},"faces":{"east":{"uv":[7.3125,0.4375,7.875,0.6875],"rotation":0,"texture":"#0","tintindex":0},"south":{"uv":[1.875,8.4375,2.125,8.6875],"rotation":0,"texture":"#0","tintindex":0},"north":{"uv":[7.6875,8.375,7.9375,8.625],"rotation":0,"texture":"#0","tintindex":0},"west":{"uv":[7.3125,3.4375,7.875,3.6875],"rotation":0,"texture":"#0","tintindex":0},"up":{"uv":[4.0,7.9375,3.75,7.375],"rotation":0,"texture":"#0","tintindex":0},"down":{"uv":[4.9375,7.375,4.6875,7.9375],"rotation":0,"texture":"#0","tintindex":0}}},{"from":[11.549723,5.5605226,4.8988705],"to":[13.264009,10.131951,6.6131563],"rotation":{"angle":-22.5,"axis":"x","origin":[11.821152,5.5605226,7.184585]},"faces":{"east":{"uv":[8.0625,2.3125,8.25,2.8125],"rotation":0,"texture":"#0","tintindex":0},"south":{"uv":[2.5625,8.0625,2.75,8.5625],"rotation":0,"texture":"#0","tintindex":0},"north":{"uv":[2.3125,8.0625,2.5,8.5625],"rotation":0,"texture":"#0","tintindex":0},"west":{"uv":[6.25,8.0625,6.4375,8.5625],"rotation":0,"texture":"#0","tintindex":0},"up":{"uv":[8.875,7.25,8.6875,7.0625],"rotation":0,"texture":"#0","tintindex":0},"down":{"uv":[7.875,8.6875,7.6875,8.875],"rotation":0,"texture":"#0","tintindex":0}}}],"textures":{"0":"modelengine:entity/nocsy_mount_ram"},"display":{"head":{"translation":[0.0,-6.4,0.0],"scale":[4.0,4.0,4.0]}}}