{"elements":[{"from":[3.8342857,3.4556046,8.484652],"to":[11.262857,9.16989,14.770367],"rotation":{"angle":22.5,"axis":"x","origin":[7.22,6.841319,13.901794]},"faces":{"east":{"uv":[1.75,4.0,3.125,5.25],"rotation":0,"texture":"#0","tintindex":0},"south":{"uv":[3.375,2.875,5.0,4.125],"rotation":0,"texture":"#0","tintindex":0},"north":{"uv":[3.375,1.5,5.0,2.75],"rotation":0,"texture":"#0","tintindex":0},"west":{"uv":[0.0,4.25,1.375,5.5],"rotation":0,"texture":"#0","tintindex":0},"up":{"uv":[1.625,4.125,0.0,2.75],"rotation":0,"texture":"#0","tintindex":0},"down":{"uv":[5.0,0.0,3.375,1.375],"rotation":0,"texture":"#0","tintindex":0}}},{"from":[4.691428,3.5405722,13.023203],"to":[10.405714,9.254858,21.594631],"rotation":{"angle":0.0,"axis":"y","origin":[7.174286,6.4748583,15.957489]},"faces":{"east":{"uv":[0.0,0.0,1.875,1.25],"rotation":0,"texture":"#0","tintindex":0},"south":{"uv":[4.625,4.25,5.875,5.5],"rotation":0,"texture":"#0","tintindex":0},"north":{"uv":[3.25,4.25,4.5,5.5],"rotation":0,"texture":"#0","tintindex":0},"west":{"uv":[0.0,1.375,1.875,2.625],"rotation":0,"texture":"#0","tintindex":0},"up":{"uv":[3.25,1.875,2.0,0.0],"rotation":0,"texture":"#0","tintindex":0},"down":{"uv":[3.25,2.0,2.0,3.875],"rotation":0,"texture":"#0","tintindex":0}}},{"from":[4.977143,3.992001,18.891775],"to":[10.12,7.992001,23.463203],"rotation":{"angle":-22.5,"axis":"x","origin":[7.46,6.4748583,17.311775]},"faces":{"east":{"uv":[9.75,1.25,10.75,2.125],"rotation":0,"texture":"#0","tintindex":0},"south":{"uv":[8.875,5.25,10.0,6.125],"rotation":0,"texture":"#0","tintindex":0},"north":{"uv":[8.5,1.5,9.625,2.375],"rotation":0,"texture":"#0","tintindex":0},"west":{"uv":[9.75,2.25,10.75,3.125],"rotation":0,"texture":"#0","tintindex":0},"up":{"uv":[2.375,8.875,1.25,7.875],"rotation":0,"texture":"#0","tintindex":0},"down":{"uv":[9.0,7.5,7.875,8.5],"rotation":0,"texture":"#0","tintindex":0}}},{"from":[4.982857,7.3186455,5.3643084],"to":[10.114286,10.16436,10.495737],"rotation":{"angle":-22.5,"axis":"x","origin":[7.9126287,8.834131,8.345509]},"faces":{"east":{"uv":[10.375,0.0,11.5,0.625],"rotation":0,"texture":"#0","tintindex":0},"south":{"uv":[10.625,3.25,11.75,3.875],"rotation":0,"texture":"#0","tintindex":0},"north":{"uv":[0.625,10.25,1.75,10.875],"rotation":0,"texture":"#0","tintindex":0},"west":{"uv":[10.625,4.0,11.75,4.625],"rotation":0,"texture":"#0","tintindex":0},"up":{"uv":[2.5,7.75,1.375,6.625],"rotation":0,"texture":"#0","tintindex":0},"down":{"uv":[7.875,5.0,6.75,6.125],"rotation":0,"texture":"#0","tintindex":0}}},{"from":[4.977143,5.7037706,5.031351],"to":[10.12,8.560914,10.174209],"rotation":{"angle":0.0,"axis":"y","origin":[7.9114285,8.863771,8.417066]},"faces":{"east":{"uv":[10.625,8.0,11.75,8.625],"rotation":0,"texture":"#0","tintindex":0},"south":{"uv":[10.625,8.75,11.75,9.375],"rotation":0,"texture":"#0","tintindex":0},"north":{"uv":[10.625,7.25,11.75,7.875],"rotation":0,"texture":"#0","tintindex":0},"west":{"uv":[10.625,9.5,11.75,10.125],"rotation":0,"texture":"#0","tintindex":0},"up":{"uv":[7.875,7.375,6.75,6.25],"rotation":0,"texture":"#0","tintindex":0},"down":{"uv":[1.125,6.875,0.0,8.0],"rotation":0,"texture":"#0","tintindex":0}}}],"textures":{"0":"modelengine:entity/nocsy_mount_leopard"},"display":{"head":{"translation":[0.0,-6.4,0.0],"scale":[4.0,4.0,4.0]}}}