{"elements":[{"from":[5.142857,5.944698,3.0990095],"to":[10.857143,11.087555,8.241867],"rotation":{"angle":0.0,"axis":"y","origin":[8.528571,9.556127,11.4504385]},"faces":{"east":{"uv":[2.625,6.875,3.75,8.0],"rotation":0,"texture":"#0","tintindex":0},"south":{"uv":[0.0,5.625,1.25,6.75],"rotation":0,"texture":"#0","tintindex":0},"north":{"uv":[1.5,5.375,2.75,6.5],"rotation":0,"texture":"#0","tintindex":0},"west":{"uv":[3.875,6.875,5.0,8.0],"rotation":0,"texture":"#0","tintindex":0},"up":{"uv":[4.125,6.75,2.875,5.625],"rotation":0,"texture":"#0","tintindex":0},"down":{"uv":[5.5,5.625,4.25,6.75],"rotation":0,"texture":"#0","tintindex":0}}},{"from":[4.9514284,8.201841,2.963581],"to":[6.6657143,9.344698,3.820724],"rotation":{"angle":0.0,"axis":"y","origin":[8.677143,9.556127,11.4504385]},"faces":{"east":{"uv":[6.375,7.125,6.625,7.375],"rotation":0,"texture":"#0","tintindex":0},"south":{"uv":[7.0,14.25,7.375,14.5],"rotation":0,"texture":"#0","tintindex":0},"north":{"uv":[4.875,10.875,5.25,11.125],"rotation":0,"texture":"#0","tintindex":0},"west":{"uv":[7.0,10.75,7.25,11.0],"rotation":0,"texture":"#0","tintindex":0},"up":{"uv":[7.875,14.5,7.5,14.25],"rotation":0,"texture":"#0","tintindex":0},"down":{"uv":[8.375,14.25,8.0,14.5],"rotation":0,"texture":"#0","tintindex":0}}},{"from":[5.7514286,8.4875555,2.9064384],"to":[6.0942855,9.058984,2.9064384],"rotation":{"angle":0.0,"axis":"y","origin":[8.677143,9.556127,11.4504385]},"faces":{"east":{"uv":[3.25,4.0,3.25,4.125],"rotation":0,"texture":"#0","tintindex":0},"south":{"uv":[2.875,5.375,3.0,5.5],"rotation":0,"texture":"#0","tintindex":0},"north":{"uv":[1.75,3.75,1.875,3.875],"rotation":0,"texture":"#0","tintindex":0},"west":{"uv":[3.125,5.375,3.125,5.5],"rotation":0,"texture":"#0","tintindex":0},"up":{"uv":[1.625,5.25,1.5,5.25],"rotation":0,"texture":"#0","tintindex":0},"down":{"uv":[8.25,2.75,8.125,2.75],"rotation":0,"texture":"#0","tintindex":0}}},{"from":[9.905714,8.4875555,2.9064384],"to":[10.248571,9.058984,2.9064384],"rotation":{"angle":0.0,"axis":"y","origin":[7.322857,9.556127,11.4504385]},"faces":{"east":{"uv":[7.0,3.0,7.0,3.125],"rotation":0,"texture":"#0","tintindex":0},"south":{"uv":[8.125,2.5,8.25,2.625],"rotation":0,"texture":"#0","tintindex":0},"north":{"uv":[2.625,6.625,2.75,6.75],"rotation":0,"texture":"#0","tintindex":0},"west":{"uv":[7.0,3.25,7.0,3.375],"rotation":0,"texture":"#0","tintindex":0},"up":{"uv":[8.25,2.875,8.125,2.875],"rotation":0,"texture":"#0","tintindex":0},"down":{"uv":[4.875,8.125,4.75,8.125],"rotation":0,"texture":"#0","tintindex":0}}},{"from":[4.608571,8.870818,2.9803176],"to":[6.322857,9.670818,2.9803176],"rotation":{"angle":-45.0,"axis":"x","origin":[6.38,9.385104,2.9231749]},"faces":{"east":{"uv":[2.5,7.875,2.5,8.0],"rotation":0,"texture":"#0","tintindex":0},"south":{"uv":[9.125,8.375,9.5,8.5],"rotation":0,"texture":"#0","tintindex":0},"north":{"uv":[5.125,6.875,5.5,7.0],"rotation":0,"texture":"#0","tintindex":0},"west":{"uv":[5.0,8.125,5.0,8.25],"rotation":0,"texture":"#0","tintindex":0},"up":{"uv":[7.75,10.0,7.375,10.0],"rotation":0,"texture":"#0","tintindex":0},"down":{"uv":[13.375,12.625,13.0,12.625],"rotation":0,"texture":"#0","tintindex":0}}},{"from":[9.677143,8.870818,2.9803176],"to":[11.391429,9.670818,2.9803176],"rotation":{"angle":-45.0,"axis":"x","origin":[9.62,9.385104,2.9231749]},"faces":{"east":{"uv":[9.375,1.25,9.375,1.375],"rotation":0,"texture":"#0","tintindex":0},"south":{"uv":[13.375,14.25,13.75,14.375],"rotation":0,"texture":"#0","tintindex":0},"north":{"uv":[12.875,14.25,13.25,14.375],"rotation":0,"texture":"#0","tintindex":0},"west":{"uv":[9.5,1.25,9.5,1.375],"rotation":0,"texture":"#0","tintindex":0},"up":{"uv":[13.875,5.125,13.5,5.125],"rotation":0,"texture":"#0","tintindex":0},"down":{"uv":[8.75,13.75,8.375,13.75],"rotation":0,"texture":"#0","tintindex":0}}},{"from":[9.334286,8.201841,2.963581],"to":[11.048572,9.344698,3.820724],"rotation":{"angle":0.0,"axis":"y","origin":[7.322857,9.556127,11.4504385]},"faces":{"east":{"uv":[11.875,9.75,12.125,10.0],"rotation":0,"texture":"#0","tintindex":0},"south":{"uv":[9.0,14.25,9.375,14.5],"rotation":0,"texture":"#0","tintindex":0},"north":{"uv":[8.5,14.25,8.875,14.5],"rotation":0,"texture":"#0","tintindex":0},"west":{"uv":[9.625,12.0,9.875,12.25],"rotation":0,"texture":"#0","tintindex":0},"up":{"uv":[9.875,14.5,9.5,14.25],"rotation":0,"texture":"#0","tintindex":0},"down":{"uv":[10.375,14.25,10.0,14.5],"rotation":0,"texture":"#0","tintindex":0}}},{"from":[5.020571,10.504127,5.3561525],"to":[7.306286,12.789841,6.4990096],"rotation":{"angle":22.5,"axis":"z","origin":[8.0,8.427555,5.5818667]},"faces":{"east":{"uv":[4.375,9.125,4.625,9.625],"rotation":0,"texture":"#0","tintindex":0},"south":{"uv":[13.375,11.0,13.875,11.5],"rotation":0,"texture":"#0","tintindex":0},"north":{"uv":[13.375,5.25,13.875,5.75],"rotation":0,"texture":"#0","tintindex":0},"west":{"uv":[5.875,11.25,6.125,11.75],"rotation":0,"texture":"#0","tintindex":0},"up":{"uv":[14.5,2.125,14.0,1.875],"rotation":0,"texture":"#0","tintindex":0},"down":{"uv":[14.5,13.0,14.0,13.25],"rotation":0,"texture":"#0","tintindex":0}}},{"from":[8.693714,10.504127,5.3561525],"to":[10.979429,12.789841,6.4990096],"rotation":{"angle":-22.5,"axis":"z","origin":[8.0,8.427555,5.5818667]},"faces":{"east":{"uv":[11.0,11.5,11.25,12.0],"rotation":0,"texture":"#0","tintindex":0},"south":{"uv":[0.625,13.5,1.125,14.0],"rotation":0,"texture":"#0","tintindex":0},"north":{"uv":[0.0,13.5,0.5,14.0],"rotation":0,"texture":"#0","tintindex":0},"west":{"uv":[4.875,14.25,5.125,14.75],"rotation":0,"texture":"#0","tintindex":0},"up":{"uv":[6.25,14.5,5.75,14.25],"rotation":0,"texture":"#0","tintindex":0},"down":{"uv":[6.875,14.25,6.375,14.5],"rotation":0,"texture":"#0","tintindex":0}}},{"from":[6.285714,6.831557,0.71048355],"to":[9.714286,9.117271,4.7104836],"rotation":{"angle":-22.5,"axis":"x","origin":[7.865714,8.097381,1.9356122]},"faces":{"east":{"uv":[6.875,12.125,7.75,12.625],"rotation":0,"texture":"#0","tintindex":0},"south":{"uv":[5.875,12.75,6.625,13.25],"rotation":0,"texture":"#0","tintindex":0},"north":{"uv":[12.625,6.0,13.375,6.5],"rotation":0,"texture":"#0","tintindex":0},"west":{"uv":[11.0,12.125,11.875,12.625],"rotation":0,"texture":"#0","tintindex":0},"up":{"uv":[1.375,11.875,0.625,11.0],"rotation":0,"texture":"#0","tintindex":0},"down":{"uv":[2.25,11.0,1.5,11.875],"rotation":0,"texture":"#0","tintindex":0}}},{"from":[6.2914286,6.46479,1.2938657],"to":[9.708571,8.739076,5.2824364],"rotation":{"angle":0.0,"axis":"y","origin":[8.0,7.506557,2.699235]},"faces":{"east":{"uv":[12.0,12.125,12.875,12.625],"rotation":0,"texture":"#0","tintindex":0},"south":{"uv":[6.75,12.75,7.5,13.25],"rotation":0,"texture":"#0","tintindex":0},"north":{"uv":[12.75,6.625,13.5,7.125],"rotation":0,"texture":"#0","tintindex":0},"west":{"uv":[7.875,12.25,8.75,12.75],"rotation":0,"texture":"#0","tintindex":0},"up":{"uv":[9.875,11.875,9.125,11.0],"rotation":0,"texture":"#0","tintindex":0},"down":{"uv":[11.875,4.75,11.125,5.625],"rotation":0,"texture":"#0","tintindex":0}}},{"from":[6.4628572,5.7647896,2.636722],"to":[6.4514284,6.32479,3.196722],"rotation":{"angle":-45.0,"axis":"x","origin":[6.285714,5.6019325,2.1452937]},"faces":{"east":{"uv":[11.125,15.125,11.25,15.25],"rotation":0,"texture":"#0","tintindex":0},"south":{"uv":[6.75,12.75,7.5,13.25],"rotation":0,"texture":"#0","tintindex":0},"north":{"uv":[12.75,6.625,13.5,7.125],"rotation":0,"texture":"#0","tintindex":0},"west":{"uv":[11.25,15.125,11.125,15.25],"rotation":0,"texture":"#0","tintindex":0},"up":{"uv":[9.875,11.875,9.125,11.0],"rotation":0,"texture":"#0","tintindex":0},"down":{"uv":[11.875,4.75,11.125,5.625],"rotation":0,"texture":"#0","tintindex":0}}},{"from":[9.548572,5.7647896,2.636722],"to":[9.537143,6.32479,3.196722],"rotation":{"angle":-45.0,"axis":"x","origin":[9.714286,5.6019325,2.1452937]},"faces":{"east":{"uv":[11.125,15.125,11.25,15.25],"rotation":0,"texture":"#0","tintindex":0},"south":{"uv":[7.5,12.75,6.75,13.25],"rotation":0,