{"elements":[{"from":[5.065714,4.119628,6.5860724],"to":[9.065714,9.2624855,11.7289295],"rotation":{"angle":0.0,"axis":"y","origin":[8.451428,6.602485,5.2317867]},"faces":{"east":{"uv":[7.125,3.0,8.25,4.125],"rotation":0,"texture":"#0","tintindex":0},"south":{"uv":[0.875,9.0,1.75,10.125],"rotation":0,"texture":"#0","tintindex":0},"north":{"uv":[8.875,6.25,9.75,7.375],"rotation":0,"texture":"#0","tintindex":0},"west":{"uv":[5.125,7.125,6.25,8.25],"rotation":0,"texture":"#0","tintindex":0},"up":{"uv":[4.25,10.25,3.375,9.125],"rotation":0,"texture":"#0","tintindex":0},"down":{"uv":[10.25,0.0,9.375,1.125],"rotation":0,"texture":"#0","tintindex":0}}},{"from":[5.0714283,1.2681994,6.5917864],"to":[9.059999,4.1139135,10.00893],"rotation":{"angle":0.0,"axis":"y","origin":[7.098343,3.295114,9.295844]},"faces":{"east":{"uv":[5.125,3.5,5.875,4.125],"rotation":0,"texture":"#0","tintindex":0},"south":{"uv":[0.0,12.0,0.875,12.625],"rotation":0,"texture":"#0","tintindex":0},"north":{"uv":[11.875,9.0,12.75,9.625],"rotation":0,"texture":"#0","tintindex":0},"west":{"uv":[7.125,4.25,7.875,4.875],"rotation":0,"texture":"#0","tintindex":0},"up":{"uv":[5.75,12.0,4.875,11.25],"rotation":0,"texture":"#0","tintindex":0},"down":{"uv":[7.875,11.25,7.0,12.0],"rotation":0,"texture":"#0","tintindex":0}}}],"textures":{"0":"modelengine:entity/nocsy_mount_leopard"},"display":{"head":{"translation":[0.0,-6.4,0.0],"scale":[4.0,4.0,4.0]}}}