{"elements":[{"from":[6.2485714,6.42,7.0971427],"to":[9.677143,8.705714,11.097143],"rotation":{"angle":0.0,"axis":"y","origin":[8.0,8.0,7.0971427]},"faces":{"east":{"uv":[12.25,9.75,13.125,10.25],"rotation":0,"texture":"#0","tintindex":0},"south":{"uv":[11.75,12.75,12.5,13.25],"rotation":0,"texture":"#0","tintindex":0},"north":{"uv":[10.875,12.75,11.625,13.25],"rotation":0,"texture":"#0","tintindex":0},"west":{"uv":[12.25,10.375,13.125,10.875],"rotation":0,"texture":"#0","tintindex":0},"up":{"uv":[8.75,12.125,8.0,11.25],"rotation":0,"texture":"#0","tintindex":0},"down":{"uv":[12.125,10.25,11.375,11.125],"rotation":0,"texture":"#0","tintindex":0}}},{"from":[5.968571,5.517143,10.428572],"to":[9.968572,8.945714,11.571428],"rotation":{"angle":22.5,"axis":"x","origin":[8.0,7.5485716,11.16]},"faces":{"east":{"uv":[0.875,8.125,1.125,8.875],"rotation":0,"texture":"#0","tintindex":0},"south":{"uv":[10.0,11.5,10.875,12.25],"rotation":0,"texture":"#0","tintindex":0},"north":{"uv":[11.375,11.25,12.25,12.0],"rotation":0,"texture":"#0","tintindex":0},"west":{"uv":[3.5,13.625,3.75,14.375],"rotation":0,"texture":"#0","tintindex":0},"up":{"uv":[14.75,12.375,13.875,12.125],"rotation":0,"texture":"#0","tintindex":0},"down":{"uv":[14.75,13.375,13.875,13.625],"rotation":0,"texture":"#0","tintindex":0}}},{"from":[6.5342855,4.1800385,10.351337],"to":[9.391429,8.180038,12.637053],"rotation":{"angle":-22.5,"axis":"x","origin":[8.0,7.340039,11.073623]},"faces":{"east":{"uv":[9.625,12.375,10.125,13.25],"rotation":0,"texture":"#0","tintindex":0},"south":{"uv":[1.75,12.0,2.375,12.875],"rotation":0,"texture":"#0","tintindex":0},"north":{"uv":[1.0,12.0,1.625,12.875],"rotation":0,"texture":"#0","tintindex":0},"west":{"uv":[10.25,12.375,10.75,13.25],"rotation":0,"texture":"#0","tintindex":0},"up":{"uv":[13.5,7.75,12.875,7.25],"rotation":0,"texture":"#0","tintindex":0},"down":{"uv":[8.25,12.875,7.625,13.375],"rotation":0,"texture":"#0","tintindex":0}}}],"textures":{"0":"modelengine:entity/nocsy_mount_leopard"},"display":{"head":{"translation":[0.0,-6.4,0.0],"scale":[4.0,4.0,4.0]}}}