{"elements":[{"from":[6.7982106,6.877143,7.9347024],"to":[9.072496,8.58,8.494702],"rotation":{"angle":0.0,"axis":"y","origin":[10.572496,15.2228565,10.1861315]},"faces":{"east":{"uv":[1.75,2.75,1.875,3.125],"rotation":0,"texture":"#0","tintindex":0},"south":{"uv":[14.0,3.375,14.5,3.75],"rotation":0,"texture":"#0","tintindex":0},"north":{"uv":[1.25,14.0,1.75,14.375],"rotation":0,"texture":"#0","tintindex":0},"west":{"uv":[1.75,3.25,1.875,3.625],"rotation":0,"texture":"#0","tintindex":0},"up":{"uv":[10.25,3.375,9.75,3.25],"rotation":0,"texture":"#0","tintindex":0},"down":{"uv":[10.375,7.25,9.875,7.375],"rotation":0,"texture":"#0","tintindex":0}}},{"from":[7.0926285,6.8669143,4.465577],"to":[8.818343,8.5926285,7.9055777],"rotation":{"angle":0.0,"axis":"y","origin":[10.482857,15.222857,10.112949]},"faces":{"east":{"uv":[6.125,3.0,6.875,3.375],"rotation":0,"texture":"#0","tintindex":0},"south":{"uv":[9.625,4.75,10.0,5.125],"rotation":0,"texture":"#0","tintindex":0},"north":{"uv":[7.375,9.5,7.75,9.875],"rotation":0,"texture":"#0","tintindex":0},"west":{"uv":[7.25,2.5,8.0,2.875],"rotation":0,"texture":"#0","tintindex":0},"up":{"uv":[9.5,8.25,9.125,7.5],"rotation":0,"texture":"#0","tintindex":0},"down":{"uv":[9.5,10.125,9.125,10.875],"rotation":0,"texture":"#0","tintindex":0}}},{"from":[7.9497714,6.8669143,3.5512915],"to":[7.9611998,8.5926285,5.277006],"rotation":{"angle":0.0,"axis":"y","origin":[10.482857,15.222857,10.112949]},"faces":{"east":{"uv":[8.75,15.25,8.375,15.625],"rotation":0,"texture":"#0","tintindex":0},"south":{"uv":[9.625,4.75,10.0,5.125],"rotation":0,"texture":"#0","tintindex":0},"north":{"uv":[7.625,15.25,7.625,15.625],"rotation":0,"texture":"#0","tintindex":0},"west":{"uv":[8.375,15.25,8.75,15.625],"rotation":0,"texture":"#0","tintindex":0},"up":{"uv":[9.5,8.25,9.125,7.5],"rotation":0,"texture":"#0","tintindex":0},"down":{"uv":[9.5,10.125,9.125,10.875],"rotation":0,"texture":"#0","tintindex":0}}},{"from":[6.2354856,6.8669143,4.1227202],"to":[6.2469144,8.5926285,5.8484344],"rotation":{"angle":22.5,"axis":"y","origin":[6.2412,7.7297716,4.9855776]},"faces":{"east":{"uv":[8.75,15.25,8.375,15.625],"rotation":0,"texture":"#0","tintindex":0},"south":{"uv":[9.625,4.75,10.0,5.125],"rotation":0,"texture":"#0","tintindex":0},"north":{"uv":[7.625,15.25,7.625,15.625],"rotation":0,"texture":"#0","tintindex":0},"west":{"uv":[8.375,15.25,8.75,15.625],"rotation":0,"texture":"#0","tintindex":0},"up":{"uv":[9.5,8.25,9.125,7.5],"rotation":0,"texture":"#0","tintindex":0},"down":{"uv":[9.5,10.125,9.125,10.875],"rotation":0,"texture":"#0","tintindex":0}}},{"from":[9.6069145,6.8669143,4.1227202],"to":[9.618343,8.5926285,5.8484344],"rotation":{"angle":-22.5,"axis":"y","origin":[9.612629,7.7297716,4.9855776]},"faces":{"east":{"uv":[8.75,15.25,8.375,15.625],"rotation":0,"texture":"#0","tintindex":0},"south":{"uv":[9.625,4.75,10.0,5.125],"rotation":0,"texture":"#0","tintindex":0},"north":{"uv":[7.625,15.25,7.625,15.625],"rotation":0,"texture":"#0","tintindex":0},"west":{"uv":[8.375,15.25,8.75,15.625],"rotation":0,"texture":"#0","tintindex":0},"up":{"uv":[9.5,8.25,9.125,7.5],"rotation":0,"texture":"#0","tintindex":0},"down":{"uv":[9.5,10.125,9.125,10.875],"rotation":0,"texture":"#0","tintindex":0}}},{"from":[6.1530514,6.8714285,4.4529104],"to":[7.867337,8.585714,7.881482],"rotation":{"angle":22.5,"axis":"y","origin":[8.0,7.774286,6.727235]},"faces":{"east":{"uv":[12.375,11.625,13.125,12.0],"rotation":0,"texture":"#0","tintindex":0},"south":{"uv":[14.0,4.875,14.375,5.25],"rotation":0,"texture":"#0","tintindex":0},"north":{"uv":[10.375,0.75,10.75,1.125],"rotation":0,"texture":"#0","tintindex":0},"west":{"uv":[12.875,9.125,13.625,9.5],"rotation":0,"texture":"#0","tintindex":0},"up":{"uv":[5.75,13.625,5.375,12.875],"rotation":0,"texture":"#0","tintindex":0},"down":{"uv":[8.75,12.875,8.375,13.625],"rotation":0,"texture":"#0","tintindex":0}}},{"from":[8.63349,6.8714285,7.5624866],"to":[10.347776,8.585714,10.991058],"rotation":{"angle":-22.5,"axis":"y","origin":[16.099438,7.774286,6.727235]},"faces":{"east":{"uv":[0.75,13.0,1.5,13.375],"rotation":0,"texture":"#0","tintindex":0},"south":{"uv":[14.0,5.875,14.375,6.25],"rotation":0,"texture":"#0","tintindex":0},"north":{"uv":[14.0,5.375,14.375,5.75],"rotation":0,"texture":"#0","tintindex":0},"west":{"uv":[1.625,13.0,2.375,13.375],"rotation":0,"texture":"#0","tintindex":0},"up":{"uv":[13.375,5.125,13.0,4.375],"rotation":0,"texture":"#0","tintindex":0},"down":{"uv":[9.25,13.0,8.875,13.75],"rotation":0,"texture":"#0","tintindex":0}}}],"textures":{"0":"modelengine:entity/nocsy_mount_leopard"},"display":{"head":{"translation":[0.0,-6.4,0.0],"scale":[4.0,4.0,4.0]}}}