{"elements":[{"from":[6.6457143,3.2515516,6.623964],"to":[9.502857,8.394409,9.481107],"rotation":{"angle":0.0,"axis":"y","origin":[10.482857,11.151552,11.13825]},"faces":{"east":{"uv":[10.625,10.25,11.25,11.375],"rotation":0,"texture":"#0","tintindex":0},"south":{"uv":[6.25,10.75,6.875,11.875],"rotation":0,"texture":"#0","tintindex":0},"north":{"uv":[3.375,10.375,4.0,11.5],"rotation":0,"texture":"#0","tintindex":0},"west":{"uv":[10.875,0.75,11.5,1.875],"rotation":0,"texture":"#0","tintindex":0},"up":{"uv":[13.25,1.625,12.625,1.0],"rotation":0,"texture":"#0","tintindex":0},"down":{"uv":[13.25,5.25,12.625,5.875],"rotation":0,"texture":"#0","tintindex":0}}},{"from":[6.022857,5.18836,6.4265766],"to":[10.022858,6.3312173,10.426577],"rotation":{"angle":-22.5,"axis":"x","origin":[8.0,5.0290194,8.202322]},"faces":{"east":{"uv":[13.75,2.25,14.625,2.5],"rotation":0,"texture":"#0","tintindex":0},"south":{"uv":[13.75,2.625,14.625,2.875],"rotation":0,"texture":"#0","tintindex":0},"north":{"uv":[13.625,3.0,14.5,3.25],"rotation":0,"texture":"#0","tintindex":0},"west":{"uv":[13.75,8.875,14.625,9.125],"rotation":0,"texture":"#0","tintindex":0},"up":{"uv":[5.25,10.75,4.375,9.875],"rotation":0,"texture":"#0","tintindex":0},"down":{"uv":[10.75,6.25,9.875,7.125],"rotation":0,"texture":"#0","tintindex":0}}}],"textures":{"0":"modelengine:entity/nocsy_mount_leopard"},"display":{"head":{"translation":[0.0,-6.4,0.0],"scale":[4.0,4.0,4.0]}}}