{"elements":[{"from":[6.9812,4.7772818,7.758936],"to":[8.706914,8.217282,9.484651],"rotation":{"angle":0.0,"axis":"y","origin":[7.8885713,8.844654,8.0343075]},"faces":{"east":{"uv":[10.375,13.375,10.75,14.125],"rotation":0,"texture":"#0","tintindex":0},"south":{"uv":[10.875,13.375,11.25,14.125],"rotation":0,"texture":"#0","tintindex":0},"north":{"uv":[9.875,13.375,10.25,14.125],"rotation":0,"texture":"#0","tintindex":0},"west":{"uv":[11.375,13.375,11.75,14.125],"rotation":0,"texture":"#0","tintindex":0},"up":{"uv":[14.5,6.75,14.125,6.375],"rotation":0,"texture":"#0","tintindex":0},"down":{"uv":[14.5,6.875,14.125,7.25],"rotation":0,"texture":"#0","tintindex":0}}},{"from":[5.405714,4.7366533,7.76345],"to":[7.12,7.5937967,9.477736],"rotation":{"angle":-22.5,"axis":"z","origin":[8.114285,5.910368,8.440593]},"faces":{"east":{"uv":[13.5,1.5,13.875,2.125],"rotation":0,"texture":"#0","tintindex":0},"south":{"uv":[2.0,13.5,2.375,14.125],"rotation":0,"texture":"#0","tintindex":0},"north":{"uv":[8.375,3.5,8.75,4.125],"rotation":0,"texture":"#0","tintindex":0},"west":{"uv":[13.5,3.625,13.875,4.25],"rotation":0,"texture":"#0","tintindex":0},"up":{"uv":[14.5,7.75,14.125,7.375],"rotation":0,"texture":"#0","tintindex":0},"down":{"uv":[14.5,7.875,14.125,8.25],"rotation":0,"texture":"#0","tintindex":0}}},{"from":[5.679406,4.663601,7.76345],"to":[5.679406,6.377887,9.477736],"rotation":{"angle":-22.5,"axis":"z","origin":[5.679406,4.720744,8.620593]},"faces":{"east":{"uv":[8.75,15.25,8.375,15.625],"rotation":90,"texture":"#0","tintindex":0},"south":{"uv":[8.75,15.25,8.375,15.625],"rotation":0,"texture":"#0","tintindex":0},"north":{"uv":[8.375,15.25,8.75,15.625],"rotation":180,"texture":"#0","tintindex":0},"west":{"uv":[8.375,15.25,8.75,15.625],"rotation":270,"texture":"#0","tintindex":0},"up":{"uv":[2.0,13.5,2.375,14.125],"rotation":0,"texture":"#0","tintindex":0},"down":{"uv":[8.375,3.5,8.75,4.125],"rotation":180,"texture":"#0","tintindex":0}}},{"from":[7.7544208,3.8422856,7.76345],"to":[7.7544208,5.556571,9.477736],"rotation":{"angle":0.0,"axis":"y","origin":[8.097278,4.5851426,8.620593]},"faces":{"east":{"uv":[8.75,15.25,8.375,15.625],"rotation":90,"texture":"#0","tintindex":0},"south":{"uv":[8.75,15.25,8.375,15.625],"rotation":0,"texture":"#0","tintindex":0},"north":{"uv":[8.375,15.25,8.75,15.625],"rotation":180,"texture":"#0","tintindex":0},"west":{"uv":[8.375,15.25,8.75,15.625],"rotation":270,"texture":"#0","tintindex":0},"up":{"uv":[2.0,13.5,2.375,14.125],"rotation":0,"texture":"#0","tintindex":0},"down":{"uv":[8.375,3.5,8.75,4.125],"rotation":180,"texture":"#0","tintindex":0}}},{"from":[9.8115635,3.8422856,7.76345],"to":[9.8115635,5.556571,9.477736],"rotation":{"angle":22.5,"axis":"z","origin":[7.7544208,4.6994286,8.620593]},"faces":{"east":{"uv":[8.75,15.25,8.375,15.625],"rotation":90,"texture":"#0","tintindex":0},"south":{"uv":[8.75,15.25,8.375,15.625],"rotation":0,"texture":"#0","tintindex":0},"north":{"uv":[8.375,15.25,8.75,15.625],"rotation":180,"texture":"#0","tintindex":0},"west":{"uv":[8.375,15.25,8.75,15.625],"rotation":270,"texture":"#0","tintindex":0},"up":{"uv":[2.0,13.5,2.375,14.125],"rotation":0,"texture":"#0","tintindex":0},"down":{"uv":[8.375,3.5,8.75,4.125],"rotation":180,"texture":"#0","tintindex":0}}},{"from":[9.107429,7.526368,7.76345],"to":[10.821714,10.383511,9.477736],"rotation":{"angle":22.5,"axis":"z","origin":[14.885715,5.910368,8.440593]},"faces":{"east":{"uv":[4.375,13.5,4.75,14.125],"rotation":0,"texture":"#0","tintindex":0},"south":{"uv":[13.5,4.375,13.875,5.0],"rotation":0,"texture":"#0","tintindex":0},"north":{"uv":[3.875,13.5,4.25,14.125],"rotation":0,"texture":"#0","tintindex":0},"west":{"uv":[4.875,13.5,5.25,14.125],"rotation":0,"texture":"#0","tintindex":0},"up":{"uv":[14.5,8.75,14.125,8.375],"rotation":0,"texture":"#0","tintindex":0},"down":{"uv":[14.5,10.375,14.125,10.75],"rotation":0,"texture":"#0","tintindex":0}}}],"textures":{"0":"modelengine:entity/nocsy_mount_leopard"},"display":{"head":{"translation":[0.0,-6.4,0.0],"scale":[4.0,4.0,4.0]}}}