{"elements":[{"from":[7.2930856,4.7772818,7.758936],"to":[9.0188,8.217282,9.484651],"rotation":{"angle":0.0,"axis":"y","origin":[8.111428,8.844654,8.0343075]},"faces":{"east":{"uv":[11.75,13.375,11.375,14.125],"rotation":0,"texture":"#0","tintindex":0},"south":{"uv":[11.25,13.375,10.875,14.125],"rotation":0,"texture":"#0","tintindex":0},"north":{"uv":[10.25,13.375,9.875,14.125],"rotation":0,"texture":"#0","tintindex":0},"west":{"uv":[10.75,13.375,10.375,14.125],"rotation":0,"texture":"#0","tintindex":0},"up":{"uv":[14.125,6.75,14.5,6.375],"rotation":0,"texture":"#0","tintindex":0},"down":{"uv":[14.125,6.875,14.5,7.25],"rotation":0,"texture":"#0","tintindex":0}}},{"from":[8.88,4.7366533,7.76345],"to":[10.594286,7.5937967,9.477736],"rotation":{"angle":22.5,"axis":"z","origin":[7.885714,5.910368,8.440593]},"faces":{"east":{"uv":[13.875,3.625,13.5,4.25],"rotation":0,"texture":"#0","tintindex":0},"south":{"uv":[2.375,13.5,2.0,14.125],"rotation":0,"texture":"#0","tintindex":0},"north":{"uv":[8.75,3.5,8.375,4.125],"rotation":0,"texture":"#0","tintindex":0},"west":{"uv":[13.875,1.5,13.5,2.125],"rotation":0,"texture":"#0","tintindex":0},"up":{"uv":[14.125,7.75,14.5,7.375],"rotation":0,"texture":"#0","tintindex":0},"down":{"uv":[14.125,7.875,14.5,8.25],"rotation":0,"texture":"#0","tintindex":0}}},{"from":[10.320594,4.663601,7.76345],"to":[10.320594,6.377887,9.477736],"rotation":{"angle":22.5,"axis":"z","origin":[10.320594,4.720744,8.620593]},"faces":{"east":{"uv":[8.375,15.625,8.75,15.25],"rotation":270,"texture":"#0","tintindex":0},"south":{"uv":[8.375,15.25,8.75,15.625],"rotation":0,"texture":"#0","tintindex":0},"north":{"uv":[8.75,15.25,8.375,15.625],"rotation":180,"texture":"#0","tintindex":0},"west":{"uv":[8.75,15.625,8.375,15.25],"rotation":90,"texture":"#0","tintindex":0},"up":{"uv":[2.375,13.5,2.0,14.125],"rotation":0,"texture":"#0","tintindex":0},"down":{"uv":[8.75,3.5,8.375,4.125],"rotation":180,"texture":"#0","tintindex":0}}},{"from":[8.24558,3.8422856,7.76345],"to":[8.24558,5.556571,9.477736],"rotation":{"angle":0.0,"axis":"y","origin":[7.902722,4.5851426,8.620593]},"faces":{"east":{"uv":[8.375,15.625,8.75,15.25],"rotation":270,"texture":"#0","tintindex":0},"south":{"uv":[8.375,15.25,8.75,15.625],"rotation":0,"texture":"#0","tintindex":0},"north":{"uv":[8.75,15.25,8.375,15.625],"rotation":180,"texture":"#0","tintindex":0},"west":{"uv":[8.75,15.625,8.375,15.25],"rotation":90,"texture":"#0","tintindex":0},"up":{"uv":[2.375,13.5,2.0,14.125],"rotation":0,"texture":"#0","tintindex":0},"down":{"uv":[8.75,3.5,8.375,4.125],"rotation":180,"texture":"#0","tintindex":0}}},{"from":[6.1884365,3.8422856,7.76345],"to":[6.1884365,5.556571,9.477736],"rotation":{"angle":-22.5,"axis":"z","origin":[8.24558,4.6994286,8.620593]},"faces":{"east":{"uv":[8.375,15.625,8.75,15.25],"rotation":270,"texture":"#0","tintindex":0},"south":{"uv":[8.375,15.25,8.75,15.625],"rotation":0,"texture":"#0","tintindex":0},"north":{"uv":[8.75,15.25,8.375,15.625],"rotation":180,"texture":"#0","tintindex":0},"west":{"uv":[8.75,15.625,8.375,15.25],"rotation":90,"texture":"#0","tintindex":0},"up":{"uv":[2.375,13.5,2.0,14.125],"rotation":0,"texture":"#0","tintindex":0},"down":{"uv":[8.75,3.5,8.375,4.125],"rotation":180,"texture":"#0","tintindex":0}}},{"from":[5.1782856,7.526368,7.76345],"to":[6.8925714,10.383511,9.477736],"rotation":{"angle":-22.5,"axis":"z","origin":[1.1142855,5.910368,8.440593]},"faces":{"east":{"uv":[5.25,13.5,4.875,14.125],"rotation":0,"texture":"#0","tintindex":0},"south":{"uv":[13.875,4.375,13.5,5.0],"rotation":0,"texture":"#0","tintindex":0},"north":{"uv":[4.25,13.5,3.875,14.125],"rotation":0,"texture":"#0","tintindex":0},"west":{"uv":[4.75,13.5,4.375,14.125],"rotation":0,"texture":"#0","tintindex":0},"up":{"uv":[14.125,8.75,14.5,8.375],"rotation":0,"texture":"#0","tintindex":0},"down":{"uv":[14.125,10.375,14.5,10.75],"rotation":0,"texture":"#0","tintindex":0}}}],"textures":{"0":"modelengine:entity/nocsy_mount_leopard"},"display":{"head":{"translation":[0.0,-6.4,0.0],"scale":[4.0,4.0,4.0]}}}