{"elements":[{"from":[6.497143,3.2515516,6.623964],"to":[9.354286,8.394409,9.481107],"rotation":{"angle":0.0,"axis":"y","origin":[5.517143,11.151552,11.13825]},"faces":{"east":{"uv":[11.5,0.75,10.875,1.875],"rotation":0,"texture":"#0","tintindex":0},"south":{"uv":[6.875,10.75,6.25,11.875],"rotation":0,"texture":"#0","tintindex":0},"north":{"uv":[4.0,10.375,3.375,11.5],"rotation":0,"texture":"#0","tintindex":0},"west":{"uv":[11.25,10.25,10.625,11.375],"rotation":0,"texture":"#0","tintindex":0},"up":{"uv":[12.625,1.625,13.25,1.0],"rotation":0,"texture":"#0","tintindex":0},"down":{"uv":[12.625,5.25,13.25,5.875],"rotation":0,"texture":"#0","tintindex":0}}},{"from":[5.977143,5.18836,6.4265766],"to":[9.977143,6.3312173,10.426577],"rotation":{"angle":-22.5,"axis":"x","origin":[8.0,5.0290194,8.202322]},"faces":{"east":{"uv":[14.625,8.875,13.75,9.125],"rotation":0,"texture":"#0","tintindex":0},"south":{"uv":[14.625,2.625,13.75,2.875],"rotation":0,"texture":"#0","tintindex":0},"north":{"uv":[14.5,3.0,13.625,3.25],"rotation":0,"texture":"#0","tintindex":0},"west":{"uv":[14.625,2.25,13.75,2.5],"rotation":0,"texture":"#0","tintindex":0},"up":{"uv":[4.375,10.75,5.25,9.875],"rotation":0,"texture":"#0","tintindex":0},"down":{"uv":[9.875,6.25,10.75,7.125],"rotation":0,"texture":"#0","tintindex":0}}}],"textures":{"0":"modelengine:entity/nocsy_mount_leopard"},"display":{"head":{"translation":[0.0,-6.4,0.0],"scale":[4.0,4.0,4.0]}}}