{"elements":[{"from":[6.9275036,6.877143,7.9347024],"to":[9.20179,8.58,8.494702],"rotation":{"angle":0.0,"axis":"y","origin":[5.4275036,15.2228565,10.1861315]},"faces":{"east":{"uv":[1.875,3.25,1.75,3.625],"rotation":0,"texture":"#0","tintindex":0},"south":{"uv":[14.5,3.375,14.0,3.75],"rotation":0,"texture":"#0","tintindex":0},"north":{"uv":[1.75,14.0,1.25,14.375],"rotation":0,"texture":"#0","tintindex":0},"west":{"uv":[1.875,2.75,1.75,3.125],"rotation":0,"texture":"#0","tintindex":0},"up":{"uv":[9.75,3.375,10.25,3.25],"rotation":0,"texture":"#0","tintindex":0},"down":{"uv":[9.875,7.25,10.375,7.375],"rotation":0,"texture":"#0","tintindex":0}}},{"from":[7.1816573,6.8669143,4.465577],"to":[8.9073715,8.5926285,7.9055777],"rotation":{"angle":0.0,"axis":"y","origin":[5.517143,15.222857,10.112949]},"faces":{"east":{"uv":[8.0,2.5,7.25,2.875],"rotation":0,"texture":"#0","tintindex":0},"south":{"uv":[10.0,4.75,9.625,5.125],"rotation":0,"texture":"#0","tintindex":0},"north":{"uv":[7.75,9.5,7.375,9.875],"rotation":0,"texture":"#0","tintindex":0},"west":{"uv":[6.875,3.0,6.125,3.375],"rotation":0,"texture":"#0","tintindex":0},"up":{"uv":[9.125,8.25,9.5,7.5],"rotation":0,"texture":"#0","tintindex":0},"down":{"uv":[9.125,10.125,9.5,10.875],"rotation":0,"texture":"#0","tintindex":0}}},{"from":[8.0388,6.8669143,3.5512915],"to":[8.050228,8.5926285,5.277006],"rotation":{"angle":0.0,"axis":"y","origin":[5.517143,15.222857,10.112949]},"faces":{"east":{"uv":[8.75,15.25,8.375,15.625],"rotation":0,"texture":"#0","tintindex":0},"south":{"uv":[10.0,4.75,9.625,5.125],"rotation":0,"texture":"#0","tintindex":0},"north":{"uv":[7.625,15.25,7.625,15.625],"rotation":0,"texture":"#0","tintindex":0},"west":{"uv":[8.375,15.25,8.75,15.625],"rotation":0,"texture":"#0","tintindex":0},"up":{"uv":[9.125,8.25,9.5,7.5],"rotation":0,"texture":"#0","tintindex":0},"down":{"uv":[9.125,10.125,9.5,10.875],"rotation":0,"texture":"#0","tintindex":0}}},{"from":[9.753086,6.8669143,4.1227202],"to":[9.764514,8.5926285,5.8484344],"rotation":{"angle":-22.5,"axis":"y","origin":[9.7588005,7.7297716,4.9855776]},"faces":{"east":{"uv":[8.75,15.25,8.375,15.625],"rotation":0,"texture":"#0","tintindex":0},"south":{"uv":[10.0,4.75,9.625,5.125],"rotation":0,"texture":"#0","tintindex":0},"north":{"uv":[7.625,15.25,7.625,15.625],"rotation":0,"texture":"#0","tintindex":0},"west":{"uv":[8.375,15.25,8.75,15.625],"rotation":0,"texture":"#0","tintindex":0},"up":{"uv":[9.125,8.25,9.5,7.5],"rotation":0,"texture":"#0","tintindex":0},"down":{"uv":[9.125,10.125,9.5,10.875],"rotation":0,"texture":"#0","tintindex":0}}},{"from":[6.381657,6.8669143,4.1227202],"to":[6.3930855,8.5926285,5.8484344],"rotation":{"angle":22.5,"axis":"y","origin":[6.3873715,7.7297716,4.9855776]},"faces":{"east":{"uv":[8.75,15.25,8.375,15.625],"rotation":0,"texture":"#0","tintindex":0},"south":{"uv":[10.0,4.75,9.625,5.125],"rotation":0,"texture":"#0","tintindex":0},"north":{"uv":[7.625,15.25,7.625,15.625],"rotation":0,"texture":"#0","tintindex":0},"west":{"uv":[8.375,15.25,8.75,15.625],"rotation":0,"texture":"#0","tintindex":0},"up":{"uv":[9.125,8.25,9.5,7.5],"rotation":0,"texture":"#0","tintindex":0},"down":{"uv":[9.125,10.125,9.5,10.875],"rotation":0,"texture":"#0","tintindex":0}}},{"from":[8.132663,6.8714285,4.4529104],"to":[9.846949,8.585714,7.881482],"rotation":{"angle":-22.5,"axis":"y","origin":[8.0,7.774286,6.727235]},"faces":{"east":{"uv":[13.625,9.125,12.875,9.5],"rotation":0,"texture":"#0","tintindex":0},"south":{"uv":[14.375,4.875,14.0,5.25],"rotation":0,"texture":"#0","tintindex":0},"north":{"uv":[10.75,0.75,10.375,1.125],"rotation":0,"texture":"#0","tintindex":0},"west":{"uv":[13.125,11.625,12.375,12.0],"rotation":0,"texture":"#0","tintindex":0},"up":{"uv":[5.375,13.625,5.75,12.875],"rotation":0,"texture":"#0","tintindex":0},"down":{"uv":[8.375,12.875,8.75,13.625],"rotation":0,"texture":"#0","tintindex":0}}},{"from":[5.652224,6.8714285,7.5624866],"to":[7.36651,8.585714,10.991058],"rotation":{"angle":22.5,"axis":"y","origin":[-0.09943771,7.774286,6.727235]},"faces":{"east":{"uv":[2.375,13.0,1.625,13.375],"rotation":0,"texture":"#0","tintindex":0},"south":{"uv":[14.375,5.875,14.0,6.25],"rotation":0,"texture":"#0","tintindex":0},"north":{"uv":[14.375,5.375,14.0,5.75],"rotation":0,"texture":"#0","tintindex":0},"west":{"uv":[1.5,13.0,0.75,13.375],"rotation":0,"texture":"#0","tintindex":0},"up":{"uv":[13.0,5.125,13.375,4.375],"rotation":0,"texture":"#0","tintindex":0},"down":{"uv":[8.875,13.0,9.25,13.75],"rotation":0,"texture":"#0","tintindex":0}}}],"textures":{"0":"modelengine:entity/nocsy_mount_leopard"},"display":{"head":{"translation":[0.0,-6.4,0.0],"scale":[4.0,4.0,4.0]}}}