{"elements":[{"from":[6.322857,6.42,7.0971427],"to":[9.751429,8.705714,11.097143],"rotation":{"angle":0.0,"axis":"y","origin":[8.0,8.0,7.0971427]},"faces":{"east":{"uv":[13.125,10.375,12.25,10.875],"rotation":0,"texture":"#0","tintindex":0},"south":{"uv":[12.5,12.75,11.75,13.25],"rotation":0,"texture":"#0","tintindex":0},"north":{"uv":[11.625,12.75,10.875,13.25],"rotation":0,"texture":"#0","tintindex":0},"west":{"uv":[13.125,9.75,12.25,10.25],"rotation":0,"texture":"#0","tintindex":0},"up":{"uv":[8.0,12.125,8.75,11.25],"rotation":0,"texture":"#0","tintindex":0},"down":{"uv":[11.375,10.25,12.125,11.125],"rotation":0,"texture":"#0","tintindex":0}}},{"from":[6.0314283,5.517143,10.428572],"to":[10.031429,8.945714,11.571428],"rotation":{"angle":22.5,"axis":"x","origin":[8.0,7.5485716,11.16]},"faces":{"east":{"uv":[3.75,13.625,3.5,14.375],"rotation":0,"texture":"#0","tintindex":0},"south":{"uv":[10.875,11.5,10.0,12.25],"rotation":0,"texture":"#0","tintindex":0},"north":{"uv":[12.25,11.25,11.375,12.0],"rotation":0,"texture":"#0","tintindex":0},"west":{"uv":[1.125,8.125,0.875,8.875],"rotation":0,"texture":"#0","tintindex":0},"up":{"uv":[13.875,12.375,14.75,12.125],"rotation":0,"texture":"#0","tintindex":0},"down":{"uv":[13.875,13.375,14.75,13.625],"rotation":0,"texture":"#0","tintindex":0}}},{"from":[6.6085715,4.1800385,10.351337],"to":[9.465714,8.180038,12.637053],"rotation":{"angle":-22.5,"axis":"x","origin":[8.0,7.340039,11.073623]},"faces":{"east":{"uv":[10.75,12.375,10.25,13.25],"rotation":0,"texture":"#0","tintindex":0},"south":{"uv":[2.375,12.0,1.75,12.875],"rotation":0,"texture":"#0","tintindex":0},"north":{"uv":[1.625,12.0,1.0,12.875],"rotation":0,"texture":"#0","tintindex":0},"west":{"uv":[10.125,12.375,9.625,13.25],"rotation":0,"texture":"#0","tintindex":0},"up":{"uv":[12.875,7.75,13.5,7.25],"rotation":0,"texture":"#0","tintindex":0},"down":{"uv":[7.625,12.875,8.25,13.375],"rotation":0,"texture":"#0","tintindex":0}}}],"textures":{"0":"modelengine:entity/nocsy_mount_leopard"},"display":{"head":{"translation":[0.0,-6.4,0.0],"scale":[4.0,4.0,4.0]}}}