{"elements":[{"from":[6.285714,5.5953484,8.201318],"to":[9.714286,8.452492,11.629889],"rotation":{"angle":0.0,"axis":"y","origin":[8.0,6.738206,7.915603]},"faces":{"east":{"uv":[3.125,3.5,3.875,4.125],"rotation":0,"texture":"#0","tintindex":0},"south":{"uv":[3.625,2.625,4.375,3.25],"rotation":0,"texture":"#0","tintindex":0},"north":{"uv":[3.125,1.0,3.875,1.625],"rotation":0,"texture":"#0","tintindex":0},"west":{"uv":[0.0,3.75,0.75,4.375],"rotation":0,"texture":"#0","tintindex":0},"up":{"uv":[2.875,2.5,2.125,1.75],"rotation":0,"texture":"#0","tintindex":0},"down":{"uv":[3.0,0.0,2.25,0.75],"rotation":0,"texture":"#0","tintindex":0}}},{"from":[5.714286,5.02392,4.772746],"to":[10.285714,8.452492,8.772746],"rotation":{"angle":22.5,"axis":"x","origin":[8.0,6.738206,9.915604]},"faces":{"east":{"uv":[1.125,1.75,2.0,2.5],"rotation":0,"texture":"#0","tintindex":0},"south":{"uv":[1.125,0.875,2.125,1.625],"rotation":0,"texture":"#0","tintindex":0},"north":{"uv":[1.125,0.0,2.125,0.75],"rotation":0,"texture":"#0","tintindex":0},"west":{"uv":[0.0,2.0,0.875,2.75],"rotation":0,"texture":"#0","tintindex":0},"up":{"uv":[1.0,0.875,0.0,0.0],"rotation":0,"texture":"#0","tintindex":0},"down":{"uv":[1.0,1.0,0.0,1.875],"rotation":0,"texture":"#0","tintindex":0}}},{"from":[6.5771427,8.581514,2.968823],"to":[9.422857,10.284371,5.814537],"rotation":{"angle":0.0,"axis":"y","origin":[8.285714,8.5758,3.8202515]},"faces":{"east":{"uv":[1.75,6.25,2.375,6.625],"rotation":0,"texture":"#0","tintindex":0},"south":{"uv":[3.625,6.25,4.25,6.625],"rotation":0,"texture":"#0","tintindex":0},"north":{"uv":[6.125,3.5,6.75,3.875],"rotation":0,"texture":"#0","tintindex":0},"west":{"uv":[6.25,4.0,6.875,4.375],"rotation":0,"texture":"#0","tintindex":0},"up":{"uv":[5.125,3.25,4.5,2.625],"rotation":0,"texture":"#0","tintindex":0},"down":{"uv":[5.25,0.0,4.625,0.625],"rotation":0,"texture":"#0","tintindex":0}}},{"from":[6.5714283,7.632265,3.1195278],"to":[9.428572,9.346551,5.405242],"rotation":{"angle":22.5,"axis":"x","origin":[8.0,9.060837,4.262385]},"faces":{"east":{"uv":[5.375,6.25,5.875,6.625],"rotation":0,"texture":"#0","tintindex":0},"south":{"uv":[6.25,5.0,6.875,5.375],"rotation":0,"texture":"#0","tintindex":0},"north":{"uv":[6.25,4.5,6.875,4.875],"rotation":0,"texture":"#0","tintindex":0},"west":{"uv":[6.25,5.5,6.75,5.875],"rotation":0,"texture":"#0","tintindex":0},"up":{"uv":[6.0,1.5,5.375,1.0],"rotation":0,"texture":"#0","tintindex":0},"down":{"uv":[6.0,3.375,5.375,3.875],"rotation":0,"texture":"#0","tintindex":0}}}],"textures":{"0":"modelengine:entity/nocsy_mount_leopard_baby"},"display":{"head":{"translation":[0.0,-6.4,0.0],"scale":[4.0,4.0,4.0]}}}