{"elements":[{"from":[6.285714,6.163168,4.7301297],"to":[9.714286,9.59174,8.158701],"rotation":{"angle":0.0,"axis":"y","origin":[7.714286,8.163168,8.158701]},"faces":{"east":{"uv":[1.0,2.625,1.75,3.375],"rotation":0,"texture":"#0","tintindex":0},"south":{"uv":[1.875,2.625,2.625,3.375],"rotation":0,"texture":"#0","tintindex":0},"north":{"uv":[2.25,0.875,3.0,1.625],"rotation":0,"texture":"#0","tintindex":0},"west":{"uv":[2.75,2.625,3.5,3.375],"rotation":0,"texture":"#0","tintindex":0},"up":{"uv":[0.75,3.625,0.0,2.875],"rotation":0,"texture":"#0","tintindex":0},"down":{"uv":[3.75,1.75,3.0,2.5],"rotation":0,"texture":"#0","tintindex":0}}},{"from":[6.0571427,7.4774537,4.5587015],"to":[7.2,8.620311,5.701558],"rotation":{"angle":0.0,"axis":"y","origin":[7.714286,8.163168,8.158701]},"faces":{"east":{"uv":[8.0,6.125,8.25,6.375],"rotation":0,"texture":"#0","tintindex":0},"south":{"uv":[8.0,7.5,8.25,7.75],"rotation":0,"texture":"#0","tintindex":0},"north":{"uv":[4.375,6.25,4.625,6.5],"rotation":0,"texture":"#0","tintindex":0},"west":{"uv":[8.0,7.875,8.25,8.125],"rotation":0,"texture":"#0","tintindex":0},"up":{"uv":[0.25,8.375,0.0,8.125],"rotation":0,"texture":"#0","tintindex":0},"down":{"uv":[8.375,1.375,8.125,1.625],"rotation":0,"texture":"#0","tintindex":0}}},{"from":[6.485714,7.663168,4.5301294],"to":[6.7714286,8.234596,4.5301294],"rotation":{"angle":0.0,"axis":"y","origin":[7.714286,8.163168,8.158701]},"faces":{"east":{"uv":[8.0,6.125,8.25,6.375],"rotation":0,"texture":"#0","tintindex":0},"south":{"uv":[4.5,8.75,4.375,8.875],"rotation":0,"texture":"#0","tintindex":0},"north":{"uv":[4.375,8.75,4.5,8.875],"rotation":0,"texture":"#0","tintindex":0},"west":{"uv":[8.0,7.875,8.25,8.125],"rotation":0,"texture":"#0","tintindex":0},"up":{"uv":[0.25,8.375,0.0,8.125],"rotation":0,"texture":"#0","tintindex":0},"down":{"uv":[8.375,1.375,8.125,1.625],"rotation":0,"texture":"#0","tintindex":0}}},{"from":[6.9714284,6.5547523,5.166687],"to":[6.9714284,7.126181,5.7381153],"rotation":{"angle":45.0,"axis":"x","origin":[6.6285715,7.948882,4.5301294]},"faces":{"east":{"uv":[4.5,8.75,4.375,8.875],"rotation":90,"texture":"#0","tintindex":0},"south":{"uv":[8.375,1.375,8.125,1.625],"rotation":90,"texture":"#0","tintindex":0},"north":{"uv":[0.25,8.375,0.0,8.125],"rotation":90,"texture":"#0","tintindex":0},"west":{"uv":[4.375,8.75,4.5,8.875],"rotation":270,"texture":"#0","tintindex":0},"up":{"uv":[8.0,7.875,8.25,8.125],"rotation":0,"texture":"#0","tintindex":0},"down":{"uv":[8.0,6.125,8.25,6.375],"rotation":180,"texture":"#0","tintindex":0}}},{"from":[9.028571,6.5547523,5.166687],"to":[9.028571,7.126181,5.7381153],"rotation":{"angle":45.0,"axis":"x","origin":[9.3714285,7.948882,4.5301294]},"faces":{"east":{"uv":[4.375,8.875,4.5,8.75],"rotation":270,"texture":"#0","tintindex":0},"south":{"uv":[8.375,1.625,8.125,1.375],"rotation":90,"texture":"#0","tintindex":0},"north":{"uv":[0.25,8.125,0.0,8.375],"rotation":90,"texture":"#0","tintindex":0},"west":{"uv":[4.5,8.875,4.375,8.75],"rotation":90,"texture":"#0","tintindex":0},"up":{"uv":[8.25,7.875,8.0,8.125],"rotation":0,"texture":"#0","tintindex":0},"down":{"uv":[8.25,6.125,8.0,6.375],"rotation":180,"texture":"#0","tintindex":0}}},{"from":[9.228572,7.663168,4.5301294],"to":[9.514286,8.234596,4.5301294],"rotation":{"angle":0.0,"axis":"y","origin":[8.285714,8.163168,8.158701]},"faces":{"east":{"uv":[8.25,7.875,8.0,8.125],"rotation":0,"texture":"#0","tintindex":0},"south":{"uv":[4.375,8.75,4.5,8.875],"rotation":0,"texture":"#0","tintindex":0},"north":{"uv":[4.5,8.75,4.375,8.875],"rotation":0,"texture":"#0","tintindex":0},"west":{"uv":[8.25,6.125,8.0,6.375],"rotation":0,"texture":"#0","tintindex":0},"up":{"uv":[0.0,8.375,0.25,8.125],"rotation":0,"texture":"#0","tintindex":0},"down":{"uv":[8.125,1.375,8.375,1.625],"rotation":0,"texture":"#0","tintindex":0}}},{"from":[8.8,7.4774537,4.5587015],"to":[9.942858,8.620311,5.701558],"rotation":{"angle":0.0,"axis":"y","origin":[8.285714,8.163168,8.158701]},"faces":{"east":{"uv":[8.125,1.75,8.375,2.0],"rotation":0,"texture":"#0","tintindex":0},"south":{"uv":[1.875,8.125,2.125,8.375],"rotation":0,"texture":"#0","tintindex":0},"north":{"uv":[1.5,8.125,1.75,8.375],"rotation":0,"texture":"#0","tintindex":0},"west":{"uv":[8.125,3.5,8.375,3.75],"rotation":0,"texture":"#0","tintindex":0},"up":{"uv":[4.125,8.375,3.875,8.125],"rotation":0,"texture":"#0","tintindex":0},"down":{"uv":[4.5,8.125,4.25,8.375],"rotation":0,"texture":"#0","tintindex":0}}},{"from":[6.857143,6.551917,3.230936],"to":[9.142858,8.266203,5.5166507],"rotation":{"angle":-22.5,"axis":"x","origin":[8.0,7.123346,3.8023648]},"faces":{"east":{"uv":[6.5,0.0,7.0,0.375],"rotation":0,"texture":"#0","tintindex":0},"south":{"uv":[6.5,1.375,7.0,1.75],"rotation":0,"texture":"#0","tintindex":0},"north":{"uv":[6.0,6.25,6.5,6.625],"rotation":0,"texture":"#0","tintindex":0},"west":{"uv":[6.5,1.875,7.0,2.25],"rotation":0,"texture":"#0","tintindex":0},"up":{"uv":[6.625,3.375,6.125,2.875],"rotation":0,"texture":"#0","tintindex":0},"down":{"uv":[3.5,6.125,3.0,6.625],"rotation":0,"texture":"#0","tintindex":0}}},{"from":[7.3714285,7.6376314,3.1737928],"to":[8.6285715,8.323346,3.8595076],"rotation":{"angle":-22.5,"axis":"x","origin":[8.0,7.123346,3.8023648]},"faces":{"east":{"uv":[5.375,4.0,5.5,4.125],"rotation":0,"texture":"#0","tintindex":0},"south":{"uv":[6.25,6.0,6.5,6.125],"rotation":0,"texture":"#0","tintindex":0},"north":{"uv":[6.125,1.375,6.375,1.5],"rotation":0,"texture":"#0","tintindex":0},"west":{"uv":[4.75,5.75,4.875,5.875],"rotation":0,"texture":"#0","tintindex":0},"up":{"uv":[7.0,1.25,6.75,1.125],"rotation":0,"texture":"#0","tintindex":0},"down":{"uv":[8.625,8.25,8.375,8.375],"rotation":0,"texture":"#0","tintindex":0}}},{"from":[6.862857,6.3824525,3.4988241],"to":[9.137143,8.08531,5.7731104],"rotation":{"angle":0.0,"axis":"y","origin":[8.0,7.233881,4.6359673]},"faces":{"east":{"uv":[4.375,6.625,4.875,7.0],"rotation":0,"texture":"#0","tintindex":0},"south":{"uv":[6.625,6.0,7.125,6.375],"rotation":0,"texture":"#0","tintindex":0},"north":{"uv":[6.5,2.375,7.0,2.75],"rotation":0,"texture":"#0","tintindex":0},"west":{"uv":[6.625,6.5,7.125,6.875],"rotation":0,"texture":"#0","tintindex":0},"up":{"uv":[1.0,6.75,0.5,6.25],"rotation":0,"texture":"#0","tintindex":0},"down":{"uv":[1.625,6.25,1.125,6.75],"rotation":0,"texture":"#0","tintindex":0}}},{"from":[7.142857,6.0059876,3.7066722],"to":[8.857143,7.1488447,4.8495293],"rotation":{"angle":0.0,"axis":"y","origin":[7.714286,7.6059875,4.2209578]},"faces":{"east":{"uv":[4.625,8.125,4.875,8.375],"rotation":0,"texture":"#0","tintindex":0},"south":{"uv":[7.875,7.125,8.25,7.375],"rotation":0,"texture":"#0","tintindex":0},"north":{"uv":[7.875,3.125,8.25,3.375],"rotation":0,"texture":"#0","tintindex":0},"west":{"uv":[5.0,8.125,5.25,8.375],"rotation":0,"texture":"#0","tintindex":0},"up":{"uv":[1.375,8.25,1.0,8.0],"rotation":0,"texture":"#0","tintindex":0},"down":{"uv":[8.375,2.25,8.0,2.5],"rotation":0,"texture":"#0","tintindex":0}}},{"from":[6.0887866,8.924618,6.4444156],"to":[7.8030725,10.638904,7.0158443],"rotation":{"angle":45.0,"axis":"z","origin":[7.2316437,8.638904,7.5872726]},"faces":{"east":{"uv":[4.75,5.25,4.875,5.625],"rotation":0,"texture":"#0","tintindex":0},"south":{"uv":[1.0,6.875,1.375,7.25],"rotation":0,"texture":"#0","tintindex":0},"north":{"uv":[0.5,6.875,0.875,7.25],"rotation":0,"texture":"#0","tintindex":0},"west":{"uv":[5.875,2.875,6.0,3.25],"rotation":0,"texture":"#0","tintindex":0},"up":{"uv":[8.0,5.25,7.625,5.125],"rotation":0,"texture":"#0","tintindex":0},"down":{"uv":[8.625,1.125,8.25,1.25],"rotation":0,"texture":"#0","tintindex":0}}},{"from":[8.196928,8.924618,6.4444156],"to":[9.911213,10.638904,7.0158443],"rotation":{"angle":-45.0,"axis":"z","origin":[8.768356,8.638904,7.5872726]},"faces":{"east":{"uv":[1.5,6.875,1.625,7.25],"rotation":0,"texture":"#0","tintindex":0},"south":{"uv":[6.875,3.5,7.25,3.875],"rotation":0,"texture":"#0","tintindex":0},"north":{"uv":[2.25,6.875,2.625,7.25],"rotation":0,