{"elements":[{"from":[7.420785,6.027101,6.82306],"to":[8.563642,8.312816,8.537346],"rotation":{"angle":0.0,"axis":"y","origin":[8.677928,11.741387,7.9659176]},"faces":{"east":{"uv":[6.75,2.875,7.125,3.375],"rotation":0,"texture":"#0","tintindex":0},"south":{"uv":[3.75,7.375,4.0,7.875],"rotation":0,"texture":"#0","tintindex":0},"north":{"uv":[7.375,3.5,7.625,4.0],"rotation":0,"texture":"#0","tintindex":0},"west":{"uv":[3.0,6.75,3.375,7.25],"rotation":0,"texture":"#0","tintindex":0},"up":{"uv":[8.25,4.5,8.0,4.125],"rotation":0,"texture":"#0","tintindex":0},"down":{"uv":[8.25,4.625,8.0,5.0],"rotation":0,"texture":"#0","tintindex":0}}},{"from":[7.121027,5.4556723,5.9717293],"to":[8.263885,6.59853,8.257443],"rotation":{"angle":22.5,"axis":"y","origin":[8.035313,6.027101,7.6288724]},"faces":{"east":{"uv":[7.375,4.125,7.875,4.375],"rotation":0,"texture":"#0","tintindex":0},"south":{"uv":[1.125,8.375,1.375,8.625],"rotation":0,"texture":"#0","tintindex":0},"north":{"uv":[0.75,8.375,1.0,8.625],"rotation":0,"texture":"#0","tintindex":0},"west":{"uv":[4.75,7.375,5.25,7.625],"rotation":0,"texture":"#0","tintindex":0},"up":{"uv":[7.75,1.5,7.5,1.0],"rotation":0,"texture":"#0","tintindex":0},"down":{"uv":[7.5,7.5,7.25,8.0],"rotation":0,"texture":"#0","tintindex":0}}},{"from":[7.4254527,5.449958,5.9823356],"to":[8.579739,6.604244,8.279478],"rotation":{"angle":0.0,"axis":"y","origin":[8.68831,6.027101,7.416621]},"faces":{"east":{"uv":[7.5,5.375,8.0,5.625],"rotation":0,"texture":"#0","tintindex":0},"south":{"uv":[8.375,2.625,8.625,2.875],"rotation":0,"texture":"#0","tintindex":0},"north":{"uv":[2.25,8.375,2.5,8.625],"rotation":0,"texture":"#0","tintindex":0},"west":{"uv":[7.625,0.375,8.125,0.625],"rotation":0,"texture":"#0","tintindex":0},"up":{"uv":[7.875,3.0,7.625,2.5],"rotation":0,"texture":"#0","tintindex":0},"down":{"uv":[7.875,4.5,7.625,5.0],"rotation":0,"texture":"#0","tintindex":0}}},{"from":[8.002596,5.584244,5.602336],"to":[8.002596,6.669958,6.173764],"rotation":{"angle":-45.0,"axis":"x","origin":[8.002596,5.9985294,5.9880495]},"faces":{"east":{"uv":[9.0,0.375,8.875,0.625],"rotation":0,"texture":"#0","tintindex":0},"south":{"uv":[8.375,2.625,8.625,2.875],"rotation":0,"texture":"#0","tintindex":0},"north":{"uv":[2.25,8.375,2.5,8.625],"rotation":0,"texture":"#0","tintindex":0},"west":{"uv":[8.875,0.375,9.0,0.625],"rotation":0,"texture":"#0","tintindex":0},"up":{"uv":[7.875,3.0,7.625,2.5],"rotation":0,"texture":"#0","tintindex":0},"down":{"uv":[7.875,4.5,7.625,5.0],"rotation":0,"texture":"#0","tintindex":0}}},{"from":[7.08831,5.527101,5.830907],"to":[7.08831,6.6128154,6.4023356],"rotation":{"angle":-45.0,"axis":"x","origin":[7.08831,5.9985294,6.159478]},"faces":{"east":{"uv":[9.0,0.375,8.875,0.625],"rotation":0,"texture":"#0","tintindex":0},"south":{"uv":[8.375,2.625,8.625,2.875],"rotation":0,"texture":"#0","tintindex":0},"north":{"uv":[2.25,8.375,2.5,8.625],"rotation":0,"texture":"#0","tintindex":0},"west":{"uv":[8.875,0.375,9.0,0.625],"rotation":0,"texture":"#0","tintindex":0},"up":{"uv":[7.875,3.0,7.625,2.5],"rotation":0,"texture":"#0","tintindex":0},"down":{"uv":[7.875,4.5,7.625,5.0],"rotation":0,"texture":"#0","tintindex":0}}},{"from":[8.916882,5.527101,5.830907],"to":[8.916882,6.6128154,6.4023356],"rotation":{"angle":-45.0,"axis":"x","origin":[8.916882,5.9985294,6.159478]},"faces":{"east":{"uv":[9.0,0.375,8.875,0.625],"rotation":0,"texture":"#0","tintindex":0},"south":{"uv":[8.375,2.625,8.625,2.875],"rotation":0,"texture":"#0","tintindex":0},"north":{"uv":[2.25,8.375,2.5,8.625],"rotation":0,"texture":"#0","tintindex":0},"west":{"uv":[8.875,0.375,9.0,0.625],"rotation":0,"texture":"#0","tintindex":0},"up":{"uv":[7.875,3.0,7.625,2.5],"rotation":0,"texture":"#0","tintindex":0},"down":{"uv":[7.875,4.5,7.625,5.0],"rotation":0,"texture":"#0","tintindex":0}}},{"from":[8.049356,5.4556723,7.8516316],"to":[9.192213,6.59853,10.137346],"rotation":{"angle":-22.5,"axis":"y","origin":[12.849356,6.027101,7.794489]},"faces":{"east":{"uv":[7.625,5.75,8.125,6.0],"rotation":0,"texture":"#0","tintindex":0},"south":{"uv":[8.375,3.875,8.625,4.125],"rotation":0,"texture":"#0","tintindex":0},"north":{"uv":[8.375,3.0,8.625,3.25],"rotation":0,"texture":"#0","tintindex":0},"west":{"uv":[5.875,7.625,6.375,7.875],"rotation":0,"texture":"#0","tintindex":0},"up":{"uv":[7.875,6.625,7.625,6.125],"rotation":0,"texture":"#0","tintindex":0},"down":{"uv":[6.75,7.625,6.5,8.125],"rotation":0,"texture":"#0","tintindex":0}}}],"textures":{"0":"modelengine:entity/nocsy_mount_leopard_baby"},"display":{"head":{"translation":[0.0,-6.4,0.0],"scale":[4.0,4.0,4.0]}}}