{"elements":[{"from":[7.4221215,5.5478287,6.9172072],"to":[8.564979,7.833543,8.631493],"rotation":{"angle":0.0,"axis":"y","origin":[8.679264,11.262115,8.060064]},"faces":{"east":{"uv":[2.5,6.25,2.875,6.75],"rotation":0,"texture":"#0","tintindex":0},"south":{"uv":[7.0,4.0,7.25,4.5],"rotation":0,"texture":"#0","tintindex":0},"north":{"uv":[4.0,6.75,4.25,7.25],"rotation":0,"texture":"#0","tintindex":0},"west":{"uv":[0.0,6.5,0.375,7.0],"rotation":0,"texture":"#0","tintindex":0},"up":{"uv":[8.25,3.0,8.0,2.625],"rotation":0,"texture":"#0","tintindex":0},"down":{"uv":[3.0,8.0,2.75,8.375],"rotation":0,"texture":"#0","tintindex":0}}},{"from":[7.122364,4.9764,6.0658765],"to":[8.265221,6.119257,8.351591],"rotation":{"angle":22.5,"axis":"y","origin":[8.03665,5.5478287,7.723019]},"faces":{"east":{"uv":[6.875,5.5,7.375,5.75],"rotation":0,"texture":"#0","tintindex":0},"south":{"uv":[7.25,8.125,7.5,8.375],"rotation":0,"texture":"#0","tintindex":0},"north":{"uv":[8.125,5.125,8.375,5.375],"rotation":0,"texture":"#0","tintindex":0},"west":{"uv":[7.0,4.625,7.5,4.875],"rotation":0,"texture":"#0","tintindex":0},"up":{"uv":[6.75,7.5,6.5,7.0],"rotation":0,"texture":"#0","tintindex":0},"down":{"uv":[7.125,7.0,6.875,7.5],"rotation":0,"texture":"#0","tintindex":0}}},{"from":[8.050693,4.9764,7.945779],"to":[9.19355,6.119257,10.231493],"rotation":{"angle":-22.5,"axis":"y","origin":[12.850693,5.5478287,7.8886356]},"faces":{"east":{"uv":[7.0,5.0,7.5,5.25],"rotation":0,"texture":"#0","tintindex":0},"south":{"uv":[8.25,0.375,8.5,0.625],"rotation":0,"texture":"#0","tintindex":0},"north":{"uv":[7.625,8.125,7.875,8.375],"rotation":0,"texture":"#0","tintindex":0},"west":{"uv":[7.125,0.0,7.625,0.25],"rotation":0,"texture":"#0","tintindex":0},"up":{"uv":[0.25,7.625,0.0,7.125],"rotation":0,"texture":"#0","tintindex":0},"down":{"uv":[7.375,1.125,7.125,1.625],"rotation":0,"texture":"#0","tintindex":0}}},{"from":[7.4267893,4.9706855,6.076483],"to":[8.581075,6.1249714,8.373626],"rotation":{"angle":0.0,"axis":"y","origin":[8.689647,5.5478287,7.5107684]},"faces":{"east":{"uv":[7.125,1.75,7.625,2.0],"rotation":0,"texture":"#0","tintindex":0},"south":{"uv":[8.25,5.5,8.5,5.75],"rotation":0,"texture":"#0","tintindex":0},"north":{"uv":[8.25,0.75,8.5,1.0],"rotation":0,"texture":"#0","tintindex":0},"west":{"uv":[7.125,2.125,7.625,2.375],"rotation":0,"texture":"#0","tintindex":0},"up":{"uv":[4.625,7.625,4.375,7.125],"rotation":0,"texture":"#0","tintindex":0},"down":{"uv":[7.5,0.375,7.25,0.875],"rotation":0,"texture":"#0","tintindex":0}}},{"from":[7.083932,5.067828,5.91934],"to":[7.083932,6.153543,6.4907684],"rotation":{"angle":-45.0,"axis":"x","origin":[7.083932,5.5249715,6.2479115]},"faces":{"east":{"uv":[9.0,0.375,8.875,0.625],"rotation":0,"texture":"#0","tintindex":0},"south":{"uv":[8.375,2.625,8.625,2.875],"rotation":0,"texture":"#0","tintindex":0},"north":{"uv":[2.25,8.375,2.5,8.625],"rotation":0,"texture":"#0","tintindex":0},"west":{"uv":[8.875,0.375,9.0,0.625],"rotation":0,"texture":"#0","tintindex":0},"up":{"uv":[7.875,3.0,7.625,2.5],"rotation":0,"texture":"#0","tintindex":0},"down":{"uv":[7.875,4.5,7.625,5.0],"rotation":0,"texture":"#0","tintindex":0}}},{"from":[7.998218,5.067828,5.6907682],"to":[7.998218,6.153543,6.262197],"rotation":{"angle":-45.0,"axis":"x","origin":[7.998218,5.5249715,6.01934]},"faces":{"east":{"uv":[9.0,0.375,8.875,0.625],"rotation":0,"texture":"#0","tintindex":0},"south":{"uv":[8.375,2.625,8.625,2.875],"rotation":0,"texture":"#0","tintindex":0},"north":{"uv":[2.25,8.375,2.5,8.625],"rotation":0,"texture":"#0","tintindex":0},"west":{"uv":[8.875,0.375,9.0,0.625],"rotation":0,"texture":"#0","tintindex":0},"up":{"uv":[7.875,3.0,7.625,2.5],"rotation":0,"texture":"#0","tintindex":0},"down":{"uv":[7.875,4.5,7.625,5.0],"rotation":0,"texture":"#0","tintindex":0}}},{"from":[8.912503,5.067828,5.91934],"to":[8.912503,6.153543,6.4907684],"rotation":{"angle":-45.0,"axis":"x","origin":[8.912503,5.5249715,6.2479115]},"faces":{"east":{"uv":[9.0,0.375,8.875,0.625],"rotation":0,"texture":"#0","tintindex":0},"south":{"uv":[8.375,2.625,8.625,2.875],"rotation":0,"texture":"#0","tintindex":0},"north":{"uv":[2.25,8.375,2.5,8.625],"rotation":0,"texture":"#0","tintindex":0},"west":{"uv":[8.875,0.375,9.0,0.625],"rotation":0,"texture":"#0","tintindex":0},"up":{"uv":[7.875,3.0,7.625,2.5],"rotation":0,"texture":"#0","tintindex":0},"down":{"uv":[7.875,4.5,7.625,5.0],"rotation":0,"texture":"#0","tintindex":0}}}],"textures":{"0":"modelengine:entity/nocsy_mount_leopard_baby"},"display":{"head":{"translation":[0.0,-6.4,0.0],"scale":[4.0,4.0,4.0]}}}