{"elements":[{"from":[7.436358,6.027101,6.82306],"to":[8.579215,8.312816,8.537346],"rotation":{"angle":0.0,"axis":"y","origin":[7.3220725,11.741387,7.9659176]},"faces":{"east":{"uv":[3.375,6.75,3.0,7.25],"rotation":0,"texture":"#0","tintindex":0},"south":{"uv":[4.0,7.375,3.75,7.875],"rotation":0,"texture":"#0","tintindex":0},"north":{"uv":[7.625,3.5,7.375,4.0],"rotation":0,"texture":"#0","tintindex":0},"west":{"uv":[7.125,2.875,6.75,3.375],"rotation":0,"texture":"#0","tintindex":0},"up":{"uv":[8.0,4.5,8.25,4.125],"rotation":0,"texture":"#0","tintindex":0},"down":{"uv":[8.0,4.625,8.25,5.0],"rotation":0,"texture":"#0","tintindex":0}}},{"from":[7.7361155,5.4556723,5.9717293],"to":[8.878973,6.59853,8.257443],"rotation":{"angle":-22.5,"axis":"y","origin":[7.964687,6.027101,7.6288724]},"faces":{"east":{"uv":[5.25,7.375,4.75,7.625],"rotation":0,"texture":"#0","tintindex":0},"south":{"uv":[1.375,8.375,1.125,8.625],"rotation":0,"texture":"#0","tintindex":0},"north":{"uv":[1.0,8.375,0.75,8.625],"rotation":0,"texture":"#0","tintindex":0},"west":{"uv":[7.875,4.125,7.375,4.375],"rotation":0,"texture":"#0","tintindex":0},"up":{"uv":[7.5,1.5,7.75,1.0],"rotation":0,"texture":"#0","tintindex":0},"down":{"uv":[7.25,7.5,7.5,8.0],"rotation":0,"texture":"#0","tintindex":0}}},{"from":[7.4202614,5.449958,5.9823356],"to":[8.574547,6.604244,8.279478],"rotation":{"angle":0.0,"axis":"y","origin":[7.3116903,6.027101,7.416621]},"faces":{"east":{"uv":[8.125,0.375,7.625,0.625],"rotation":0,"texture":"#0","tintindex":0},"south":{"uv":[8.625,2.625,8.375,2.875],"rotation":0,"texture":"#0","tintindex":0},"north":{"uv":[2.5,8.375,2.25,8.625],"rotation":0,"texture":"#0","tintindex":0},"west":{"uv":[8.0,5.375,7.5,5.625],"rotation":0,"texture":"#0","tintindex":0},"up":{"uv":[7.625,3.0,7.875,2.5],"rotation":0,"texture":"#0","tintindex":0},"down":{"uv":[7.625,4.5,7.875,5.0],"rotation":0,"texture":"#0","tintindex":0}}},{"from":[7.9974046,5.584244,5.602336],"to":[7.9974046,6.669958,6.173764],"rotation":{"angle":-45.0,"axis":"x","origin":[7.9974046,5.9985294,5.9880495]},"faces":{"east":{"uv":[9.0,0.375,8.875,0.625],"rotation":0,"texture":"#0","tintindex":0},"south":{"uv":[8.625,2.625,8.375,2.875],"rotation":0,"texture":"#0","tintindex":0},"north":{"uv":[2.5,8.375,2.25,8.625],"rotation":0,"texture":"#0","tintindex":0},"west":{"uv":[8.875,0.375,9.0,0.625],"rotation":0,"texture":"#0","tintindex":0},"up":{"uv":[7.625,3.0,7.875,2.5],"rotation":0,"texture":"#0","tintindex":0},"down":{"uv":[7.625,4.5,7.875,5.0],"rotation":0,"texture":"#0","tintindex":0}}},{"from":[8.91169,5.527101,5.830907],"to":[8.91169,6.6128154,6.4023356],"rotation":{"angle":-45.0,"axis":"x","origin":[8.91169,5.9985294,6.159478]},"faces":{"east":{"uv":[9.0,0.375,8.875,0.625],"rotation":0,"texture":"#0","tintindex":0},"south":{"uv":[8.625,2.625,8.375,2.875],"rotation":0,"texture":"#0","tintindex":0},"north":{"uv":[2.5,8.375,2.25,8.625],"rotation":0,"texture":"#0","tintindex":0},"west":{"uv":[8.875,0.375,9.0,0.625],"rotation":0,"texture":"#0","tintindex":0},"up":{"uv":[7.625,3.0,7.875,2.5],"rotation":0,"texture":"#0","tintindex":0},"down":{"uv":[7.625,4.5,7.875,5.0],"rotation":0,"texture":"#0","tintindex":0}}},{"from":[7.0831184,5.527101,5.830907],"to":[7.0831184,6.6128154,6.4023356],"rotation":{"angle":-45.0,"axis":"x","origin":[7.0831184,5.9985294,6.159478]},"faces":{"east":{"uv":[9.0,0.375,8.875,0.625],"rotation":0,"texture":"#0","tintindex":0},"south":{"uv":[8.625,2.625,8.375,2.875],"rotation":0,"texture":"#0","tintindex":0},"north":{"uv":[2.5,8.375,2.25,8.625],"rotation":0,"texture":"#0","tintindex":0},"west":{"uv":[8.875,0.375,9.0,0.625],"rotation":0,"texture":"#0","tintindex":0},"up":{"uv":[7.625,3.0,7.875,2.5],"rotation":0,"texture":"#0","tintindex":0},"down":{"uv":[7.625,4.5,7.875,5.0],"rotation":0,"texture":"#0","tintindex":0}}},{"from":[6.8077865,5.4556723,7.8516316],"to":[7.950644,6.59853,10.137346],"rotation":{"angle":22.5,"axis":"y","origin":[3.1506438,6.027101,7.794489]},"faces":{"east":{"uv":[6.375,7.625,5.875,7.875],"rotation":0,"texture":"#0","tintindex":0},"south":{"uv":[8.625,3.875,8.375,4.125],"rotation":0,"texture":"#0","tintindex":0},"north":{"uv":[8.625,3.0,8.375,3.25],"rotation":0,"texture":"#0","tintindex":0},"west":{"uv":[8.125,5.75,7.625,6.0],"rotation":0,"texture":"#0","tintindex":0},"up":{"uv":[7.625,6.625,7.875,6.125],"rotation":0,"texture":"#0","tintindex":0},"down":{"uv":[6.5,7.625,6.75,8.125],"rotation":0,"texture":"#0","tintindex":0}}}],"textures":{"0":"modelengine:entity/nocsy_mount_leopard_baby"},"display":{"head":{"translation":[0.0,-6.4,0.0],"scale":[4.0,4.0,4.0]}}}