{"elements":[{"from":[7.4350214,5.5478287,6.9172072],"to":[8.577879,7.833543,8.631493],"rotation":{"angle":0.0,"axis":"y","origin":[7.320736,11.262115,8.060064]},"faces":{"east":{"uv":[0.375,6.5,0.0,7.0],"rotation":0,"texture":"#0","tintindex":0},"south":{"uv":[7.25,4.0,7.0,4.5],"rotation":0,"texture":"#0","tintindex":0},"north":{"uv":[4.25,6.75,4.0,7.25],"rotation":0,"texture":"#0","tintindex":0},"west":{"uv":[2.875,6.25,2.5,6.75],"rotation":0,"texture":"#0","tintindex":0},"up":{"uv":[8.0,3.0,8.25,2.625],"rotation":0,"texture":"#0","tintindex":0},"down":{"uv":[2.75,8.0,3.0,8.375],"rotation":0,"texture":"#0","tintindex":0}}},{"from":[7.734779,4.9764,6.0658765],"to":[8.877636,6.119257,8.351591],"rotation":{"angle":-22.5,"axis":"y","origin":[7.9633503,5.5478287,7.723019]},"faces":{"east":{"uv":[7.5,4.625,7.0,4.875],"rotation":0,"texture":"#0","tintindex":0},"south":{"uv":[7.5,8.125,7.25,8.375],"rotation":0,"texture":"#0","tintindex":0},"north":{"uv":[8.375,5.125,8.125,5.375],"rotation":0,"texture":"#0","tintindex":0},"west":{"uv":[7.375,5.5,6.875,5.75],"rotation":0,"texture":"#0","tintindex":0},"up":{"uv":[6.5,7.5,6.75,7.0],"rotation":0,"texture":"#0","tintindex":0},"down":{"uv":[6.875,7.0,7.125,7.5],"rotation":0,"texture":"#0","tintindex":0}}},{"from":[6.80645,4.9764,7.945779],"to":[7.949307,6.119257,10.231493],"rotation":{"angle":22.5,"axis":"y","origin":[3.1493073,5.5478287,7.8886356]},"faces":{"east":{"uv":[7.625,0.0,7.125,0.25],"rotation":0,"texture":"#0","tintindex":0},"south":{"uv":[8.5,0.375,8.25,0.625],"rotation":0,"texture":"#0","tintindex":0},"north":{"uv":[7.875,8.125,7.625,8.375],"rotation":0,"texture":"#0","tintindex":0},"west":{"uv":[7.5,5.0,7.0,5.25],"rotation":0,"texture":"#0","tintindex":0},"up":{"uv":[0.0,7.625,0.25,7.125],"rotation":0,"texture":"#0","tintindex":0},"down":{"uv":[7.125,1.125,7.375,1.625],"rotation":0,"texture":"#0","tintindex":0}}},{"from":[7.418925,4.9706855,6.076483],"to":[8.573211,6.1249714,8.373626],"rotation":{"angle":0.0,"axis":"y","origin":[7.3103533,5.5478287,7.5107684]},"faces":{"east":{"uv":[7.625,2.125,7.125,2.375],"rotation":0,"texture":"#0","tintindex":0},"south":{"uv":[8.5,5.5,8.25,5.75],"rotation":0,"texture":"#0","tintindex":0},"north":{"uv":[8.5,0.75,8.25,1.0],"rotation":0,"texture":"#0","tintindex":0},"west":{"uv":[7.625,1.75,7.125,2.0],"rotation":0,"texture":"#0","tintindex":0},"up":{"uv":[4.375,7.625,4.625,7.125],"rotation":0,"texture":"#0","tintindex":0},"down":{"uv":[7.25,0.375,7.5,0.875],"rotation":0,"texture":"#0","tintindex":0}}},{"from":[8.916068,5.067828,5.91934],"to":[8.916068,6.153543,6.4907684],"rotation":{"angle":-45.0,"axis":"x","origin":[8.916068,5.5249715,6.2479115]},"faces":{"east":{"uv":[9.0,0.375,8.875,0.625],"rotation":0,"texture":"#0","tintindex":0},"south":{"uv":[8.625,2.625,8.375,2.875],"rotation":0,"texture":"#0","tintindex":0},"north":{"uv":[2.5,8.375,2.25,8.625],"rotation":0,"texture":"#0","tintindex":0},"west":{"uv":[8.875,0.375,9.0,0.625],"rotation":0,"texture":"#0","tintindex":0},"up":{"uv":[7.625,3.0,7.875,2.5],"rotation":0,"texture":"#0","tintindex":0},"down":{"uv":[7.625,4.5,7.875,5.0],"rotation":0,"texture":"#0","tintindex":0}}},{"from":[8.001782,5.067828,5.6907682],"to":[8.001782,6.153543,6.262197],"rotation":{"angle":-45.0,"axis":"x","origin":[8.001782,5.5249715,6.01934]},"faces":{"east":{"uv":[9.0,0.375,8.875,0.625],"rotation":0,"texture":"#0","tintindex":0},"south":{"uv":[8.625,2.625,8.375,2.875],"rotation":0,"texture":"#0","tintindex":0},"north":{"uv":[2.5,8.375,2.25,8.625],"rotation":0,"texture":"#0","tintindex":0},"west":{"uv":[8.875,0.375,9.0,0.625],"rotation":0,"texture":"#0","tintindex":0},"up":{"uv":[7.625,3.0,7.875,2.5],"rotation":0,"texture":"#0","tintindex":0},"down":{"uv":[7.625,4.5,7.875,5.0],"rotation":0,"texture":"#0","tintindex":0}}},{"from":[7.0874963,5.067828,5.91934],"to":[7.0874963,6.153543,6.4907684],"rotation":{"angle":-45.0,"axis":"x","origin":[7.0874963,5.5249715,6.2479115]},"faces":{"east":{"uv":[9.0,0.375,8.875,0.625],"rotation":0,"texture":"#0","tintindex":0},"south":{"uv":[8.625,2.625,8.375,2.875],"rotation":0,"texture":"#0","tintindex":0},"north":{"uv":[2.5,8.375,2.25,8.625],"rotation":0,"texture":"#0","tintindex":0},"west":{"uv":[8.875,0.375,9.0,0.625],"rotation":0,"texture":"#0","tintindex":0},"up":{"uv":[7.625,3.0,7.875,2.5],"rotation":0,"texture":"#0","tintindex":0},"down":{"uv":[7.625,4.5,7.875,5.0],"rotation":0,"texture":"#0","tintindex":0}}}],"textures":{"0":"modelengine:entity/nocsy_mount_leopard_baby"},"display":{"head":{"translation":[0.0,-6.4,0.0],"scale":[4.0,4.0,4.0]}}}