{"elements":[{"from":[6.5714283,6.285714,5.714286],"to":[9.428572,9.142858,8.0],"rotation":{"angle":0.0,"axis":"y","origin":[6.5714283,4.285714,12.571428]},"faces":{"east":{"uv":[3.125,5.5,3.625,6.125],"rotation":0,"texture":"#0","tintindex":0},"south":{"uv":[5.125,0.0,5.75,0.625],"rotation":0,"texture":"#0","tintindex":0},"north":{"uv":[0.875,4.75,1.5,5.375],"rotation":0,"texture":"#0","tintindex":0},"west":{"uv":[0.0,5.625,0.5,6.25],"rotation":0,"texture":"#0","tintindex":0},"up":{"uv":[6.5,0.5,5.875,0.0],"rotation":0,"texture":"#0","tintindex":0},"down":{"uv":[6.5,0.625,5.875,1.125],"rotation":0,"texture":"#0","tintindex":0}}},{"from":[6.5714283,5.3856764,5.0806],"to":[9.428572,6.528534,5.0806],"rotation":{"angle":22.5,"axis":"x","origin":[8.0,5.099962,6.2234573]},"faces":{"east":{"uv":[5.125,3.75,5.125,4.0],"rotation":0,"texture":"#0","tintindex":0},"south":{"uv":[4.375,5.875,3.75,6.125],"rotation":0,"texture":"#0","tintindex":0},"north":{"uv":[3.75,5.875,4.375,6.125],"rotation":0,"texture":"#0","tintindex":0},"west":{"uv":[5.25,4.5,5.25,4.75],"rotation":0,"texture":"#0","tintindex":0},"up":{"uv":[7.25,1.125,6.625,1.125],"rotation":0,"texture":"#0","tintindex":0},"down":{"uv":[7.375,4.375,6.75,4.375],"rotation":0,"texture":"#0","tintindex":0}}},{"from":[6.352752,5.757783,5.714286],"to":[6.352752,6.9006405,8.571428],"rotation":{"angle":-22.5,"axis":"z","origin":[6.352752,6.3292117,7.142857]},"faces":{"east":{"uv":[6.625,4.125,6.0,4.375],"rotation":0,"texture":"#0","tintindex":0},"south":{"uv":[0.625,5.625,0.625,5.875],"rotation":0,"texture":"#0","tintindex":0},"north":{"uv":[3.75,5.5,3.75,5.75],"rotation":0,"texture":"#0","tintindex":0},"west":{"uv":[6.0,4.125,6.625,4.375],"rotation":0,"texture":"#0","tintindex":0},"up":{"uv":[0.75,7.75,0.75,7.125],"rotation":0,"texture":"#0","tintindex":0},"down":{"uv":[0.875,7.125,0.875,7.75],"rotation":0,"texture":"#0","tintindex":0}}},{"from":[9.647247,5.757783,5.714286],"to":[9.647247,6.9006405,8.571428],"rotation":{"angle":22.5,"axis":"z","origin":[9.647247,6.3292117,7.142857]},"faces":{"east":{"uv":[6.625,4.125,6.0,4.375],"rotation":0,"texture":"#0","tintindex":0},"south":{"uv":[0.625,5.625,0.625,5.875],"rotation":0,"texture":"#0","tintindex":0},"north":{"uv":[3.75,5.5,3.75,5.75],"rotation":0,"texture":"#0","tintindex":0},"west":{"uv":[6.0,4.125,6.625,4.375],"rotation":0,"texture":"#0","tintindex":0},"up":{"uv":[0.75,7.75,0.75,7.125],"rotation":0,"texture":"#0","tintindex":0},"down":{"uv":[0.875,7.125,0.875,7.75],"rotation":0,"texture":"#0","tintindex":0}}},{"from":[6.0,6.857143,5.3714285],"to":[7.714286,8.571428,7.0857143],"rotation":{"angle":0.0,"axis":"y","origin":[6.5714283,4.285714,12.571428]},"faces":{"east":{"uv":[6.125,5.0,6.5,5.375],"rotation":0,"texture":"#0","tintindex":0},"south":{"uv":[6.125,5.5,6.5,5.875],"rotation":0,"texture":"#0","tintindex":0},"north":{"uv":[6.125,4.5,6.5,4.875],"rotation":0,"texture":"#0","tintindex":0},"west":{"uv":[0.625,6.25,1.0,6.625],"rotation":0,"texture":"#0","tintindex":0},"up":{"uv":[1.5,6.625,1.125,6.25],"rotation":0,"texture":"#0","tintindex":0},"down":{"uv":[2.0,6.25,1.625,6.625],"rotation":0,"texture":"#0","tintindex":0}}},{"from":[6.1571426,7.7,5.3285713],"to":[6.7285714,8.271429,5.3285713],"rotation":{"angle":0.0,"axis":"y","origin":[6.1571426,4.5571427,12.528572]},"faces":{"east":{"uv":[6.125,5.0,6.5,5.375],"rotation":0,"texture":"#0","tintindex":0},"south":{"uv":[6.125,7.875,6.0,8.0],"rotation":0,"texture":"#0","tintindex":0},"north":{"uv":[6.0,7.875,6.125,8.0],"rotation":0,"texture":"#0","tintindex":0},"west":{"uv":[0.625,6.25,1.0,6.625],"rotation":0,"texture":"#0","tintindex":0},"up":{"uv":[1.5,6.625,1.125,6.25],"rotation":0,"texture":"#0","tintindex":0},"down":{"uv":[2.0,6.25,1.625,6.625],"rotation":0,"texture":"#0","tintindex":0}}},{"from":[8.528571,7.7,5.3285713],"to":[9.1,8.271429,5.3285713],"rotation":{"angle":0.0,"axis":"y","origin":[9.1,4.5571427,12.528572]},"faces":{"east":{"uv":[1.0,6.25,0.625,6.625],"rotation":0,"texture":"#0","tintindex":0},"south":{"uv":[6.0,7.875,6.125,8.0],"rotation":0,"texture":"#0","tintindex":0},"north":{"uv":[6.125,7.875,6.0,8.0],"rotation":0,"texture":"#0","tintindex":0},"west":{"uv":[6.5,5.0,6.125,5.375],"rotation":0,"texture":"#0","tintindex":0},"up":{"uv":[1.125,6.625,1.5,6.25],"rotation":0,"texture":"#0","tintindex":0},"down":{"uv":[1.625,6.25,2.0,6.625],"rotation":0,"texture":"#0","tintindex":0}}},{"from":[8.285714,6.857143,5.3714285],"to":[10.0,8.571428,7.0857143],"rotation":{"angle":0.0,"axis":"y","origin":[9.428572,4.285714,12.571428]},"faces":{"east":{"uv":[2.625,6.25,3.0,6.625],"rotation":0,"texture":"#0","tintindex":0},"south":{"uv":[3.125,6.25,3.5,6.625],"rotation":0,"texture":"#0","tintindex":0},"north":{"uv":[2.125,6.25,2.5,6.625],"rotation":0,"texture":"#0","tintindex":0},"west":{"uv":[3.625,6.25,4.0,6.625],"rotation":0,"texture":"#0","tintindex":0},"up":{"uv":[4.5,6.625,4.125,6.25],"rotation":0,"texture":"#0","tintindex":0},"down":{"uv":[5.0,6.25,4.625,6.625],"rotation":0,"texture":"#0","tintindex":0}}}],"textures":{"0":"modelengine:entity/nocsy_mount_moth_baby"},"display":{"head":{"translation":[0.0,-6.4,0.0],"scale":[4.0,4.0,4.0]}}}