{"elements":[{"from":[6.857143,7.714286,7.714286],"to":[9.142858,8.857143,8.857143],"rotation":{"angle":0.0,"axis":"y","origin":[9.714286,5.714286,10.0]},"faces":{"east":{"uv":[4.125,6.75,4.375,7.0],"rotation":0,"texture":"#0","tintindex":0},"south":{"uv":[5.125,6.375,5.625,6.625],"rotation":0,"texture":"#0","tintindex":0},"north":{"uv":[0.0,6.375,0.5,6.625],"rotation":0,"texture":"#0","tintindex":0},"west":{"uv":[4.5,6.75,4.75,7.0],"rotation":0,"texture":"#0","tintindex":0},"up":{"uv":[6.25,6.625,5.75,6.375],"rotation":0,"texture":"#0","tintindex":0},"down":{"uv":[6.875,6.375,6.375,6.625],"rotation":0,"texture":"#0","tintindex":0}}},{"from":[6.285714,7.6,9.257143],"to":[8.571428,8.742857,10.4],"rotation":{"angle":22.5,"axis":"y","origin":[8.0,8.285714,8.285714]},"faces":{"east":{"uv":[4.875,6.75,5.125,7.0],"rotation":0,"texture":"#0","tintindex":0},"south":{"uv":[6.5,1.625,7.0,1.875],"rotation":0,"texture":"#0","tintindex":0},"north":{"uv":[6.5,1.25,7.0,1.5],"rotation":0,"texture":"#0","tintindex":0},"west":{"uv":[5.25,6.75,5.5,7.0],"rotation":0,"texture":"#0","tintindex":0},"up":{"uv":[7.0,2.25,6.5,2.0],"rotation":0,"texture":"#0","tintindex":0},"down":{"uv":[7.0,2.375,6.5,2.625],"rotation":0,"texture":"#0","tintindex":0}}},{"from":[4.7861643,7.257143,6.2951717],"to":[7.643307,10.114286,6.2951717],"rotation":{"angle":-22.5,"axis":"z","origin":[6.2147355,8.457143,10.695171]},"faces":{"east":{"uv":[6.625,7.125,6.625,7.75],"rotation":0,"texture":"#0","tintindex":0},"south":{"uv":[4.5,5.125,3.875,5.75],"rotation":0,"texture":"#0","tintindex":0},"north":{"uv":[3.875,5.125,4.5,5.75],"rotation":0,"texture":"#0","tintindex":0},"west":{"uv":[6.75,7.125,6.75,7.75],"rotation":0,"texture":"#0","tintindex":0},"up":{"uv":[7.75,6.75,7.125,6.75],"rotation":0,"texture":"#0","tintindex":0},"down":{"uv":[7.5,7.125,6.875,7.125],"rotation":0,"texture":"#0","tintindex":0}}},{"from":[4.8598313,7.4151225,8.287561],"to":[7.7169743,10.272265,8.287561],"rotation":{"angle":-22.5,"axis":"z","origin":[6.2147355,8.457143,10.695171]},"faces":{"east":{"uv":[6.625,7.125,6.625,7.75],"rotation":0,"texture":"#0","tintindex":0},"south":{"uv":[4.5,5.125,3.875,5.75],"rotation":0,"texture":"#0","tintindex":0},"north":{"uv":[3.875,5.125,4.5,5.75],"rotation":0,"texture":"#0","tintindex":0},"west":{"uv":[6.75,7.125,6.75,7.75],"rotation":0,"texture":"#0","tintindex":0},"up":{"uv":[7.75,6.75,7.125,6.75],"rotation":0,"texture":"#0","tintindex":0},"down":{"uv":[7.5,7.125,6.875,7.125],"rotation":0,"texture":"#0","tintindex":0}}},{"from":[4.9313936,7.5685887,10.223025],"to":[7.7885365,10.425732,10.223025],"rotation":{"angle":-22.5,"axis":"z","origin":[6.2147355,8.457143,10.695171]},"faces":{"east":{"uv":[6.625,7.125,6.625,7.75],"rotation":0,"texture":"#0","tintindex":0},"south":{"uv":[4.5,5.125,3.875,5.75],"rotation":0,"texture":"#0","tintindex":0},"north":{"uv":[3.875,5.125,4.5,5.75],"rotation":0,"texture":"#0","tintindex":0},"west":{"uv":[6.75,7.125,6.75,7.75],"rotation":0,"texture":"#0","tintindex":0},"up":{"uv":[7.75,6.75,7.125,6.75],"rotation":0,"texture":"#0","tintindex":0},"down":{"uv":[7.5,7.125,6.875,7.125],"rotation":0,"texture":"#0","tintindex":0}}},{"from":[5.885714,7.6,6.2285714],"to":[8.171429,8.742857,7.3714285],"rotation":{"angle":-22.5,"axis":"y","origin":[8.0,8.285714,9.428572]},"faces":{"east":{"uv":[5.625,6.75,5.875,7.0],"rotation":0,"texture":"#0","tintindex":0},"south":{"uv":[6.5,3.125,7.0,3.375],"rotation":0,"texture":"#0","tintindex":0},"north":{"uv":[6.5,2.75,7.0,3.0],"rotation":0,"texture":"#0","tintindex":0},"west":{"uv":[6.0,6.75,6.25,7.0],"rotation":0,"texture":"#0","tintindex":0},"up":{"uv":[7.125,0.25,6.625,0.0],"rotation":0,"texture":"#0","tintindex":0},"down":{"uv":[7.125,0.375,6.625,0.625],"rotation":0,"texture":"#0","tintindex":0}}}],"textures":{"0":"modelengine:entity/nocsy_mount_moth_baby"},"display":{"head":{"translation":[0.0,-6.4,0.0],"scale":[4.0,4.0,4.0]}}}