{"elements":[{"from":[5.714286,9.555397,2.1111202],"to":[10.285714,12.41254,6.6825495],"rotation":{"angle":-22.5,"axis":"x","origin":[8.0,7.5553975,4.396835]},"faces":{"east":{"uv":[4.1875,7.8125,3.6875,8.125],"rotation":0,"texture":"#0","tintindex":0},"south":{"uv":[3.625,7.8125,3.125,8.125],"rotation":0,"texture":"#0","tintindex":0},"north":{"uv":[4.75,7.875,4.25,8.1875],"rotation":0,"texture":"#0","tintindex":0},"west":{"uv":[8.375,5.125,7.875,5.4375],"rotation":0,"texture":"#0","tintindex":0},"up":{"uv":[7.6875,2.4375,7.1875,2.9375],"rotation":0,"texture":"#0","tintindex":0},"down":{"uv":[5.4375,7.6875,4.9375,7.1875],"rotation":0,"texture":"#0","tintindex":0}}},{"from":[5.72,10.484047,0.37497425],"to":[10.280001,12.186903,2.0778308],"rotation":{"angle":45.0,"axis":"x","origin":[8.285714,10.764047,1.2264028]},"faces":{"east":{"uv":[5.875,4.125,5.6875,4.3125],"rotation":0,"texture":"#0","tintindex":0},"south":{"uv":[8.8125,3.125,8.3125,3.3125],"rotation":0,"texture":"#0","tintindex":0},"north":{"uv":[8.875,3.375,8.375,3.5625],"rotation":0,"texture":"#0","tintindex":0},"west":{"uv":[5.875,4.375,5.6875,4.5625],"rotation":0,"texture":"#0","tintindex":0},"up":{"uv":[8.875,3.625,8.375,3.8125],"rotation":0,"texture":"#0","tintindex":0},"down":{"uv":[8.875,6.0,8.375,5.8125],"rotation":0,"texture":"#0","tintindex":0}}},{"from":[9.115217,12.06609,3.3302817],"to":[11.389503,13.768946,6.7474246],"rotation":{"angle":22.5,"axis":"y","origin":[11.338075,12.060375,5.6102815]},"faces":{"east":{"uv":[9.3125,8.4375,8.9375,8.625],"rotation":0,"texture":"#0","tintindex":0},"south":{"uv":[5.5,9.1875,5.25,9.375],"rotation":0,"texture":"#0","tintindex":0},"north":{"uv":[9.4375,6.3125,9.1875,6.5],"rotation":0,"texture":"#0","tintindex":0},"west":{"uv":[9.3125,8.6875,8.9375,8.875],"rotation":0,"texture":"#0","tintindex":0},"up":{"uv":[8.6875,0.25,8.4375,0.625],"rotation":0,"texture":"#0","tintindex":0},"down":{"uv":[8.6875,1.625,8.4375,1.25],"rotation":0,"texture":"#0","tintindex":0}}},{"from":[11.415794,6.9118032,4.4645505],"to":[11.415794,15.4832325,13.035979],"rotation":{"angle":22.5,"axis":"y","origin":[11.33008,10.911803,5.6074076]},"faces":{"east":{"uv":[3.6875,1.0,2.75,1.9375],"rotation":0,"texture":"#0","tintindex":0},"south":{"uv":[6.1875,9.3125,6.1875,10.25],"rotation":0,"texture":"#0","tintindex":0},"north":{"uv":[6.25,9.3125,6.25,10.25],"rotation":0,"texture":"#0","tintindex":0},"west":{"uv":[2.75,1.0,3.6875,1.9375],"rotation":0,"texture":"#0","tintindex":0},"up":{"uv":[6.3125,9.3125,6.3125,10.25],"rotation":0,"texture":"#0","tintindex":0},"down":{"uv":[6.375,10.25,6.375,9.3125],"rotation":0,"texture":"#0","tintindex":0}}},{"from":[4.584205,6.9118032,4.4645505],"to":[4.584205,15.4832325,13.035979],"rotation":{"angle":-22.5,"axis":"y","origin":[4.6699195,10.911803,5.6074076]},"faces":{"east":{"uv":[3.6875,1.0,2.75,1.9375],"rotation":0,"texture":"#0","tintindex":0},"south":{"uv":[6.1875,9.3125,6.1875,10.25],"rotation":0,"texture":"#0","tintindex":0},"north":{"uv":[6.25,9.3125,6.25,10.25],"rotation":0,"texture":"#0","tintindex":0},"west":{"uv":[2.75,1.0,3.6875,1.9375],"rotation":0,"texture":"#0","tintindex":0},"up":{"uv":[6.3125,9.3125,6.3125,10.25],"rotation":0,"texture":"#0","tintindex":0},"down":{"uv":[6.375,10.25,6.375,9.3125],"rotation":0,"texture":"#0","tintindex":0}}},{"from":[11.21243,7.488946,5.955398],"to":[11.21243,16.060375,15.669683],"rotation":{"angle":-22.5,"axis":"x","origin":[12.41243,10.6318035,11.041113]},"faces":{"east":{"uv":[3.6875,0.0,2.625,0.9375],"rotation":0,"texture":"#0","tintindex":0},"south":{"uv":[6.4375,9.3125,6.4375,10.25],"rotation":0,"texture":"#0","tintindex":0},"north":{"uv":[7.6875,9.3125,7.6875,10.25],"rotation":0,"texture":"#0","tintindex":0},"west":{"uv":[2.625,0.0,3.6875,0.9375],"rotation":0,"texture":"#0","tintindex":0},"up":{"uv":[7.75,9.3125,7.75,10.375],"rotation":0,"texture":"#0","tintindex":0},"down":{"uv":[7.8125,10.375,7.8125,9.3125],"rotation":0,"texture":"#0","tintindex":0}}},{"from":[4.78757,7.488946,5.955398],"to":[4.78757,16.060375,15.669683],"rotation":{"angle":-22.5,"axis":"x","origin":[3.5875702,10.6318035,11.041113]},"faces":{"east":{"uv":[3.6875,0.0,2.625,0.9375],"rotation":0,"texture":"#0","tintindex":0},"south":{"uv":[6.4375,9.3125,6.4375,10.25],"rotation":0,"texture":"#0","tintindex":0},"north":{"uv":[7.6875,9.3125,7.6875,10.25],"rotation":0,"texture":"#0","tintindex":0},"west":{"uv":[2.625,0.0,3.6875,0.9375],"rotation":0,"texture":"#0","tintindex":0},"up":{"uv":[7.75,9.3125,7.75,10.375],"rotation":0,"texture":"#0","tintindex":0},"down":{"uv":[7.8125,10.375,7.8125,9.3125],"rotation":0,"texture":"#0","tintindex":0}}},{"from":[9.123917,10.934661,5.0883026],"to":[11.398203,12.06609,6.7911596],"rotation":{"angle":22.5,"axis":"y","origin":[11.232489,12.071804,5.654017]},"faces":{"east":{"uv":[8.375,0.25,8.1875,0.375],"rotation":0,"texture":"#0","tintindex":0},"south":{"uv":[9.5,1.75,9.25,1.875],"rotation":0,"texture":"#0","tintindex":0},"north":{"uv":[9.5,4.3125,9.25,4.4375],"rotation":0,"texture":"#0","tintindex":0},"west":{"uv":[8.9375,0.5,8.75,0.625],"rotation":0,"texture":"#0","tintindex":0},"up":{"uv":[9.4375,6.5625,9.1875,6.75],"rotation":0,"texture":"#0","tintindex":0},"down":{"uv":[9.4375,7.0,9.1875,6.8125],"rotation":0,"texture":"#0","tintindex":0}}},{"from":[9.110737,9.220375,3.3652096],"to":[11.396451,10.93466,6.7937813],"rotation":{"angle":22.5,"axis":"y","origin":[11.225022,12.0775175,5.650924]},"faces":{"east":{"uv":[9.3125,8.9375,8.9375,9.125],"rotation":0,"texture":"#0","tintindex":0},"south":{"uv":[9.4375,7.0625,9.1875,7.25],"rotation":0,"texture":"#0","tintindex":0},"north":{"uv":[7.375,9.1875,7.125,9.375],"rotation":0,"texture":"#0","tintindex":0},"west":{"uv":[9.375,0.5,9.0,0.6875],"rotation":0,"texture":"#0","tintindex":0},"up":{"uv":[8.6875,1.6875,8.4375,2.0625],"rotation":0,"texture":"#0","tintindex":0},"down":{"uv":[4.3125,8.875,4.0625,8.5],"rotation":0,"texture":"#0","tintindex":0}}},{"from":[9.119543,7.5175176,3.3634582],"to":[11.393829,9.220375,6.780601],"rotation":{"angle":22.5,"axis":"y","origin":[11.228115,12.083232,5.6434584]},"faces":{"east":{"uv":[9.375,3.8125,9.0,4.0],"rotation":0,"texture":"#0","tintindex":0},"south":{"uv":[9.125,9.1875,8.875,9.375],"rotation":0,"texture":"#0","tintindex":0},"north":{"uv":[9.4375,9.1875,9.1875,9.375],"rotation":0,"texture":"#0","tintindex":0},"west":{"uv":[9.375,5.4375,9.0,5.625],"rotation":0,"texture":"#0","tintindex":0},"up":{"uv":[4.625,8.5,4.375,8.875],"rotation":0,"texture":"#0","tintindex":0},"down":{"uv":[4.9375,8.875,4.6875,8.5],"rotation":0,"texture":"#0","tintindex":0}}},{"from":[4.6104975,12.06609,3.3302817],"to":[6.884783,13.768946,6.7474246],"rotation":{"angle":-22.5,"axis":"y","origin":[4.6619253,12.060375,5.6102815]},"faces":{"east":{"uv":[8.9375,8.6875,9.3125,8.875],"rotation":0,"texture":"#0","tintindex":0},"south":{"uv":[5.25,9.1875,5.5,9.375],"rotation":0,"texture":"#0","tintindex":0},"north":{"uv":[9.1875,6.3125,9.4375,6.5],"rotation":0,"texture":"#0","tintindex":0},"west":{"uv":[8.9375,8.4375,9.3125,8.625],"rotation":0,"texture":"#0","tintindex":0},"up":{"uv":[8.4375,0.25,8.6875,0.625],"rotation":0,"texture":"#0","tintindex":0},"down":{"uv":[8.4375,1.625,8.6875,1.25],"rotation":0,"texture":"#0","tintindex":0}}},{"from":[4.603549,9.220375,3.3652096],"to":[6.8892636,10.93466,6.7937813],"rotation":{"angle":-22.5,"axis":"y","origin":[4.7749777,12.0775175,5.650924]},"faces":{"east":{"uv":[9.0,0.5,9.375,0.6875],"rotation":0,"texture":"#0","tintindex":0},"south":{"uv":[9.1875,7.0625,9.4375,7.25],"rotation":0,"texture":"#0","tintindex":0},"north":{"uv":[7.125,9.1875,7.375,9.375],"rotation":0,"texture":"#0","tintindex":0},"west":{"uv":[8.9375,8.9375,9.3125,9.125],"rotation":0,"texture":"#0","tintindex":0},"up":{"uv":[8.4375,1.6875,8.6875,2.0625],"rotation":0,"texture":"#0","tintindex":0},"down":{"uv":[4.0625,8.875,4.3125,8.5],"rotation":0,"texture":"#0","tintindex":0}}},{"from":[4.606171,7.5175176,3.3634582],