{"elements":[{"from":[6.4716434,3.1644063,4.6713133],"to":[10.471643,8.878693,9.242743],"rotation":{"angle":0.0,"axis":"y","origin":[3.9002147,5.164407,10.957027]},"faces":{"east":{"uv":[5.4375,6.5,4.9375,7.125],"rotation":0,"texture":"#0","tintindex":0},"south":{"uv":[7.5625,4.625,7.125,5.25],"rotation":0,"texture":"#0","tintindex":0},"north":{"uv":[7.5625,5.3125,7.125,5.9375],"rotation":0,"texture":"#0","tintindex":0},"west":{"uv":[3.25,6.5625,2.75,7.1875],"rotation":0,"texture":"#0","tintindex":0},"up":{"uv":[7.6875,3.5625,7.25,4.0625],"rotation":0,"texture":"#0","tintindex":0},"down":{"uv":[4.25,7.75,3.8125,7.25],"rotation":0,"texture":"#0","tintindex":0}}}],"textures":{"0":"modelengine:entity/nocsy_mount_lizard"},"display":{"head":{"translation":[0.0,-6.4,0.0],"scale":[4.0,4.0,4.0]}}}