{"elements":[{"from":[5.822459,3.0613008,6.242852],"to":[10.3938875,8.775587,10.8142805],"rotation":{"angle":0.0,"axis":"y","origin":[7.5367446,4.7755866,9.671424]},"faces":{"east":{"uv":[7.0625,5.4375,6.5625,6.0625],"rotation":0,"texture":"#0","tintindex":0},"south":{"uv":[7.0625,4.75,6.5625,5.375],"rotation":0,"texture":"#0","tintindex":0},"north":{"uv":[7.0625,6.125,6.5625,6.75],"rotation":0,"texture":"#0","tintindex":0},"west":{"uv":[7.125,0.0,6.625,0.625],"rotation":0,"texture":"#0","tintindex":0},"up":{"uv":[7.5625,7.1875,7.0625,7.6875],"rotation":0,"texture":"#0","tintindex":0},"down":{"uv":[3.1875,7.75,2.6875,7.25],"rotation":0,"texture":"#0","tintindex":0}}}],"textures":{"0":"modelengine:entity/nocsy_mount_lizard"},"display":{"head":{"translation":[0.0,-6.4,0.0],"scale":[4.0,4.0,4.0]}}}