{"elements":[{"from":[9.3044815,7.142857,3.6189113],"to":[11.590196,8.857143,7.6189117],"rotation":{"angle":-45.0,"axis":"y","origin":[9.818768,8.0,5.6189113]},"faces":{"east":{"uv":[9.125,6.625,8.6875,6.8125],"rotation":0,"texture":"#0","tintindex":0},"south":{"uv":[9.5,1.0,9.25,1.1875],"rotation":0,"texture":"#0","tintindex":0},"north":{"uv":[1.4375,9.25,1.1875,9.4375],"rotation":0,"texture":"#0","tintindex":0},"west":{"uv":[9.125,6.875,8.6875,7.0625],"rotation":0,"texture":"#0","tintindex":0},"up":{"uv":[8.375,1.25,8.125,1.6875],"rotation":0,"texture":"#0","tintindex":0},"down":{"uv":[1.9375,8.5625,1.6875,8.125],"rotation":0,"texture":"#0","tintindex":0}}},{"from":[10.447339,7.142857,2.4760542],"to":[10.447339,9.428572,5.333197],"rotation":{"angle":-45.0,"axis":"y","origin":[9.818768,8.0,5.6189113]},"faces":{"east":{"uv":[0.9375,8.9375,0.625,9.1875],"rotation":0,"texture":"#0","tintindex":0},"south":{"uv":[9.375,5.6875,9.375,5.9375],"rotation":0,"texture":"#0","tintindex":0},"north":{"uv":[6.6875,9.375,6.6875,9.625],"rotation":0,"texture":"#0","tintindex":0},"west":{"uv":[0.625,8.9375,0.9375,9.1875],"rotation":0,"texture":"#0","tintindex":0},"up":{"uv":[6.75,9.375,6.75,9.6875],"rotation":0,"texture":"#0","tintindex":0},"down":{"uv":[6.8125,9.6875,6.8125,9.375],"rotation":0,"texture":"#0","tintindex":0}}},{"from":[2.6673794,7.142857,9.500565],"to":[4.9530935,8.857143,13.500566],"rotation":{"angle":45.0,"axis":"y","origin":[-1.2754784,8.0,5.2148504]},"faces":{"east":{"uv":[9.1875,0.25,8.75,0.4375],"rotation":0,"texture":"#0","tintindex":0},"south":{"uv":[9.5,1.25,9.25,1.4375],"rotation":0,"texture":"#0","tintindex":0},"north":{"uv":[9.5,1.5,9.25,1.6875],"rotation":0,"texture":"#0","tintindex":0},"west":{"uv":[9.1875,1.1875,8.75,1.375],"rotation":0,"texture":"#0","tintindex":0},"up":{"uv":[8.375,1.75,8.125,2.1875],"rotation":0,"texture":"#0","tintindex":0},"down":{"uv":[2.25,8.5625,2.0,8.125],"rotation":0,"texture":"#0","tintindex":0}}},{"from":[4.153094,7.142857,8.357708],"to":[4.153094,9.428572,10.643422],"rotation":{"angle":45.0,"axis":"y","origin":[-1.2754784,8.0,5.2148504]},"faces":{"east":{"uv":[6.4375,9.0,6.1875,9.25],"rotation":0,"texture":"#0","tintindex":0},"south":{"uv":[6.875,9.375,6.875,9.625],"rotation":0,"texture":"#0","tintindex":0},"north":{"uv":[6.9375,9.375,6.9375,9.625],"rotation":0,"texture":"#0","tintindex":0},"west":{"uv":[6.1875,9.0,6.4375,9.25],"rotation":0,"texture":"#0","tintindex":0},"up":{"uv":[7.0,9.375,7.0,9.625],"rotation":0,"texture":"#0","tintindex":0},"down":{"uv":[7.0625,9.625,7.0625,9.375],"rotation":0,"texture":"#0","tintindex":0}}},{"from":[7.365714,7.1371427,3.1371427],"to":[9.662857,8.862857,8.291429],"rotation":{"angle":0.0,"axis":"y","origin":[-1.1428576,8.0,5.714286]},"faces":{"east":{"uv":[8.8125,7.625,8.25,7.8125],"rotation":0,"texture":"#0","tintindex":0},"south":{"uv":[2.5625,9.25,2.3125,9.4375],"rotation":0,"texture":"#0","tintindex":0},"north":{"uv":[2.875,9.25,2.625,9.4375],"rotation":0,"texture":"#0","tintindex":0},"west":{"uv":[8.8125,7.875,8.25,8.0625],"rotation":0,"texture":"#0","tintindex":0},"up":{"uv":[8.1875,7.625,7.9375,8.1875],"rotation":0,"texture":"#0","tintindex":0},"down":{"uv":[1.625,8.5625,1.375,8.0],"rotation":0,"texture":"#0","tintindex":0}}},{"from":[8.514286,7.142857,1.9999995],"to":[8.514286,9.428572,4.8571424],"rotation":{"angle":0.0,"axis":"y","origin":[-1.1428576,8.0,5.714286]},"faces":{"east":{"uv":[3.125,8.9375,2.8125,9.1875],"rotation":0,"texture":"#0","tintindex":0},"south":{"uv":[9.375,7.5625,9.375,7.8125],"rotation":0,"texture":"#0","tintindex":0},"north":{"uv":[9.375,8.3125,9.375,8.5625],"rotation":0,"texture":"#0","tintindex":0},"west":{"uv":[2.8125,8.9375,3.125,9.1875],"rotation":0,"texture":"#0","tintindex":0},"up":{"uv":[8.5625,9.375,8.5625,9.6875],"rotation":0,"texture":"#0","tintindex":0},"down":{"uv":[8.625,9.6875,8.625,9.375],"rotation":0,"texture":"#0","tintindex":0}}}],"textures":{"0":"modelengine:entity/nocsy_mount_lizard"},"display":{"head":{"translation":[0.0,-6.4,0.0],"scale":[4.0,4.0,4.0]}}}