{"elements":[{"from":[4.8571424,8.028314,7.965525],"to":[11.142858,14.885457,14.25124],"rotation":{"angle":-22.5,"axis":"x","origin":[8.0,8.218677,8.127932]},"faces":{"east":{"uv":[0.6875,4.6875,0.0,5.4375],"rotation":0,"texture":"#0","tintindex":0},"south":{"uv":[2.9375,4.5625,2.25,5.3125],"rotation":0,"texture":"#0","tintindex":0},"north":{"uv":[3.6875,4.75,3.0,5.5],"rotation":0,"texture":"#0","tintindex":0},"west":{"uv":[0.0,4.6875,0.6875,5.4375],"rotation":0,"texture":"#0","tintindex":0},"up":{"uv":[5.9375,0.0,5.25,0.6875],"rotation":0,"texture":"#0","tintindex":0},"down":{"uv":[5.9375,1.4375,5.25,0.75],"rotation":0,"texture":"#0","tintindex":0}}},{"from":[5.4342856,15.255812,3.8779497],"to":[10.565714,16.958668,9.009378],"rotation":{"angle":-22.5,"axis":"x","origin":[8.0,18.678669,7.0150924]},"faces":{"east":{"uv":[5.0625,1.75,4.5,1.9375],"rotation":0,"texture":"#0","tintindex":0},"south":{"uv":[4.9375,3.75,4.375,3.9375],"rotation":0,"texture":"#0","tintindex":0},"north":{"uv":[5.8125,1.5,5.25,1.6875],"rotation":0,"texture":"#0","tintindex":0},"west":{"uv":[8.6875,6.125,8.125,6.3125],"rotation":0,"texture":"#0","tintindex":0},"up":{"uv":[6.5,6.25,5.9375,6.8125],"rotation":0,"texture":"#0","tintindex":0},"down":{"uv":[7.0625,1.3125,6.5,0.75],"rotation":0,"texture":"#0","tintindex":0}}}],"textures":{"0":"modelengine:entity/nocsy_mount_lizard"},"display":{"head":{"translation":[0.0,-6.4,0.0],"scale":[4.0,4.0,4.0]}}}