{"elements":[{"from":[5.6061125,3.0613008,6.242852],"to":[10.177541,8.775587,10.8142805],"rotation":{"angle":0.0,"axis":"y","origin":[8.463255,4.7755866,9.671424]},"faces":{"east":{"uv":[6.625,0.0,7.125,0.625],"rotation":0,"texture":"#0","tintindex":0},"south":{"uv":[6.5625,4.75,7.0625,5.375],"rotation":0,"texture":"#0","tintindex":0},"north":{"uv":[6.5625,6.125,7.0625,6.75],"rotation":0,"texture":"#0","tintindex":0},"west":{"uv":[6.5625,5.4375,7.0625,6.0625],"rotation":0,"texture":"#0","tintindex":0},"up":{"uv":[7.0625,7.1875,7.5625,7.6875],"rotation":0,"texture":"#0","tintindex":0},"down":{"uv":[2.6875,7.75,3.1875,7.25],"rotation":0,"texture":"#0","tintindex":0}}}],"textures":{"0":"modelengine:entity/nocsy_mount_lizard"},"display":{"head":{"translation":[0.0,-6.4,0.0],"scale":[4.0,4.0,4.0]}}}