{"elements":[{"from":[5.5283566,3.1644063,4.6713133],"to":[9.528357,8.878693,9.242743],"rotation":{"angle":0.0,"axis":"y","origin":[12.099785,5.164407,10.957027]},"faces":{"east":{"uv":[2.75,6.5625,3.25,7.1875],"rotation":0,"texture":"#0","tintindex":0},"south":{"uv":[7.125,4.625,7.5625,5.25],"rotation":0,"texture":"#0","tintindex":0},"north":{"uv":[7.125,5.3125,7.5625,5.9375],"rotation":0,"texture":"#0","tintindex":0},"west":{"uv":[4.9375,6.5,5.4375,7.125],"rotation":0,"texture":"#0","tintindex":0},"up":{"uv":[7.25,3.5625,7.6875,4.0625],"rotation":0,"texture":"#0","tintindex":0},"down":{"uv":[3.8125,7.75,4.25,7.25],"rotation":0,"texture":"#0","tintindex":0}}}],"textures":{"0":"modelengine:entity/nocsy_mount_lizard"},"display":{"head":{"translation":[0.0,-6.4,0.0],"scale":[4.0,4.0,4.0]}}}