{"elements":[{"from":[4.4098043,7.142857,3.6189113],"to":[6.6955185,8.857143,7.6189117],"rotation":{"angle":45.0,"axis":"y","origin":[6.181233,8.0,5.6189113]},"faces":{"east":{"uv":[8.6875,6.875,9.125,7.0625],"rotation":0,"texture":"#0","tintindex":0},"south":{"uv":[9.25,1.0,9.5,1.1875],"rotation":0,"texture":"#0","tintindex":0},"north":{"uv":[1.1875,9.25,1.4375,9.4375],"rotation":0,"texture":"#0","tintindex":0},"west":{"uv":[8.6875,6.625,9.125,6.8125],"rotation":0,"texture":"#0","tintindex":0},"up":{"uv":[8.125,1.25,8.375,1.6875],"rotation":0,"texture":"#0","tintindex":0},"down":{"uv":[1.6875,8.5625,1.9375,8.125],"rotation":0,"texture":"#0","tintindex":0}}},{"from":[5.552661,7.142857,2.4760542],"to":[5.552661,9.428572,5.333197],"rotation":{"angle":45.0,"axis":"y","origin":[6.181233,8.0,5.6189113]},"faces":{"east":{"uv":[0.9375,8.9375,0.625,9.1875],"rotation":0,"texture":"#0","tintindex":0},"south":{"uv":[9.375,5.6875,9.375,5.9375],"rotation":0,"texture":"#0","tintindex":0},"north":{"uv":[6.6875,9.375,6.6875,9.625],"rotation":0,"texture":"#0","tintindex":0},"west":{"uv":[0.625,8.9375,0.9375,9.1875],"rotation":0,"texture":"#0","tintindex":0},"up":{"uv":[6.75,9.375,6.75,9.6875],"rotation":0,"texture":"#0","tintindex":0},"down":{"uv":[6.8125,9.6875,6.8125,9.375],"rotation":0,"texture":"#0","tintindex":0}}},{"from":[11.046906,7.142857,9.500565],"to":[13.332621,8.857143,13.500566],"rotation":{"angle":-45.0,"axis":"y","origin":[17.275478,8.0,5.2148504]},"faces":{"east":{"uv":[8.75,1.1875,9.1875,1.375],"rotation":0,"texture":"#0","tintindex":0},"south":{"uv":[9.25,1.25,9.5,1.4375],"rotation":0,"texture":"#0","tintindex":0},"north":{"uv":[9.25,1.5,9.5,1.6875],"rotation":0,"texture":"#0","tintindex":0},"west":{"uv":[8.75,0.25,9.1875,0.4375],"rotation":0,"texture":"#0","tintindex":0},"up":{"uv":[8.125,1.75,8.375,2.1875],"rotation":0,"texture":"#0","tintindex":0},"down":{"uv":[2.0,8.5625,2.25,8.125],"rotation":0,"texture":"#0","tintindex":0}}},{"from":[11.846907,7.142857,8.357708],"to":[11.846907,9.428572,10.643422],"rotation":{"angle":-45.0,"axis":"y","origin":[17.275478,8.0,5.2148504]},"faces":{"east":{"uv":[6.4375,9.0,6.1875,9.25],"rotation":0,"texture":"#0","tintindex":0},"south":{"uv":[6.875,9.375,6.875,9.625],"rotation":0,"texture":"#0","tintindex":0},"north":{"uv":[6.9375,9.375,6.9375,9.625],"rotation":0,"texture":"#0","tintindex":0},"west":{"uv":[6.1875,9.0,6.4375,9.25],"rotation":0,"texture":"#0","tintindex":0},"up":{"uv":[7.0,9.375,7.0,9.625],"rotation":0,"texture":"#0","tintindex":0},"down":{"uv":[7.0625,9.625,7.0625,9.375],"rotation":0,"texture":"#0","tintindex":0}}},{"from":[6.337143,7.1371427,3.1371427],"to":[8.634286,8.862857,8.291429],"rotation":{"angle":0.0,"axis":"y","origin":[17.142857,8.0,5.714286]},"faces":{"east":{"uv":[8.25,7.875,8.8125,8.0625],"rotation":0,"texture":"#0","tintindex":0},"south":{"uv":[2.3125,9.25,2.5625,9.4375],"rotation":0,"texture":"#0","tintindex":0},"north":{"uv":[2.625,9.25,2.875,9.4375],"rotation":0,"texture":"#0","tintindex":0},"west":{"uv":[8.25,7.625,8.8125,7.8125],"rotation":0,"texture":"#0","tintindex":0},"up":{"uv":[7.9375,7.625,8.1875,8.1875],"rotation":0,"texture":"#0","tintindex":0},"down":{"uv":[1.375,8.5625,1.625,8.0],"rotation":0,"texture":"#0","tintindex":0}}},{"from":[7.4857144,7.142857,1.9999995],"to":[7.4857144,9.428572,4.8571424],"rotation":{"angle":0.0,"axis":"y","origin":[17.142857,8.0,5.714286]},"faces":{"east":{"uv":[3.125,8.9375,2.8125,9.1875],"rotation":0,"texture":"#0","tintindex":0},"south":{"uv":[9.375,7.5625,9.375,7.8125],"rotation":0,"texture":"#0","tintindex":0},"north":{"uv":[9.375,8.3125,9.375,8.5625],"rotation":0,"texture":"#0","tintindex":0},"west":{"uv":[2.8125,8.9375,3.125,9.1875],"rotation":0,"texture":"#0","tintindex":0},"up":{"uv":[8.5625,9.375,8.5625,9.6875],"rotation":0,"texture":"#0","tintindex":0},"down":{"uv":[8.625,9.6875,8.625,9.375],"rotation":0,"texture":"#0","tintindex":0}}}],"textures":{"0":"modelengine:entity/nocsy_mount_lizard"},"display":{"head":{"translation":[0.0,-6.4,0.0],"scale":[4.0,4.0,4.0]}}}