{"elements":[{"from":[6.4560127,6.1649103,6.074688],"to":[9.884584,8.450624,9.50326],"rotation":{"angle":22.5,"axis":"x","origin":[8.193967,7.486866,8.208906]},"faces":{"east":{"uv":[8.4375,5.125,8.8125,5.375],"rotation":0,"texture":"#0","tintindex":0},"south":{"uv":[6.1875,2.5625,6.5625,2.8125],"rotation":0,"texture":"#0","tintindex":0},"north":{"uv":[8.4375,4.3125,8.8125,4.5625],"rotation":0,"texture":"#0","tintindex":0},"west":{"uv":[8.375,7.25,8.75,7.5],"rotation":0,"texture":"#0","tintindex":0},"up":{"uv":[5.75,7.875,6.125,8.25],"rotation":0,"texture":"#0","tintindex":0},"down":{"uv":[0.375,8.3125,0.75,7.9375],"rotation":0,"texture":"#0","tintindex":0}}},{"from":[7.0573955,5.380548,4.1066494],"to":[9.330539,7.0822625,8.094078],"rotation":{"angle":0.0,"axis":"y","origin":[12.136825,13.659977,11.643221]},"faces":{"east":{"uv":[3.0,8.6875,3.4375,8.875],"rotation":0,"texture":"#0","tintindex":0},"south":{"uv":[9.25,0.0,9.5,0.1875],"rotation":0,"texture":"#0","tintindex":0},"north":{"uv":[9.25,0.25,9.5,0.4375],"rotation":0,"texture":"#0","tintindex":0},"west":{"uv":[2.5,8.6875,2.9375,8.875],"rotation":0,"texture":"#0","tintindex":0},"up":{"uv":[6.5,8.0625,6.75,8.5],"rotation":0,"texture":"#0","tintindex":0},"down":{"uv":[8.0625,7.0,8.3125,6.5625],"rotation":0,"texture":"#0","tintindex":0}}},{"from":[8.193967,5.3742623,2.3860774],"to":[8.193967,7.659977,5.243221],"rotation":{"angle":0.0,"axis":"y","origin":[12.136825,13.659977,11.643221]},"faces":{"east":{"uv":[3.3125,3.6875,3.0,3.9375],"rotation":0,"texture":"#0","tintindex":0},"south":{"uv":[5.875,6.5,5.875,6.75],"rotation":0,"texture":"#0","tintindex":0},"north":{"uv":[6.625,3.25,6.625,3.5],"rotation":0,"texture":"#0","tintindex":0},"west":{"uv":[3.0,3.6875,3.3125,3.9375],"rotation":0,"texture":"#0","tintindex":0},"up":{"uv":[4.8125,7.3125,4.8125,7.625],"rotation":0,"texture":"#0","tintindex":0},"down":{"uv":[4.875,7.625,4.875,7.3125],"rotation":0,"texture":"#0","tintindex":0}}},{"from":[6.4853954,5.3799767,7.5346494],"to":[9.902538,7.082834,9.237507],"rotation":{"angle":0.0,"axis":"y","origin":[12.136825,13.659977,11.643221]},"faces":{"east":{"uv":[2.75,6.0625,2.9375,6.25],"rotation":0,"texture":"#0","tintindex":0},"south":{"uv":[5.75,9.0,6.125,9.1875],"rotation":0,"texture":"#0","tintindex":0},"north":{"uv":[9.0,8.0625,9.375,8.25],"rotation":0,"texture":"#0","tintindex":0},"west":{"uv":[2.0,5.8125,2.1875,6.0],"rotation":0,"texture":"#0","tintindex":0},"up":{"uv":[4.8125,9.0625,5.1875,9.25],"rotation":0,"texture":"#0","tintindex":0},"down":{"uv":[7.6875,9.25,8.0625,9.0625],"rotation":0,"texture":"#0","tintindex":0}}},{"from":[5.473033,5.3742623,4.831603],"to":[7.187319,7.088548,9.403032],"rotation":{"angle":22.5,"axis":"y","origin":[5.8619213,6.51368,6.849887]},"faces":{"east":{"uv":[6.8125,8.5,7.3125,8.6875],"rotation":0,"texture":"#0","tintindex":0},"south":{"uv":[2.75,6.3125,2.9375,6.5],"rotation":0,"texture":"#0","tintindex":0},"north":{"uv":[1.875,7.0,2.0625,7.1875],"rotation":0,"texture":"#0","tintindex":0},"west":{"uv":[8.4375,0.6875,8.9375,0.875],"rotation":0,"texture":"#0","tintindex":0},"up":{"uv":[0.75,4.6875,0.9375,5.1875],"rotation":0,"texture":"#0","tintindex":0},"down":{"uv":[1.125,8.625,1.3125,8.125],"rotation":0,"texture":"#0","tintindex":0}}},{"from":[6.3873186,5.3742623,3.1173177],"to":[6.3873186,7.659977,5.9744606],"rotation":{"angle":22.5,"axis":"y","origin":[5.8619213,6.51368,6.849887]},"faces":{"east":{"uv":[8.5,8.75,8.1875,9.0],"rotation":0,"texture":"#0","tintindex":0},"south":{"uv":[7.0,1.375,7.0,1.625],"rotation":0,"texture":"#0","tintindex":0},"north":{"uv":[7.0625,1.375,7.0625,1.625],"rotation":0,"texture":"#0","tintindex":0},"west":{"uv":[8.1875,8.75,8.5,9.0],"rotation":0,"texture":"#0","tintindex":0},"up":{"uv":[2.625,7.375,2.625,7.6875],"rotation":0,"texture":"#0","tintindex":0},"down":{"uv":[0.375,7.8125,0.375,7.5],"rotation":0,"texture":"#0","tintindex":0}}},{"from":[9.74593,5.3742623,7.8044114],"to":[11.460215,7.088548,12.37584],"rotation":{"angle":-22.5,"axis":"y","origin":[18.271328,6.51368,6.9655523]},"faces":{"east":{"uv":[8.375,8.5,8.875,8.6875],"rotation":0,"texture":"#0","tintindex":0},"south":{"uv":[5.75,7.625,5.9375,7.8125],"rotation":0,"texture":"#0","tintindex":0},"north":{"uv":[6.25,8.6875,6.4375,8.875],"rotation":0,"texture":"#0","tintindex":0},"west":{"uv":[7.8125,8.5,8.3125,8.6875],"rotation":0,"texture":"#0","tintindex":0},"up":{"uv":[5.0,8.5,5.1875,9.0],"rotation":0,"texture":"#0","tintindex":0},"down":{"uv":[5.25,9.0,5.4375,8.5],"rotation":0,"texture":"#0","tintindex":0}}},{"from":[10.660215,5.3742623,6.0901256],"to":[10.660215,7.659977,8.9472685],"rotation":{"angle":-22.5,"axis":"y","origin":[18.271328,6.51368,6.9655523]},"faces":{"east":{"uv":[0.5625,8.8125,0.25,9.0625],"rotation":0,"texture":"#0","tintindex":0},"south":{"uv":[0.4375,7.5,0.4375,7.75],"rotation":0,"texture":"#0","tintindex":0},"north":{"uv":[6.8125,8.0625,6.8125,8.3125],"rotation":0,"texture":"#0","tintindex":0},"west":{"uv":[0.25,8.8125,0.5625,9.0625],"rotation":0,"texture":"#0","tintindex":0},"up":{"uv":[2.9375,8.25,2.9375,8.5625],"rotation":0,"texture":"#0","tintindex":0},"down":{"uv":[3.0,8.5625,3.0,8.25],"rotation":0,"texture":"#0","tintindex":0}}}],"textures":{"0":"modelengine:entity/nocsy_mount_lizard"},"display":{"head":{"translation":[0.0,-6.4,0.0],"scale":[4.0,4.0,4.0]}}}