{"elements":[{"from":[5.4342856,4.361243,9.07726],"to":[10.565714,9.492671,15.351545],"rotation":{"angle":-22.5,"axis":"x","origin":[8.571428,5.7840996,11.928689]},"faces":{"east":{"uv":[6.5625,2.875,5.875,3.4375],"rotation":0,"texture":"#0","tintindex":0},"south":{"uv":[3.3125,2.0,2.75,2.5625],"rotation":0,"texture":"#0","tintindex":0},"north":{"uv":[2.6875,6.0625,2.125,6.625],"rotation":0,"texture":"#0","tintindex":0},"west":{"uv":[5.875,2.875,6.5625,3.4375],"rotation":0,"texture":"#0","tintindex":0},"up":{"uv":[6.5,4.75,5.9375,5.4375],"rotation":0,"texture":"#0","tintindex":0},"down":{"uv":[6.5,6.1875,5.9375,5.5],"rotation":0,"texture":"#0","tintindex":0}}},{"from":[8.005714,9.5041,9.07726],"to":[7.9942856,15.778385,15.351545],"rotation":{"angle":-22.5,"axis":"x","origin":[6.0,5.7840996,11.928689]},"faces":{"east":{"uv":[5.8125,2.875,5.125,3.5625],"rotation":0,"texture":"#0","tintindex":0},"south":{"uv":[5.4375,7.75,5.4375,8.4375],"rotation":0,"texture":"#0","tintindex":0},"north":{"uv":[6.125,9.25,6.125,9.9375],"rotation":0,"texture":"#0","tintindex":0},"west":{"uv":[5.875,4.625,5.1875,5.3125],"rotation":0,"texture":"#0","tintindex":0},"up":{"uv":[9.3125,2.875,9.3125,3.5625],"rotation":0,"texture":"#0","tintindex":0},"down":{"uv":[4.8125,10.0,4.8125,9.3125],"rotation":0,"texture":"#0","tintindex":0}}}],"textures":{"0":"modelengine:entity/nocsy_mount_lizard"},"display":{"head":{"translation":[0.0,-6.4,0.0],"scale":[4.0,4.0,4.0]}}}