{"elements":[{"from":[4.862857,6.690637,7.006966],"to":[8.851429,10.679209,15.566966],"rotation":{"angle":-22.5,"axis":"x","origin":[8.0,7.3134947,12.14411]},"faces":{"east":{"uv":[0.9375,5.5,0.0,5.9375],"rotation":0,"texture":"#0","tintindex":0},"south":{"uv":[7.6875,4.125,7.25,4.5625],"rotation":0,"texture":"#0","tintindex":0},"north":{"uv":[6.8125,7.5625,6.375,8.0],"rotation":0,"texture":"#0","tintindex":0},"west":{"uv":[0.0,5.5,0.9375,5.9375],"rotation":0,"texture":"#0","tintindex":0},"up":{"uv":[3.4375,5.5625,3.0,6.5],"rotation":0,"texture":"#0","tintindex":0},"down":{"uv":[3.9375,6.5,3.5,5.5625],"rotation":0,"texture":"#0","tintindex":0}}},{"from":[6.862857,10.690638,6.4355373],"to":[6.8514285,15.250637,15.566966],"rotation":{"angle":-22.5,"axis":"x","origin":[10.0,7.3134947,12.14411]},"faces":{"east":{"uv":[6.125,1.75,5.125,2.25],"rotation":0,"texture":"#0","tintindex":0},"south":{"uv":[2.6875,6.6875,2.6875,7.1875],"rotation":0,"texture":"#0","tintindex":0},"north":{"uv":[6.375,6.875,6.375,7.375],"rotation":0,"texture":"#0","tintindex":0},"west":{"uv":[6.125,2.3125,5.125,2.8125],"rotation":0,"texture":"#0","tintindex":0},"up":{"uv":[4.875,9.3125,4.875,10.3125],"rotation":0,"texture":"#0","tintindex":0},"down":{"uv":[4.9375,10.3125,4.9375,9.3125],"rotation":0,"texture":"#0","tintindex":0}}}],"textures":{"0":"modelengine:entity/nocsy_mount_lizard"},"display":{"head":{"translation":[0.0,-6.4,0.0],"scale":[4.0,4.0,4.0]}}}