{"elements":[{"from":[7.1485715,6.431231,8.601091],"to":[8.851429,8.1340885,17.16109],"rotation":{"angle":-22.5,"axis":"x","origin":[10.285714,5.213985,5.7686763]},"faces":{"east":{"uv":[8.5625,4.625,7.625,4.8125],"rotation":0,"texture":"#0","tintindex":0},"south":{"uv":[0.9375,5.25,0.75,5.4375],"rotation":0,"texture":"#0","tintindex":0},"north":{"uv":[2.1875,5.5625,2.0,5.75],"rotation":0,"texture":"#0","tintindex":0},"west":{"uv":[7.625,4.625,8.5625,4.8125],"rotation":0,"texture":"#0","tintindex":0},"up":{"uv":[7.8125,5.125,7.625,6.0625],"rotation":0,"texture":"#0","tintindex":0},"down":{"uv":[5.6875,8.5625,5.5,7.625],"rotation":0,"texture":"#0","tintindex":0}}},{"from":[8.005714,8.145516,8.601091],"to":[7.9942856,10.991231,17.16109],"rotation":{"angle":-22.5,"axis":"x","origin":[9.428572,5.213985,5.7686763]},"faces":{"east":{"uv":[8.0625,0.6875,7.125,1.0],"rotation":0,"texture":"#0","tintindex":0},"south":{"uv":[2.625,1.0,2.625,1.3125],"rotation":0,"texture":"#0","tintindex":0},"north":{"uv":[2.6875,1.0,2.6875,1.3125],"rotation":0,"texture":"#0","tintindex":0},"west":{"uv":[8.0625,1.0625,7.125,1.375],"rotation":0,"texture":"#0","tintindex":0},"up":{"uv":[5.125,9.3125,5.125,10.25],"rotation":0,"texture":"#0","tintindex":0},"down":{"uv":[5.1875,10.25,5.1875,9.3125],"rotation":0,"texture":"#0","tintindex":0}}}],"textures":{"0":"modelengine:entity/nocsy_mount_lizard"},"display":{"head":{"translation":[0.0,-6.4,0.0],"scale":[4.0,4.0,4.0]}}}