{"elements":[{"from":[7.1485715,8.482352,8.422773],"to":[9.994286,11.328066,16.982773],"rotation":{"angle":-22.5,"axis":"x","origin":[10.285714,7.962352,13.5599165]},"faces":{"east":{"uv":[1.4375,7.0,0.5,7.3125],"rotation":0,"texture":"#0","tintindex":0},"south":{"uv":[5.8125,6.5,5.5,6.8125],"rotation":0,"texture":"#0","tintindex":0},"north":{"uv":[0.3125,8.25,0.0,8.5625],"rotation":0,"texture":"#0","tintindex":0},"west":{"uv":[0.5,7.0,1.4375,7.3125],"rotation":0,"texture":"#0","tintindex":0},"up":{"uv":[6.3125,6.875,6.0,7.8125],"rotation":0,"texture":"#0","tintindex":0},"down":{"uv":[1.8125,7.9375,1.5,7.0],"rotation":0,"texture":"#0","tintindex":0}}},{"from":[8.577143,11.339495,8.422773],"to":[8.565714,15.328066,16.982773],"rotation":{"angle":-22.5,"axis":"x","origin":[8.857143,7.962352,13.5599165]},"faces":{"east":{"uv":[4.9375,5.625,4.0,6.0625],"rotation":0,"texture":"#0","tintindex":0},"south":{"uv":[6.4375,6.875,6.4375,7.3125],"rotation":0,"texture":"#0","tintindex":0},"north":{"uv":[6.5,6.875,6.5,7.3125],"rotation":0,"texture":"#0","tintindex":0},"west":{"uv":[6.625,3.625,5.6875,4.0625],"rotation":0,"texture":"#0","tintindex":0},"up":{"uv":[5.0,9.3125,5.0,10.25],"rotation":0,"texture":"#0","tintindex":0},"down":{"uv":[5.0625,10.25,5.0625,9.3125],"rotation":0,"texture":"#0","tintindex":0}}}],"textures":{"0":"modelengine:entity/nocsy_mount_lizard"},"display":{"head":{"translation":[0.0,-6.4,0.0],"scale":[4.0,4.0,4.0]}}}